series	segment	frequency_cm_1	relative_absorption
Li+	1	60.053600000000003	0.052129079315727064
Li+	1	61.721800000000002	0.052314182469246504
Li+	1	63.390000000000001	0.052530864019192144
Li+	1	65.058099999999996	0.052762662886575842
Li+	1	66.726299999999995	0.052998157098222184
Li+	1	68.394400000000005	0.053231299727155949
Li+	1	70.062600000000003	0.053460075131052026
Li+	1	71.730699999999999	0.053684483309910457
Li+	1	73.398899999999998	0.053907547727218834
Li+	1	75.066999999999993	0.054132963727239795
Li+	1	76.735200000000006	0.054365434475398509
Li+	1	78.403400000000005	0.054609663137120179
Li+	1	80.0715	0.054870688818217495
Li+	1	81.739699999999999	0.055152878743728082
Li+	1	83.407799999999995	0.055460264198302127
Li+	1	85.075999999999993	0.055795532705039702
Li+	1	86.744100000000003	0.056160699906265911
Li+	1	88.412300000000002	0.0565571095635308
Li+	1	90.080500000000001	0.056985433557609377
Li+	1	91.748599999999996	0.057445335948114143
Li+	1	93.416799999999995	0.05793547297349505
Li+	1	95.084900000000005	0.058454500872202032
Li+	1	96.753100000000003	0.059000739942297535
Li+	1	98.421199999999999	0.059572174541456489
Li+	1	100.089	0.060167124967741327
Li+	1	101.758	0.060783911519214487
Li+	1	103.426	0.061420854493938394
Li+	1	105.09399999999999	0.062076946070750524
Li+	1	106.762	0.062752186249650885
Li+	1	108.43000000000001	0.063446239090251932
Li+	1	110.098	0.064159776473328725
Li+	1	111.76600000000001	0.064894142160431295
Li+	1	113.435	0.065650679913109702
Li+	1	115.10299999999999	0.066431069433301487
Li+	1	116.771	0.067237326363331754
Li+	1	118.43899999999999	0.068070122583975531
Li+	1	120.107	0.068930801856782839
Li+	1	121.77500000000001	0.06982070794330375
Li+	1	123.444	0.070739504903150743
Li+	1	125.11199999999999	0.071684505213223726
Li+	1	126.78	0.072654365111972624
Li+	1	128.44800000000001	0.073645725195522344
Li+	1	130.11600000000001	0.07465354635806018
Li+	1	131.78399999999999	0.075672789493773443
Li+	1	133.453	0.076698079556461934
Li+	1	135.12100000000001	0.07772135397682535
Li+	1	136.78899999999999	0.078737573649051013
Li+	1	138.45699999999999	0.079738004123063561
Li+	1	140.125	0.080716934412275315
Li+	1	141.79300000000001	0.081667645708936004
Li+	1	143.46100000000001	0.082586442668782997
Li+	1	145.13	0.08346727836484108
Li+	1	146.798	0.084308137154785148
Li+	1	148.46600000000001	0.085105659634740094
Li+	1	150.13399999999999	0.085858502043155857
Li+	1	151.80199999999999	0.086567336260807454
Li+	1	153.47	0.087231154466532373
Li+	1	155.13900000000001	0.087851636362268185
Li+	1	156.80699999999999	0.088430461649952399
Li+	1	158.47499999999999	0.088968638150747612
Li+	1	160.143	0.089468853387753899
Li+	1	161.81100000000001	0.089931779241746265
Li+	1	163.47900000000001	0.090359431355049841
Li+	1	165.148	0.090752145668052078
Li+	1	166.816	0.09111294564424062
Li+	1	168.48400000000001	0.091440487522065406
Li+	1	170.15199999999999	0.091735107241913971
Li+	1	171.81999999999999	0.091997812624948827
Li+	1	173.488	0.092227931790394957
Li+	1	175.15600000000001	0.092423785036314834
Li+	1	176.82499999999999	0.092586380183870928
Li+	1	178.49299999999999	0.092714037531125726
Li+	1	180.161	0.092808436780016768
Li+	1	181.82900000000001	0.092869241990156545
Li+	1	183.49700000000001	0.092898132863482641
Li+	1	185.16499999999999	0.092895781280770057
Li+	1	186.834	0.092865210705506407
Li+	1	188.50200000000001	0.092809108660791798
Li+	1	190.16999999999999	0.092732514252438933
Li+	1	191.83799999999999	0.092636771241997817
Li+	1	193.506	0.092528598437218765
Li+	1	195.17400000000001	0.092411355241976856
Li+	1	196.84200000000001	0.09228840106014724
Li+	1	198.511	0.092164439057155101
Li+	1	200.179	0.092042156756100516
Li+	1	201.84700000000001	0.091924241680083577
Li+	1	203.51499999999999	0.091811365709879342
Li+	1	205.18299999999999	0.091703864785875291
Li+	1	206.851	0.091603082669621499
Li+	1	208.52000000000001	0.091505659957242858
Li+	1	210.18799999999999	0.091410924767964308
Li+	1	211.85599999999999	0.091315853638298222
Li+	1	213.524	0.091219438747082118
Li+	1	215.19200000000001	0.091117984750053296
Li+	1	216.86000000000001	0.091009811945274244
Li+	1	218.529	0.090894248451969903
Li+	1	220.197	0.090768606747040195
Li+	1	221.86500000000001	0.090634230592035139
Li+	1	223.53299999999999	0.090491455927342271
Li+	1	225.20099999999999	0.090341962454899158
Li+	1	226.869	0.09018776581703089
Li+	1	228.53700000000001	0.090032561358000057
Li+	1	230.20599999999999	0.089879708481681822
Li+	1	231.874	0.089733574413113817
Li+	1	233.542	0.089599198258108789
Li+	1	235.21000000000001	0.089478595658991758
Li+	1	236.87799999999999	0.089378821363900504
Li+	1	238.54599999999999	0.089301891015160131
Li+	1	240.215	0.089251499957033228
Li+	1	241.88300000000001	0.089231007593394959
Li+	1	243.55099999999999	0.089242429566570372
Li+	1	245.21899999999999	0.089287781518884599
Li+	1	246.887	0.089368071271500107
Li+	1	248.55500000000001	0.08948195506286688
Li+	1	250.22300000000001	0.089631448535309993
Li+	1	251.892	0.089815207927279386
Li+	1	253.56	0.090032561358000057
Li+	1	255.22800000000001	0.090284180708246994
Li+	1	256.89600000000002	0.090569730037632704
Li+	1	258.56400000000002	0.090889209346157226
Li+	1	260.23200000000003	0.09124329051459551
Li+	1	261.90100000000001	0.091635332946822717
Li+	1	263.56900000000002	0.092065336642838863
Li+	1	265.23700000000002	0.092537668827681593
Li+	1	266.90499999999997	0.093054345143675998
Li+	1	268.57299999999998	0.09361973281585971
Li+	1	270.24099999999999	0.094237191248107921
Li+	1	271.91000000000003	0.094909072023133131
Li+	1	273.57799999999997	0.095639406425585549
Li+	1	275.24599999999998	0.096430210097790237
Li+	1	276.91399999999999	0.097282154920522224
Li+	1	278.58199999999999	0.098194904953393988
Li+	1	280.25	0.099169803957955577
Li+	1	281.91800000000001	0.1002038284707194
Li+	1	283.58699999999999	0.10129361908781033
Li+	1	285.255	0.10243514452457816
Li+	1	286.923	0.10362269379443526
Li+	1	288.59100000000001	0.10485189967234392
Li+	1	290.25900000000001	0.10611469958900382
Li+	1	291.92700000000002	0.10740471067705226
Li+	1	293.596	0.10871454224796391
Li+	1	295.26400000000001	0.11003781143437609
Li+	1	296.93200000000002	0.11136847130931356
Li+	1	298.60000000000002	0.11269980306502604
Li+	1	300.26799999999997	0.11402710353608837
Li+	1	301.93599999999998	0.11534835708017546
Li+	1	303.60500000000002	0.11666154805496229
Li+	1	305.27300000000002	0.1179649967585112
Li+	1	306.94099999999997	0.1192623985350849
Li+	1	308.60899999999998	0.12055610496739598
Li+	1	310.27699999999999	0.12185115516125709
Li+	1	311.94499999999999	0.12315426792441851
Li+	1	313.613	0.12447585740889312
Li+	1	315.28199999999998	0.12582465806475626
Li+	1	316.94999999999999	0.12721209186518337
Li+	1	318.61799999999999	0.12864924484296231
Li+	1	320.286	0.13014787491165608
Li+	1	321.95400000000001	0.13171973998482758
Li+	1	323.62200000000001	0.13337458233371471
Li+	1	325.291	0.13512180828916781
Li+	1	326.959	0.13697082418203724
Li+	1	328.62700000000001	0.13892532535658561
Li+	1	330.29500000000002	0.14099068685901314
Li+	1	331.96300000000002	0.14316724462970737
Li+	1	333.63099999999997	0.14545432678789325
Li+	1	335.29899999999998	0.14784958175085816
Li+	1	336.96800000000002	0.15034830635317695
Li+	1	338.63600000000002	0.15294411772748692
Li+	1	340.30399999999997	0.15562928924487521
Li+	1	341.97199999999998	0.15839575833604158
Li+	1	343.63999999999999	0.16123445461052313
Li+	1	345.30799999999999	0.16413731549901961
Li+	1	346.97699999999998	0.16709560655145569
Li+	1	348.64499999999998	0.17010092925814352
Li+	1	350.31299999999999	0.1731452210497828
Li+	1	351.98099999999999	0.17622209905901084
Li+	1	353.649	0.17932585229923986
Li+	1	355.31700000000001	0.1824490900819446
Li+	1	356.98599999999999	0.18558811706286243
Li+	1	358.654	0.18873520661308057
Li+	1	360.322	0.19188767120949896
Li+	1	361.99000000000001	0.19503744828281719
Li+	1	363.65800000000002	0.19818050654838518
Li+	1	365.32600000000002	0.20131046313884021
Li+	1	366.99400000000003	0.20442059924643197
Li+	1	368.66300000000001	0.20750587576534779
Li+	1	370.33100000000002	0.21055990982822495
Li+	1	371.99900000000002	0.21357598262731317
Li+	1	373.66699999999997	0.21655073475873735
Li+	1	375.33499999999998	0.2194791271166848
Li+	1	377.00299999999999	0.22235914405883042
Li+	1	378.67200000000003	0.22518876994284914
Li+	1	380.33999999999997	0.22796766882835348
Li+	1	382.00799999999998	0.23069886417883101
Li+	1	383.67599999999999	0.23338571539815689
Li+	1	385.34399999999999	0.23603359753253128
Li+	1	387.012	0.23864922938970448
Li+	1	388.68099999999998	0.24124033759858926
Li+	1	390.34899999999999	0.24381632849003598
Li+	1	392.017	0.24638593651411994
Li+	1	393.685	0.24895957582285408
Li+	1	395.35300000000001	0.25154564492592618
Li+	1	397.02100000000002	0.25415455797534908
Li+	1	398.68900000000002	0.25679437754042322
Li+	1	400.358	0.25947283025006129
Li+	1	402.02600000000001	0.26219394738891338
Li+	1	403.69400000000002	0.26496579152628003
Li+	1	405.36200000000002	0.26779037830448604
Li+	1	407.02999999999997	0.27067106712740668
Li+	1	408.69799999999998	0.27360953769697949
Li+	1	410.36700000000002	0.27660478219204193
Li+	1	412.03500000000003	0.27965713655298158
Li+	1	413.70299999999997	0.28276559295863579
Li+	1	415.37099999999998	0.28592712794551695
Li+	1	417.03899999999999	0.28913938993091254
Li+	1	418.70699999999999	0.29239901951094743
Li+	1	420.375	0.29570131352019641
Li+	1	422.04399999999998	0.29904257661439687
Li+	1	423.71199999999999	0.30241776968773604
Li+	1	425.38	0.3058201739324638
Li+	1	427.048	0.30924374242160479
Li+	1	428.71600000000001	0.31268175634740891
Li+	1	430.38400000000001	0.31612850472328829
Li+	1	432.053	0.31957558903955519
Li+	1	433.721	0.32301461078652183
Li+	1	435.38900000000001	0.3264412027391505
Li+	1	437.05700000000002	0.32984763826852836
Li+	1	438.72500000000002	0.33322047975915497
Li+	1	440.39299999999997	0.33656308661490547
Li+	1	442.06200000000001	0.33986538062415445
Li+	1	443.73000000000002	0.34312400238302676
Li+	1	445.39800000000002	0.3463322330837722
Li+	1	447.06599999999997	0.3494934321302659
Li+	1	448.73399999999998	0.35260759952250781
Li+	1	450.40199999999999	0.35567137585662284
Li+	1	452.06999999999999	0.35869147994036121
Li+	1	453.73899999999998	0.36166791177372293
Li+	1	455.40699999999998	0.36461074956833345
Li+	1	457.07499999999999	0.36751999332419266
Li+	1	458.74299999999999	0.37040572125292603
Li+	1	460.411	0.37327129275840853
Li+	1	462.07900000000001	0.37612006724451552
Li+	1	463.74799999999999	0.37896212292287224
Li+	1	465.416	0.38179745979347862
Li+	1	467.084	0.38462607785633485
Li+	1	468.75200000000001	0.38745133651531594
Li+	1	470.42000000000002	0.39027323577042183
Li+	1	472.08800000000002	0.39309177562165271
Li+	1	473.75599999999997	0.39590023726125811
Li+	1	475.42500000000001	0.39869862068923817
Li+	1	477.09300000000002	0.4014802070978426
Li+	1	478.76100000000002	0.40424835589094654
Li+	1	480.42899999999997	0.40699634826079972
Li+	1	482.09699999999998	0.40972082480352701
Li+	1	483.76499999999999	0.41242514492300353
Li+	1	485.43400000000003	0.41510594921535415
Li+	1	487.10199999999998	0.41776323768057894
Li+	1	488.76999999999998	0.4204003697225529
Li+	1	490.43799999999999	0.42301734534127616
Li+	1	492.10599999999999	0.4256175239406238
Li+	1	493.774	0.42820426492447089
Li+	1	495.44299999999998	0.43077756829281749
Li+	1	497.11099999999999	0.43334079344953869
Li+	1	498.779	0.43589729979850972
Li+	1	500.447	0.43844708733973042
Li+	1	502.11500000000001	0.44099351547707605
Li+	1	503.78300000000002	0.44353322480667134
Li+	1	505.45100000000002	0.44606621532851648
Li+	1	507.12	0.44858912763873621
Li+	1	508.78800000000001	0.45110532114120566
Li+	1	510.45600000000002	0.45360471762429949
Li+	1	512.12400000000002	0.4560873170880177
Li+	1	513.79200000000003	0.45853968191685979
Li+	1	515.46000000000004	0.46095845270695057
Li+	1	517.12900000000002	0.46333019184278962
Li+	1	518.79700000000003	0.46565153992050173
Li+	1	520.46500000000003	0.46790569992071135
Li+	1	522.13300000000004	0.47008595303566819
Li+	1	523.80100000000004	0.47218222105374691
Li+	1	525.46900000000005	0.47418778516719723
Li+	1	527.13800000000003	0.47609256716439374
Li+	1	528.80600000000004	0.47789656704533651
Li+	1	530.47400000000005	0.47959642540615027
Li+	1	532.14200000000005	0.48119214224683521
Li+	1	533.80999999999995	0.48269043637514147
Li+	1	535.47799999999995	0.48410138600269442
Li+	1	537.14599999999996	0.48543506934111952
Li+	1	538.81500000000005	0.48669820519816687
Li+	1	540.48299999999995	0.48791766880483772
Li+	1	542.15099999999995	0.48910017896888208
Li+	1	543.81899999999996	0.49026925151742601
Li+	1	545.48699999999997	0.49143832406596982
Li+	1	547.15499999999997	0.49263091244163965
Li+	1	548.82399999999996	0.49385709485606066
Li+	1	550.49199999999996	0.49513030892473348
Li+	1	552.15999999999997	0.49646399226315857
Li+	1	553.82799999999997	0.49786150427521098
Li+	1	555.49599999999998	0.49933292317251626
Li+	1	557.16399999999999	0.500871530147324
Li+	1	558.83199999999999	0.50247732519963428
Li+	1	560.50099999999998	0.50414023011782172
Li+	1	562.16899999999998	0.50584344788251068
Li+	1	563.83699999999999	0.50758025968595089
Li+	1	565.505	0.50932379029714137
Li+	1	567.173	0.51105724269670638
Li+	1	568.84100000000001	0.51275710105752026
Li+	1	570.50999999999999	0.51440656836020715
Li+	1	572.178	0.51597876937376619
Li+	1	573.846	0.51746362588657191
Li+	1	575.51400000000001	0.51884098147537361
Li+	1	577.18200000000002	0.5201074767362962
Li+	1	578.85000000000002	0.52125303345771423
Li+	1	580.51900000000001	0.52228437044737797
Li+	1	582.18700000000001	0.52320484710916249
Li+	1	583.85500000000002	0.52402118225081806
Li+	1	585.52300000000002	0.52475017289172055
Li+	1	587.19100000000003	0.52540861605124523
Li+	1	588.85900000000004	0.52601330874876784
Li+	1	590.52700000000004	0.52657768859978904
Li+	1	592.19600000000003	0.52711855262368434
Li+	1	593.86400000000003	0.5276493384359543
Li+	1	595.53200000000004	0.52818012424822425
Li+	1	597.20000000000005	0.52871426946436928
Li+	1	598.86800000000005	0.5292551334882647
Li+	1	600.53599999999994	0.52980271631991016
Li+	1	602.20500000000004	0.53034693974768055
Li+	1	603.87300000000005	0.53088108496382558
Li+	1	605.54100000000005	0.5313984331605951
Li+	1	607.20899999999995	0.53188890612636353
Li+	1	608.87699999999995	0.53233570684175524
Li+	1	610.54499999999996	0.53273211649902019
Li+	1	612.21299999999997	0.53306805688653269
Li+	1	613.88199999999995	0.53333344979266772
Li+	1	615.54999999999995	0.53352493581354987
Li+	1	617.21799999999996	0.53362571792980373
Li+	1	618.88599999999997	0.53363915554530417
Li+	1	620.55399999999997	0.53355181104455096
Li+	1	622.22199999999998	0.53335696561979362
Li+	1	623.89099999999996	0.53305125986715718
Li+	1	625.55899999999997	0.53262461557501606
Li+	1	627.22699999999998	0.53207703274337059
Li+	1	628.89499999999998	0.5313950737567199
Li+	1	630.56299999999999	0.5305854574228146
Li+	1	632.23099999999999	0.52964482433777915
Li+	1	633.89999999999998	0.52857989330936417
Li+	1	635.56799999999998	0.52739738314531981
Li+	1	637.23599999999999	0.52611745026889678
Li+	1	638.904	0.52475017289172055
Li+	1	640.572	0.52332578564866705
Li+	1	642.24000000000001	0.52186780436686231
Li+	1	643.90800000000002	0.52040646368118237
Li+	1	645.577	0.51896863882262845
Li+	1	647.245	0.51758792382995156
Li+	1	648.91300000000001	0.51628111572252755
Li+	1	650.58100000000002	0.51507508973135729
Li+	1	652.24900000000002	0.51397992406806614
Li+	1	653.91700000000003	0.51300569694427955
Li+	1	655.58600000000001	0.51215576776387273
Li+	1	657.25400000000002	0.51141669891134489
Li+	1	658.92200000000003	0.51078513098282119
Li+	1	660.59000000000003	0.51023754815117561
Li+	1	662.25800000000004	0.50975715339703265
Li+	1	663.92600000000004	0.50931707148939109
Li+	1	665.59500000000003	0.50889042719725008
Li+	1	667.26300000000003	0.5084570640973588
Li+	1	668.93100000000004	0.50799682576646654
Li+	1	670.59900000000005	0.5074861963774473
Li+	1	672.26700000000005	0.50691173831480074
Li+	1	673.93499999999995	0.50626337336690141
Li+	1	675.60299999999995	0.50553102332212396
Li+	1	677.27200000000005	0.50471132877659319
Li+	1	678.94000000000005	0.50380764913418419
Li+	1	680.60799999999995	0.5028132655871469
Li+	1	682.27599999999995	0.50173825634710656
Li+	1	683.94399999999996	0.50058934022181345
Li+	1	685.61199999999997	0.49936651721126751
Li+	1	687.28099999999995	0.49807986552709421
Li+	1	688.94899999999996	0.49673274457316863
Li+	1	690.61699999999996	0.4953385919649913
Li+	1	692.28499999999997	0.49389404829868705
Li+	1	693.95299999999997	0.49241255118975641
Li+	1	695.62099999999998	0.49090081944594965
Li+	1	697.28899999999999	0.48935885306726679
Li+	1	698.95799999999997	0.48780008966920824
Li+	1	700.62599999999998	0.48623124805952439
Li+	1	702.29399999999998	0.48465568764209027
Li+	1	703.96199999999999	0.48308348662853118
Li+	1	705.63	0.48151800442272241
Li+	1	707.298	0.47997267864016446
Li+	1	708.96699999999998	0.47845422808860738
Li+	1	710.63499999999999	0.47696265276805139
Li+	1	712.303	0.47550467148624664
Li+	1	713.971	0.47409036245481856
Li+	1	715.63900000000001	0.472716366269892
Li+	1	717.30700000000002	0.47138604233534204
Li+	1	718.976	0.47010275005504387
Li+	1	720.64400000000001	0.46885977062124723
Li+	1	722.31200000000001	0.46766046343782719
Li+	1	723.98000000000002	0.46650146910090873
Li+	1	725.64800000000002	0.46538278761049168
Li+	1	727.31600000000003	0.4642943407549508
Li+	1	728.98400000000004	0.46323948793816122
Li+	1	730.65300000000002	0.46220815094849749
Li+	1	732.32100000000003	0.46120368918983479
Li+	1	733.98900000000003	0.46021938385442279
Li+	1	735.65700000000004	0.45925187553838648
Li+	1	737.32500000000005	0.45830116424172579
Li+	1	738.99300000000005	0.45736724996444078
Li+	1	740.66200000000003	0.45644341389878107
Li+	1	742.33000000000004	0.45552629664087163
Li+	1	743.99800000000005	0.45462261699846274
Li+	1	745.66600000000005	0.45371893735605379
Li+	1	747.33399999999995	0.45281861711751997
Li+	1	749.00199999999995	0.45191493747511108
Li+	1	750.66999999999996	0.45100117962107672
Li+	1	752.33900000000006	0.45007398415154193
Li+	1	754.00699999999995	0.44912663225875638
Li+	1	755.67499999999995	0.44815240513496979
Li+	1	757.34299999999996	0.44714458397243201
Li+	1	759.01099999999997	0.44609980936726779
Li+	1	760.67899999999997	0.44500800310785177
Li+	1	762.34799999999996	0.44386580579030882
Li+	1	764.01599999999996	0.44266985801076397
Li+	1	765.68399999999997	0.44141680036534192
Li+	1	767.35199999999998	0.44010999225791786
Li+	1	769.01999999999998	0.4387460742846167
Li+	1	770.68799999999999	0.43732504644543829
Li+	1	772.35699999999997	0.43584690874038279
Li+	1	774.02499999999998	0.43431502057332527
Li+	1	775.69299999999998	0.43272602254039061
Li+	1	777.36099999999999	0.43108663344932907
Li+	1	779.029	0.42939349389626552
Li+	1	780.697	0.4276499632850751
Li+	1	782.36500000000001	0.42584932280800752
Li+	1	784.03399999999999	0.42399493186893783
Li+	1	785.702	0.4220834310639911
Li+	1	787.37	0.42011482039316722
Li+	1	789.03800000000001	0.41808909985646614
Li+	1	790.70600000000002	0.41600291005001283
Li+	1	792.37400000000002	0.4138528915699321
Li+	1	794.04300000000001	0.41164240382009915
Li+	1	795.71100000000001	0.40936808739663871
Li+	1	797.37900000000002	0.40702322349180076
Li+	1	799.04700000000003	0.40461453091333532
Li+	1	800.71500000000003	0.4021352908534922
Li+	1	802.38300000000004	0.39958214390839636
Li+	1	804.05200000000002	0.39696180888579802
Li+	1	805.72000000000003	0.39426756697794679
Li+	1	807.38800000000003	0.39150277758871799
Li+	1	809.05600000000004	0.38867080012198674
Li+	1	810.72400000000005	0.38577163457775288
Li+	1	812.39200000000005	0.38281535916764187
Li+	1	814.05999999999995	0.37980869269940404
Li+	1	815.72900000000004	0.37676171338466463
Li+	1	817.39700000000005	0.37368785883892425
Li+	1	819.06500000000005	0.37059384786993305
Li+	1	820.73299999999995	0.36750319630481704
Li+	1	822.40099999999995	0.36441926354745124
Li+	1	824.06899999999996	0.36136556542496157
Li+	1	825.73800000000006	0.35834882074509838
Li+	1	827.40599999999995	0.3553858265272371
Li+	1	829.07399999999996	0.35247994217525297
Li+	1	830.74199999999996	0.34964460530464658
Li+	1	832.40999999999997	0.34687981591541778
Li+	1	834.07799999999997	0.34418893341144174
Li+	1	835.74599999999998	0.34156523898496821
Li+	1	837.41499999999996	0.33900873263599723
Li+	1	839.08299999999997	0.33650597674902832
Li+	1	840.75099999999998	0.33405025251631115
Li+	1	842.41899999999998	0.33163148172622031
Li+	1	844.08699999999999	0.32923286735938029
Li+	1	845.755	0.3268476906080407
Li+	1	847.42399999999998	0.32445915445282603
Li+	1	849.09199999999998	0.32205718068211087
Li+	1	850.75999999999999	0.31963572236891996
Li+	1	852.428	0.31718503724201541
Li+	1	854.096	0.31470142995713474
Li+	1	855.76400000000001	0.31218154111040258
Li+	1	857.43299999999999	0.30962604258259419
Li+	1	859.101	0.30703594219487196
Li+	1	860.76900000000001	0.30441527123188605
Li+	1	862.43700000000001	0.30176738909751161
Li+	1	864.10500000000002	0.29909800677833642
Li+	1	865.77300000000002	0.29641283526094814
Li+	1	867.44100000000003	0.29371624177038441
Li+	1	869.11000000000001	0.29101393729323294
Li+	1	870.77800000000002	0.28830760153143137
Li+	1	872.44600000000003	0.28560160171001725
Li+	1	874.11400000000003	0.28289761753092824
Li+	1	875.78200000000004	0.2801969927557143
Li+	1	877.45000000000005	0.27749972738437556
Li+	1	879.11900000000003	0.274807837059237
Li+	1	880.78700000000003	0.27212031395913611
Li+	1	882.45500000000004	0.26943782996484794
Li+	1	884.12300000000005	0.26676273665908495
Li+	1	885.79100000000005	0.26409503404184725
Li+	1	887.45899999999995	0.26143707369584751
Li+	1	889.12699999999995	0.2587925509653482
Li+	1	890.79600000000005	0.25616280961189947
Li+	1	892.46400000000006	0.25355221686053897
Li+	1	894.13199999999995	0.25096278835359176
Li+	1	895.79999999999995	0.24839821943532048
Li+	1	897.46799999999996	0.24586086168843774
Li+	1	899.13599999999997	0.24335172293410604
Li+	1	900.80499999999995	0.24087147505310041
Li+	1	902.47299999999996	0.2384197821050334
Li+	1	904.14099999999996	0.23599496438796733
Li+	1	905.80899999999997	0.23359299061725219
Li+	1	907.47699999999998	0.23120982950823771
Li+	1	909.14499999999998	0.22883943413394869
Li+	1	910.81399999999996	0.22647474974624743
Li+	1	912.48199999999997	0.22410905753738361
Li+	1	914.14999999999998	0.22173362305728192
Li+	1	915.81799999999998	0.21934071967702959
Li+	1	917.48599999999999	0.21692127700616379
Li+	1	919.154	0.21446824029654668
Li+	1	920.822	0.21197455480004054
Li+	1	922.49099999999999	0.20943316576850765
Li+	1	924.15899999999999	0.20683970597691029
Li+	1	925.827	0.2041901441405983
Li+	1	927.495	0.20148280055763415
Li+	1	929.16300000000001	0.19871700334724282
Li+	1	930.83100000000002	0.19589241656903678
Li+	1	932.5	0.19301273556727866
Li+	1	934.16800000000001	0.19008165568623114
Li+	1	935.83600000000001	0.1871052238528694
Li+	1	937.50400000000002	0.18409083075571872
Li+	1	939.17200000000003	0.18104653896407943
Li+	1	940.84000000000003	0.17798209074918941
Li+	1	942.50900000000001	0.17490655650151141
Li+	1	944.17700000000002	0.17183203007499598
Li+	1	945.84500000000003	0.16876724591971845
Li+	1	947.51300000000003	0.16572295412807914
Li+	1	949.18100000000004	0.16270856103092848
Li+	1	950.84900000000005	0.15973212919756674
Li+	1	952.51700000000005	0.15680205713768172
Li+	1	954.18600000000004	0.15392136831476108
Li+	1	955.85400000000004	0.15109610965578002
Li+	1	957.52200000000005	0.1483276249222886
Li+	1	959.19000000000005	0.14561792975661186
Li+	1	960.85799999999995	0.14296400069526224
Li+	1	962.52599999999995	0.14036751744017723
Li+	1	964.19500000000005	0.13782344088554421
Li+	1	965.86300000000006	0.13533076321020066
Li+	1	967.53099999999995	0.1328867968910464
Li+	1	969.19899999999996	0.1304871747030438
Li+	1	970.86699999999996	0.1281298810038678
Li+	1	972.53499999999997	0.12581457985313091
Li+	1	974.20299999999997	0.12353824778734541
Li+	1	975.87199999999996	0.12130122074689895
Li+	1	977.53999999999996	0.11910148308946636
Li+	1	979.20799999999997	0.11694138639776029
Li+	1	980.87599999999998	0.11482093067178066
Li+	1	982.54399999999998	0.11273944403075252
Li+	1	984.21199999999999	0.11069994993816347
Li+	1	985.88099999999997	0.1087007686920759
Li+	1	987.54899999999998	0.10674458781558996
Li+	1	989.21699999999998	0.10483107136831812
Li+	1	990.88499999999999	0.10296089123103541
Li+	1	992.553	0.10113404740374182
Li+	1	994.221	0.099349532065274831
Li+	1	995.88999999999999	0.097608017096409469
Li+	1	997.55799999999999	0.095907822795208111
Li+	1	999.226	0.094248613221283334
Li+	1	1000.89	0.092629044613085021
Li+	1	1002.5599999999999	0.091049452911000722
Li+	1	1004.23	0.089508158413092856
Li+	1	1005.9	0.08800448923858642
Li+	1	1007.5700000000001	0.086537773506706356
Li+	1	1009.23	0.085107339336677648
Li+	1	1010.9	0.083712178907337786
Li+	1	1012.5700000000001	0.082354643801399299
Li+	1	1014.24	0.081033054316924674
Li+	1	1015.91	0.079747746394301419
Li+	1	1017.58	0.078499055973917056
Li+	1	1019.24	0.077288326817321604
Li+	1	1020.91	0.076115222984127567
Li+	1	1022.58	0.074980416355109963
Li+	1	1024.25	0.073882563168718746
Li+	1	1025.9200000000001	0.072822671246116452
Li+	1	1027.5799999999999	0.071799060885365515
Li+	1	1029.25	0.070811060205690932
Li+	1	1030.9200000000001	0.069857997326317631
Li+	1	1032.5899999999999	0.068936848783758081
Li+	1	1034.26	0.068045262995299574
Li+	1	1035.9300000000001	0.067183575901329742
Li+	1	1037.5899999999999	0.06634842809797338
Li+	1	1039.26	0.065538475823680484
Li+	1	1040.9300000000001	0.064752039376513443
Li+	1	1042.5999999999999	0.063988446875697297
Li+	1	1044.27	0.063246690500069452
Li+	1	1045.9300000000001	0.062526770249629923
Li+	1	1047.5999999999999	0.061828350183991188
Li+	1	1049.27	0.061152438124315818
Li+	1	1050.9400000000001	0.060499034070603787
Li+	1	1052.6099999999999	0.059868473963242616
Li+	1	1054.28	0.059261429683007336
Li+	1	1055.9400000000001	0.058677901229897925
Li+	1	1057.6099999999999	0.058116880782751852
Li+	1	1059.28	0.057578032401181631
Li+	1	1060.95	0.057059340442862164
Li+	1	1062.6199999999999	0.056558789265468354
Li+	1	1064.28	0.056073691345900144
Li+	1	1065.95	0.05560001539950736
Li+	1	1067.6199999999999	0.055134402022414888
Li+	1	1069.29	0.054672483989585047
Li+	1	1070.96	0.054210565956755198
Li+	1	1072.6199999999999	0.053744280698887696
Li+	1	1074.29	0.053270268812107398
Li+	1	1075.96	0.052784834952151687
Li+	1	1077.6300000000001	0.052285963476695452
Li+	1	1079.3	0.051771974683801153
Li+	1	1080.97	0.051241860752306245
Li+	1	1082.6300000000001	0.050695957622598257
Li+	1	1084.3	0.050135273115839707
Li+	1	1085.97	0.049562158814743185
Li+	1	1087.6400000000001	0.048979302242408804
Li+	1	1089.3099999999999	0.048389726862324171
Li+	1	1090.97	0.047797799899526948
Li+	1	1092.6400000000001	0.047207552638667293
Li+	1	1094.3099999999999	0.04662301636439535
Li+	1	1095.98	0.046048558301748775
Li+	1	1097.6500000000001	0.04548820973537774
Li+	1	1099.3199999999999	0.044944994128769844
Li+	1	1100.98	0.044422606826187733
Li+	1	1102.6500000000001	0.043922727529568967
Li+	1	1104.3199999999999	0.043447707821626137
Li+	1	1105.99	0.042998555523521775
Li+	1	1107.6600000000001	0.042575270635255888
Li+	1	1109.3199999999999	0.042178189097215976
Li+	1	1110.99	0.041806639028627031
Li+	1	1112.6600000000001	0.041458940727551477
Li+	1	1114.3299999999999	0.041134086372826777
Li+	1	1116	0.040829724381740352
Li+	1	1117.6600000000001	0.040543503171579606
Li+	1	1119.3299999999999	0.040273743040406977
Li+	1	1121	0.040018092405509888
Li+	1	1122.6700000000001	0.039773863743788211
Li+	1	1124.3399999999999	0.039538705472529384
Li+	1	1126.01	0.039310937889795838
Li+	1	1127.6700000000001	0.039088881293649999
Li+	1	1129.3399999999999	0.038870855982154312
Li+	1	1131.01	0.038655518193758724
Li+	1	1132.6800000000001	0.038442196047688219
Li+	1	1134.3499999999999	0.038230553603555269
Li+	1	1136.01	0.038020254920972378
Li+	1	1137.6800000000001	0.037811299999939534
Li+	1	1139.3499999999999	0.03760402478084425
Li+	1	1141.02	0.037399437084849066
Li+	1	1142.6900000000001	0.037198208792729018
Li+	1	1144.3599999999999	0.037001347725646623
Li+	1	1146.02	0.036809525764376919
Li+	1	1147.6900000000001	0.036624086670469957
Li+	1	1149.3599999999999	0.036445366384313248
Li+	1	1151.03	0.036275044607844358
Li+	1	1152.7	0.03611312134106328
Li+	1	1154.3599999999999	0.035960604405132553
Li+	1	1156.03	0.035817829740439691
Li+	1	1157.7	0.035684797346984695
Li+	1	1159.3699999999999	0.035561507224767572
Li+	1	1161.04	0.035447959373788307
Li+	1	1162.71	0.0353438178536594
Li+	1	1164.3699999999999	0.035248074843218305
Li+	1	1166.04	0.035160394402077515
Li+	1	1167.71	0.035079432768686969
Li+	1	1169.3800000000001	0.035004182121884143
Li+	1	1171.05	0.034933298700118985
Li+	1	1172.71	0.034866110622616464
Li+	1	1174.3800000000001	0.034800602247051504
Li+	1	1176.05	0.034735765752261574
Li+	1	1177.72	0.034669921436309099
Li+	1	1179.3900000000001	0.034602733358806578
Li+	1	1181.05	0.034532185877428928
Li+	1	1182.72	0.034457607111401126
Li+	1	1184.3900000000001	0.034378661120335663
Li+	1	1186.0599999999999	0.034294004142682487
Li+	1	1187.73	0.03420363617844159
Li+	1	1189.4000000000001	0.034106885346837958
Li+	1	1191.0599999999999	0.034003415707484073
Li+	1	1192.73	0.033893563200767446
Li+	1	1194.4000000000001	0.033776320005525544
Li+	1	1196.0699999999999	0.033652693942920905
Li+	1	1197.74	0.033522349072566009
Li+	1	1199.4000000000001	0.033385621334848382
Li+	1	1201.0699999999999	0.033242846670155521
Li+	1	1202.74	0.033094696959262461
Li+	1	1204.4100000000001	0.032941844082944219
Li+	1	1206.0799999999999	0.032785295862363346
Li+	1	1207.75	0.032626396059069876
Li+	1	1209.4100000000001	0.032465816553838844
Li+	1	1211.0799999999999	0.03230590892938285
Li+	1	1212.75	0.032147681006864409
Li+	1	1214.4200000000001	0.031993148428608599
Li+	1	1216.0899999999999	0.031844326836940516
Li+	1	1217.75	0.031702224053022685
Li+	1	1219.4200000000001	0.031569191659567689
Li+	1	1221.0899999999999	0.031446909358513096
Li+	1	1222.76	0.031335713090246423
Li+	1	1224.4300000000001	0.031237282556705225
Li+	1	1226.0999999999999	0.031152289638664538
Li+	1	1227.76	0.031080398395736838
Li+	1	1229.4300000000001	0.031021608827922133
Li+	1	1231.0999999999999	0.030974913114057881
Li+	1	1232.77	0.030939303432981541
Li+	1	1234.4400000000001	0.030913771963530578
Li+	1	1236.0999999999999	0.030895295242217392
Li+	1	1237.77	0.030882529507491912
Li+	1	1239.4400000000001	0.030873123176641554
Li+	1	1241.1099999999999	0.030864724666953745
Li+	1	1242.78	0.030854982395715876
Li+	1	1244.4400000000001	0.030841880720602885
Li+	1	1246.1099999999999	0.030823403999289692
Li+	1	1247.78	0.030798880351001267
Li+	1	1249.45	0.030766630073800059
Li+	1	1251.1199999999999	0.030726653167686059
Li+	1	1252.79	0.030678277751884239
Li+	1	1254.45	0.030622511647557145
Li+	1	1256.1199999999999	0.03055935485470478
Li+	1	1257.79	0.030490151134877175
Li+	1	1259.46	0.030415908309236895
Li+	1	1261.1300000000001	0.030337970139333963
Li+	1	1262.79	0.030257344446330939
Li+	1	1264.46	0.030175710932165378
Li+	1	1266.1300000000001	0.03009441335838732
Li+	1	1267.8	0.030013787665384296
Li+	1	1269.47	0.02993551355509386
Li+	1	1271.1400000000001	0.029860262908291035
Li+	1	1272.8	0.029788371665363335
Li+	1	1274.47	0.029720175766698272
Li+	1	1276.1400000000001	0.029656347093070877
Li+	1	1277.8099999999999	0.029596549704093627
Li+	1	1279.48	0.029540783599766536
Li+	1	1281.1400000000001	0.029488712839702082
Li+	1	1282.8099999999999	0.02943966554312524
Li+	1	1284.48	0.029393641710036007
Li+	1	1286.1500000000001	0.029349297578884343
Li+	1	1287.8199999999999	0.029306297209282732
Li+	1	1289.49	0.029263296839681121
Li+	1	1291.1500000000001	0.029219624589304476
Li+	1	1292.8199999999999	0.029173936696602763
Li+	1	1294.49	0.02912556128080095
Li+	1	1296.1600000000001	0.029073490520736496
Li+	1	1297.8299999999999	0.029016716595246867
Li+	1	1299.49	0.028954903563944541
Li+	1	1301.1600000000001	0.02888771548644202
Li+	1	1302.8299999999999	0.028814480481964267
Li+	1	1304.5	0.028735870431286316
Li+	1	1306.1700000000001	0.028651549394020651
Li+	1	1307.8299999999999	0.028563197072104838
Li+	1	1309.5	0.028471149405926384
Li+	1	1311.1700000000001	0.028377086097422847
Li+	1	1312.8399999999999	0.028281679027369267
Li+	1	1314.51	0.028187279778478222
Li+	1	1316.1800000000001	0.028095232112299768
Li+	1	1317.8399999999999	0.02800654384999644
Li+	1	1319.51	0.027923566574280825
Li+	1	1321.1800000000001	0.027846972165927946
Li+	1	1322.8499999999999	0.02777810438648786
Li+	1	1324.52	0.027717971057123102
Li+	1	1326.1800000000001	0.027666572177833672
Li+	1	1327.8499999999999	0.02762491556978211
Li+	1	1329.52	0.027592329352193384
Li+	1	1331.1900000000001	0.027568813525067504
Li+	1	1332.8599999999999	0.027554032148016949
Li+	1	1334.53	0.027546977399879182
Li+	1	1336.1900000000001	0.027547313340266697
Li+	1	1337.8599999999999	0.027554032148016949
Li+	1	1339.53	0.02756579006157989
Li+	1	1341.2	0.027582923021343034
Li+	1	1342.8699999999999	0.027603751325368811
Li+	1	1344.53	0.027628274973657236
Li+	1	1346.2	0.027655486145045757
Li+	1	1347.8699999999999	0.027685384839534383
Li+	1	1349.54	0.027717635116735587
Li+	1	1351.21	0.027751229155486851
Li+	1	1352.8800000000001	0.027786166955788161
Li+	1	1354.54	0.027822112577252017
Li+	1	1356.21	0.027858058198715861
Li+	1	1357.8800000000001	0.027893667879792201
Li+	1	1359.55	0.027927597858930973
Li+	1	1361.22	0.027959512195744673
Li+	1	1362.8800000000001	0.027988067128683243
Li+	1	1364.55	0.028011918896196638
Li+	1	1366.22	0.028030731557897343
Li+	1	1367.8900000000001	0.028042825411847799
Li+	1	1369.5599999999999	0.028047864517660486
Li+	1	1371.22	0.02804450511378536
Li+	1	1372.8900000000001	0.02803308314060993
Li+	1	1374.5599999999999	0.028012590776971661
Li+	1	1376.23	0.027983699903645583
Li+	1	1377.9000000000001	0.027946410520631685
Li+	1	1379.5699999999999	0.027901394508704991
Li+	1	1381.23	0.027849323748640537
Li+	1	1382.9000000000001	0.02779154200198837
Li+	1	1384.5699999999999	0.027729728970686048
Li+	1	1386.24	0.027664220595121084
Li+	1	1387.9100000000001	0.02759770439839359
Li+	1	1389.5699999999999	0.027530516320891069
Li+	1	1391.24	0.027465007945326105
Li+	1	1392.9100000000001	0.027402523033248759
Li+	1	1394.5799999999999	0.027344405346209077
Li+	1	1396.25	0.027291662705369601
Li+	1	1397.9200000000001	0.027245638872280372
Li+	1	1399.5799999999999	0.027207341668103936
Li+	1	1401.25	0.027178114854390333
Li+	1	1402.9200000000001	0.027157958431139578
Li+	1	1404.5899999999999	0.027148216159901716
Li+	1	1406.26	0.027148888040676739
Li+	1	1407.9200000000001	0.027160645954239684
Li+	1	1409.5899999999999	0.027183825840978049
Li+	1	1411.26	0.027218091760504336
Li+	1	1412.9300000000001	0.02726377965320605
Li+	1	1414.5999999999999	0.027320217638308168
Li+	1	1416.27	0.027387741656198204
Li+	1	1417.9300000000001	0.02746534388571362
Li+	1	1419.5999999999999	0.027552688386466895
Li+	1	1421.27	0.02764843139690799
Li+	1	1422.9400000000001	0.027751565095874366
Li+	1	1424.6099999999999	0.027861417602590987
Li+	1	1426.27	0.027975973274732793
Li+	1	1427.9400000000001	0.02809422429113723
Li+	1	1429.6099999999999	0.028214155009479228
Li+	1	1431.28	0.028334757608596255
Li+	1	1432.95	0.028453680505775725
Li+	1	1434.6099999999999	0.028569915879855089
Li+	1	1436.28	0.028682119969284298
Li+	1	1437.95	0.028789284952900823
Li+	1	1439.6199999999999	0.028890403009542116
Li+	1	1441.29	0.028985138198820676
Li+	1	1442.96	0.029073154580348981
Li+	1	1444.6199999999999	0.029155124034902058
Li+	1	1446.29	0.029231718443254937
Li+	1	1447.96	0.029303945626570144
Li+	1	1449.6300000000001	0.029373149346397738
Li+	2	1471.3099999999999	0.030914443844305608
Li+	2	1472.98	0.031132805096188806
Li+	2	1474.6500000000001	0.031366283665510072
Li+	2	1476.3199999999999	0.031613871731106871
Li+	2	1477.99	0.031874225531429143
Li+	2	1479.6500000000001	0.032145665364539333
Li+	2	1481.3199999999999	0.032426175588112359
Li+	2	1482.99	0.032714412440598181
Li+	2	1484.6600000000001	0.033008696220059232
Li+	2	1486.3299999999999	0.033307347224557943
Li+	2	1488	0.03360868575215676
Li+	2	1489.6600000000001	0.033912039922080646
Li+	2	1491.3299999999999	0.034216065972779555
Li+	2	1493	0.034520092023478471
Li+	2	1494.6700000000001	0.034823446193402365
Li+	2	1496.3399999999999	0.035126464422938743
Li+	2	1498	0.035429146712087599
Li+	2	1499.6700000000001	0.035731829001236462
Li+	2	1501.3399999999999	0.036035183171160355
Li+	2	1503.01	0.036339881102634294
Li+	2	1504.6800000000001	0.036647266557208333
Li+	2	1506.3499999999999	0.036957675475269985
Li+	2	1508.01	0.037273123499144328
Li+	2	1509.6800000000001	0.037593946569218877
Li+	2	1511.3499999999999	0.037921824387431184
Li+	2	1513.02	0.038258100715331304
Li+	2	1514.6900000000001	0.038603447433694274
Li+	2	1516.3499999999999	0.038959880184845155
Li+	2	1518.02	0.039328070849558978
Li+	2	1519.6900000000001	0.039709363189385796
Li+	2	1521.3599999999999	0.040105436906263163
Li+	2	1523.03	0.040517299821353624
Li+	2	1524.7	0.040945959755819716
Li+	2	1526.3599999999999	0.041393096411599002
Li+	2	1528.03	0.041859717609854019
Li+	2	1529.7	0.042346495231359797
Li+	2	1531.3699999999999	0.042854773037666376
Li+	2	1533.04	0.043384551028773768
Li+	2	1534.7	0.0439368370258445
Li+	2	1536.3699999999999	0.04451095914810356
Li+	2	1538.04	0.045106917395550929
Li+	2	1539.71	0.045724039887411597
Li+	2	1541.3800000000001	0.046361318802523026
Li+	2	1543.04	0.047017746319722664
Li+	2	1544.71	0.047692314617847995
Li+	2	1546.3800000000001	0.048383679935348943
Li+	2	1548.05	0.049090834451062992
Li+	2	1549.72	0.04981243440344009
Li+	2	1551.3900000000001	0.050548479792480221
Li+	2	1553.05	0.051298970618183393
Li+	2	1554.72	0.052063906880549612
Li+	2	1556.3900000000001	0.052844968281516434
Li+	2	1558.0599999999999	0.053643834523021419
Li+	2	1559.73	0.054462857187777179
Li+	2	1561.3900000000001	0.055305059739271294
Li+	2	1563.0599999999999	0.056174137521766414
Li+	2	1564.73	0.057074457760300221
Li+	2	1566.4000000000001	0.058009715799135331
Li+	2	1568.0699999999999	0.058984950744084448
Li+	2	1569.74	0.060004193879797704
Li+	2	1571.4000000000001	0.061071476490925286
Li+	2	1573.0699999999999	0.062191165802504812
Li+	2	1574.74	0.063366285278023932
Li+	2	1576.4100000000001	0.06460019432135776
Li+	2	1578.0799999999999	0.065895580455606381
Li+	2	1579.74	0.067253787442319871
Li+	2	1581.4100000000001	0.068677502804598334
Li+	2	1583.0799999999999	0.070168070303991789
Li+	2	1584.75	0.071726497761662789
Li+	2	1586.4200000000001	0.073355136760323958
Li+	2	1588.0899999999999	0.07505365135958772
Li+	2	1589.75	0.076826072844104226
Li+	2	1591.4200000000001	0.078672401213873561
Li+	2	1593.0899999999999	0.080597339634320822
Li+	2	1594.76	0.082602903747771114
Li+	2	1596.4300000000001	0.084695476421587174
Li+	2	1598.0899999999999	0.086878417059644136
Li+	2	1599.76	0.089158444469692247
Li+	2	1601.4300000000001	0.091542949340256752
Li+	2	1603.0999999999999	0.094039658300250489
Li+	2	1604.77	0.096658649561298812
Li+	2	1606.4300000000001	0.099411681036964669
Li+	2	1608.0999999999999	0.1023078231177109
Li+	2	1609.77	0.1053628650017506
Li+	2	1611.4400000000001	0.10858856460264671
Li+	2	1613.1099999999999	0.11200138299938732
Li+	2	1614.78	0.11561845315173561
Li+	2	1616.4400000000001	0.11945489237712965
Li+	2	1618.1099999999999	0.12352816957572006
Li+	2	1619.78	0.12785575364765753
Li+	2	1621.45	0.13245578537386771
Li+	2	1623.1199999999999	0.13734405395256374
Li+	2	1624.78	0.14253567670118364
Li+	2	1626.45	0.1480484584602656
Li+	2	1628.1199999999999	0.15389482902414761
Li+	2	1629.79	0.16008889788910513
Li+	2	1631.46	0.16664175108792614
Li+	2	1633.1300000000001	0.17356682623611114
Li+	2	1634.79	0.18087487342606048
Li+	2	1636.46	0.18857765057133716
Li+	2	1638.1300000000001	0.19668725152589164
Li+	2	1639.8	0.20521711390522435
Li+	2	1641.47	0.2141810112652234
Li+	2	1643.1300000000001	0.22359406092332679
Li+	2	1644.8	0.23347238801813516
Li+	2	1646.47	0.24383446927096167
Li+	2	1648.1400000000001	0.25469844546273201
Li+	2	1649.8099999999999	0.26608077767243432
Li+	2	1651.48	0.27799893480021931
Li+	2	1653.1400000000001	0.29046669040197487
Li+	2	1654.8099999999999	0.30349412268932646
Li+	2	1656.48	0.31708593482769926
Li+	2	1658.1500000000001	0.33124179087670569
Li+	2	1659.8199999999999	0.34594926104200779
Li+	2	1661.48	0.36119423582733018
Li+	2	1663.1500000000001	0.37694312119392143
Li+	2	1664.8199999999999	0.39315896369915521
Li+	2	1666.49	0.40979473168877978
Li+	2	1668.1600000000001	0.42678659648916767
Li+	2	1669.8199999999999	0.44406065121506616
Li+	2	1671.49	0.46153627017347232
Li+	2	1673.1600000000001	0.47912610886363266
Li+	2	1674.8299999999999	0.49672266636154327
Li+	2	1676.5	0.51423187935870063
Li+	2	1678.1700000000001	0.5315328093156001
Li+	2	1679.8299999999999	0.54851795530823777
Li+	2	1681.5	0.56506637879710908
Li+	2	1683.1700000000001	0.58106050064658443
Li+	2	1684.8399999999999	0.59638274172103467
Li+	2	1686.51	0.61091552288483031
Li+	2	1688.1700000000001	0.62454798381009213
Li+	2	1689.8399999999999	0.63716590476506585
Li+	2	1691.51	0.64866514422962251
Li+	2	1693.1800000000001	0.6589415606836333
Li+	2	1694.8499999999999	0.6679044502224698
Li+	2	1696.52	0.67546646834537882
Li+	2	1698.1800000000001	0.68154698935935709
Li+	2	1699.8499999999999	0.6860821845907773
Li+	2	1701.52	0.68901830357763749
Li+	2	1703.1900000000001	0.69030831466568598
Li+	2	1704.8599999999999	0.68992534262392158
Li+	2	1706.52	0.68785930924071903
Li+	2	1708.1900000000001	0.68411357391995342
Li+	2	1709.8599999999999	0.67871165248875054
Li+	2	1711.53	0.67168713898586185
Li+	2	1713.2	0.66309714327716429
Li+	2	1714.8699999999999	0.65301221284403577
Li+	2	1716.53	0.6415129733794791
Li+	2	1718.2	0.62870356640362324
Li+	2	1719.8699999999999	0.61469149284047209
Li+	2	1721.54	0.59959433182565525
Li+	2	1723.21	0.5835330218986774
Li+	2	1724.8699999999999	0.5666419392145432
Li+	2	1726.54	0.54904538171663253
Li+	2	1728.21	0.53088108496382558
Li+	2	1729.8800000000001	0.5122733468995021
Li+	2	1731.55	0.49334646546704153
Li+	2	1733.21	0.47422473860982362
Li+	2	1734.8800000000001	0.4550156672518525
Li+	2	1736.55	0.43583347112488235
Li+	2	1738.22	0.41676885413354159
Li+	2	1739.8900000000001	0.39791587958633379
Li+	2	1741.5599999999999	0.37935181377238686
Li+	2	1743.22	0.36115056357695352
Li+	2	1744.8900000000001	0.34337259826978611
Li+	2	1746.5599999999999	0.32606830890901145
Li+	2	1748.23	0.30928338338733136
Li+	2	1749.9000000000001	0.29305443920698454
Li+	2	1751.5599999999999	0.2774086875393596
Li+	2	1753.23	0.26236662074809491
Li+	2	1754.9000000000001	0.24794167644869086
Li+	2	1756.5699999999999	0.23414258909122279
Li+	2	1758.24	0.22097338996034091
Li+	2	1759.9100000000001	0.20843105559255751
Li+	2	1761.5699999999999	0.19651222658399758
Li+	2	1763.24	0.18520850442497316
Li+	2	1764.9100000000001	0.17450880308269651
Li+	2	1766.5799999999999	0.16440069276282954
Li+	2	1768.25	0.15486905614793417
Li+	2	1769.9100000000001	0.14589676027824733
Li+	2	1771.5799999999999	0.13746600031323081
Li+	2	1773.25	0.12955796359118393
Li+	2	1774.9200000000001	0.1221521577484684
Li+	2	1776.5899999999999	0.11522540289834585
Li+	2	1778.25	0.10875687073679051
Li+	2	1779.9200000000001	0.10272237355590147
Li+	2	1781.5899999999999	0.097098059588165322
Li+	2	1783.26	0.091858397364131081
Li+	2	1784.9300000000001	0.086980206997060452
Li+	2	1786.5999999999999	0.082438628898277466
Li+	2	1788.26	0.078210147240656225
Li+	2	1789.9300000000001	0.074269566495133277
Li+	2	1791.5999999999999	0.070595722417295337
Li+	2	1793.27	0.067167114822341625
Li+	2	1794.9400000000001	0.063962243525471307
Li+	2	1796.5999999999999	0.060962967745758698
Li+	2	1798.27	0.058151482642665654
Li+	2	1799.9400000000001	0.055511999017979062
Li+	2	1801.6099999999999	0.053029735494648372
Li+	2	1803.28	0.050691926337948105
Li+	2	1804.95	0.048486813634315319
Li+	2	1806.6099999999999	0.046404655112512155
Li+	2	1808.28	0.044435708501300734
Li+	2	1809.95	0.042572919052543297
Li+	2	1811.6199999999999	0.040808560137327053
Li+	2	1813.29	0.039137256709451812
Li+	2	1814.95	0.037553297782329846
Li+	2	1816.6199999999999	0.036051644250148472
Li+	2	1818.29	0.034628264828257531
Li+	2	1819.96	0.033278792291619369
Li+	2	1821.6300000000001	0.031999531295971342
Li+	2	1823.3	0.030786114616275794
Li+	2	1824.96	0.029635182848657578
Li+	2	1826.6300000000001	0.028543040648854084
Li+	2	1828.3	0.027505320791827621
Li+	2	1829.97	0.026518327933315568
Li+	2	1831.6400000000001	0.025578030788667768
Li+	2	1833.3	0.024680398073234067
Li+	2	1834.97	0.023821734442751829
Li+	2	1836.6400000000001	0.022998344552958416
Li+	2	1838.3099999999999	0.022206197119203679
Li+	2	1839.98	0.021442604618387508
Li+	2	1841.6400000000001	0.020704543587022305
Li+	2	1843.3099999999999	0.019989326502007951
Li+	2	1844.98	0.019294937721019385
Li+	2	1846.6500000000001	0.018620369422894054
Li+	2	1848.3199999999999	0.017964412222236933
Li+	2	1849.99	0.017326461426350481
Li+	2	1851.6500000000001	0.016706416253118452
Li+	2	1853.3199999999999	0.016104612642928361
Li+	2	1854.99	0.01552135294212896
Li+	2	1856.6600000000001	0.014957544189766542
Li+	2	1858.3299999999999	0.014413656702383627
Li+	2	1859.99	0.013890698301142744
Li+	2	1861.6600000000001	0.013389105708547662
Li+	2	1863.3299999999999	0.012909382835179653
Li+	2	1865	0.01245193280950373
Li+	2	1866.6700000000001	0.012016688443442386
Li+	2	1868.3399999999999	0.011603582548918127
Li+	2	1870	0.011212077621310932
Li+	2	1871.6700000000001	0.010841568967923269
Li+	2	1873.3399999999999	0.010491183143747617
Li+	2	1875.01	0.010159845139543926
Li+	2	1876.6800000000001	0.009846547134149666
Li+	2	1878.3399999999999	0.0095498781779372773
Li+	2	1880.01	0.0092687632616667258
Li+	2	1881.6800000000001	0.0090018922178267038
Li+	2	1883.3499999999999	0.008748156443138427
Li+	2	1885.02	0.008506245770090598
Li+	2	1886.6900000000001	0.0082751187834819179
Li+	2	1888.3499999999999	0.0080537340681111069
Li+	2	1890.02	0.0078412181789706305
Li+	2	1891.6900000000001	0.0076364961068204435
Li+	2	1893.3599999999999	0.0074388287828080222
Li+	2	1895.03	0.0072471747917320787
Li+	2	1896.6900000000001	0.0070606942826238282
Li+	2	1898.3599999999999	0.0068786145925919893
Li+	2	1900.03	0.0066999279004740326
Li+	2	1901.7	0.0065239287314561752
Li+	2	1903.3699999999999	0.0063496092643758805
Li+	2	1905.03	0.0061763648065356275
Li+	2	1906.7	0.0060032883188891285
Li+	2	1908.3699999999999	0.0058299430789326223
Li+	2	1910.04	0.0056556907999298295
Li+	2	1911.71	0.0054804642938032508
Li+	2	1913.3800000000001	0.0053038940261266208
Li+	2	1915.04	0.0051262151551712005
Li+	2	1916.71	0.0049476628392082483
Li+	2	1918.3800000000001	0.0047688081768965341
Li+	2	1920.05	0.0045901886728560775
Li+	2	1921.72	0.0044127113661331634
Li+	2	1923.3800000000001	0.0042371489196190741
Li+	2	1925.05	0.0040644755604375901
Li+	2	1926.72	0.003895598327635
Li+	2	1928.3900000000001	0.0037314242602575873
Li+	2	1930.0599999999999	0.0035725244569641216
Li+	2	1931.73	0.0034195036104521276
Li+	2	1933.3900000000001	0.0032728320372641217
Li+	2	1935.0599999999999	0.0031326777075938576
Li+	2	1936.73	0.0029989734333638386
Li+	2	1938.4000000000001	0.0028716856205353125
Li+	2	1940.0699999999999	0.0027504447346820078
Li+	2	1941.73	0.0026347804592614164
Li+	2	1943.4000000000001	0.0025242560717697667
Li+	2	1945.0699999999999	0.0024183004735482891
Li+	2	1946.74	0.0023163425659382107
Li+	2	1948.4100000000001	0.0022179456264357681
Li+	2	1950.0799999999999	0.0021225385563821879
Li+	2	1951.74	0.0020296846332736986
Li+	2	1953.4100000000001	0.0019390479167227966
Li+	2	1955.0799999999999	0.0018503260603807156
Li+	2	1956.75	0.0017634182821312026
Li+	2	1958.4200000000001	0.0016780558296642474
Li+	2	1960.0799999999999	0.0015942051089411014
Li+	2	1961.75	0.0015118997140005129
Li+	2	1963.4200000000001	0.0014311060508037264
Li+	2	1965.0899999999999	0.0013520256835832585
Li+	2	1966.76	0.0012747593944553589
Li+	2	1968.4200000000001	0.0011995759357300358
Li+	2	1970.0899999999999	0.0011266768716397988
Li+	2	1971.76	0.001056532518727166
Li+	2	1973.4300000000001	0.00098934444122464348
Li+	2	1975.0999999999999	0.00092561654971349985
Li+	2	1976.77	0.00086578556669750434
Li+	2	1978.4300000000001	0.00081022102660291873
Li+	2	1980.0999999999999	0.00075946043404976358
Li+	2	1981.77	0.00071390691750305253
Li+	2	1983.4400000000001	0.00067379563523404574
Li+	2	1985.1099999999999	0.00063946252763025788
Li+	2	1986.77	0.00061114275296294521
Li+	2	1988.4400000000001	0.00058886990527085828
Li+	2	1990.1099999999999	0.00057267757859275092
Li+	2	1991.78	0.00056236420869611365
Li+	2	1993.45	0.00055772823134843873
Li+	2	1995.1199999999999	0.00055846730020096716
Li+	2	1996.78	0.0005641782867886817
Li+	2	1998.45	0.00057415571629780603
Li+	2	2000.1199999999999	0.00058779489603081865
Li+	2	2001.79	0.00060452472732894669
Li+	2	2003.46	0.00062353895326215907
Li+	2	2005.1199999999999	0.00064389694074542321
Li+	2	2006.79	0.00066496040304246543
Li+	2	2008.46	0.00068568792495199286
Li+	2	2010.1300000000001	0.00070523965550522776
Li+	2	2011.8	0.00072274214969463469
Li+	2	2013.47	0.00073735555655143209
Li+	2	2015.1300000000001	0.00074824002510684223
Li+	2	2016.8	0.00075469008054708346
Li+	2	2018.47	0.00075593305998088037
Li+	2	2020.1400000000001	0.00075146505282696285
Li+	2	2021.8099999999999	0.00074088293062031518
Li+	2	2023.47	0.00072388434701217686
Li+	2	2025.1400000000001	0.00070036851988629475
Li+	2	2026.8099999999999	0.00067040263732016958
Li+	2	2028.48	0.00063425545162381183
Li+	2	2030.1500000000001	0.00059256524953349692
Li+	2	2031.8099999999999	0.00054586953566924381
Li+	2	2033.48	0.00049500816099983381
Li+	2	2035.1500000000001	0.00044102254072655805
Li+	2	2036.8199999999999	0.00038522284236071238
Li+	2	2038.49	0.00032868407514234014
Li+	2	2040.1600000000001	0.00027281718869899378
Li+	2	2041.8199999999999	0.00021899953861947169
Li+	2	2043.49	0.00016857488645382948
Li+	2	2045.1600000000001	0.00012281980567461072
Li+	2	2046.8299999999999	8.2977275715616112e-05
Li+	2	2048.5	4.9954335623125954e-05
Li+	2	2050.1599999999999	2.4758806559680958e-05
Li+	2	2051.8299999999999	8.0289752615529309e-06
Li+	2	2053.5	0
Li+	2	2055.1700000000001	1.007821162538844e-06
Li+	2	2056.8400000000001	1.0918062594160554e-05
Li+	2	2058.5100000000002	2.9327595829851456e-05
Li+	2	2060.1700000000001	5.5564540094587521e-05
Li+	2	2061.8400000000001	8.8990608652091347e-05
Li+	2	2063.5100000000002	0.00012836282206856969
Li+	2	2065.1799999999998	0.00017284132937523926
Li+	2	2066.8499999999999	0.00022098158690579716
Li+	2	2068.5100000000002	0.00027164139734269936
Li+	2	2070.1799999999998	0.00032347699913589409
Li+	2	2071.8499999999999	0.00037541338304534366
Li+	2	2073.52	0.00042617397559850065
Li+	2	2075.1900000000001	0.00047478454967157482
Li+	2	2076.8600000000001	0.00052033806621828581
Li+	2	2078.52	0.00056212905042485372
Li+	2	2080.1900000000001	0.00059941843343875364
Li+	2	2081.8600000000001	0.00063187027487247274
Li+	2	2083.5300000000002	0.00065918222837724834
Li+	2	2085.1999999999998	0.00068115272972057279
Li+	2	2086.8600000000001	0.00069781537294119817
Li+	2	2088.5300000000002	0.00070937172227163246
Li+	2	2090.1999999999998	0.00071605693598313352
Li+	2	2091.8699999999999	0.00071844211273447271
Li+	2	2093.54	0.00071719913330067569
Li+	2	2095.1999999999998	0.00071293269037926591
Li+	2	2096.8699999999999	0.00070654982301652548
Li+	2	2098.54	0.00069895757025874034
Li+	3	2900.9200000000001	0.014213436231426107
Li+	3	2902.5900000000001	0.014398001880325537
Li+	3	2904.2600000000002	0.014581895648449944
Li+	3	2905.9299999999998	0.014763639398094264
Li+	3	2907.5999999999999	0.014941855773669705
Li+	3	2909.27	0.015115436171897471
Li+	3	2910.9299999999998	0.015283305583537526
Li+	3	2912.5999999999999	0.015444859315892338
Li+	3	2914.27	0.015599291112031888
Li+	3	2915.9400000000001	0.015746365813684909
Li+	3	2917.6100000000001	0.015885881856618898
Li+	3	2919.27	0.016017772052756347
Li+	3	2920.9400000000001	0.016142305154407274
Li+	3	2922.6100000000001	0.016259682725804182
Li+	3	2924.2800000000002	0.016370475865605839
Li+	3	2925.9499999999998	0.016475121296316019
Li+	3	2927.6100000000001	0.01657449246294225
Li+	3	2929.2800000000002	0.016669429216453313
Li+	3	2930.9499999999998	0.016760704219740491
Li+	3	2932.6199999999999	0.016849526858198825
Li+	3	2934.29	0.016936938547029604
Li+	3	2935.96	0.017024115077589129
Li+	3	2937.6199999999999	0.017112433805466194
Li+	3	2939.29	0.017203305680288359
Li+	3	2940.96	0.017297973681489411
Li+	3	2942.6300000000001	0.01739808391696817
Li+	3	2944.3000000000002	0.017505080930390937
Li+	3	2945.96	0.017620375671385264
Li+	3	2947.6300000000001	0.017745412683617456
Li+	3	2949.3000000000002	0.017881535728637571
Li+	3	2950.9699999999998	0.018030021379918146
Li+	3	2952.6399999999999	0.018191978240737972
Li+	3	2954.3099999999999	0.018368414132259595
Li+	3	2955.9699999999998	0.018559900153141785
Li+	3	2957.6399999999999	0.018766839431849553
Li+	3	2959.3099999999999	0.018989567908770419
Li+	3	2960.98	0.019228421524291883
Li+	3	2962.6500000000001	0.019482728397638933
Li+	3	2964.3099999999999	0.019751816648036529
Li+	3	2965.98	0.020035014394709668
Li+	3	2967.6500000000001	0.020331313816495788
Li+	3	2969.3200000000002	0.020639035211457341
Li+	3	2970.9899999999998	0.020956834818044272
Li+	3	2972.6599999999999	0.021283032934319022
Li+	3	2974.3200000000002	0.021616285798731531
Li+	3	2975.9899999999998	0.021954577768956731
Li+	3	2977.6599999999999	0.022295893202669545
Li+	3	2979.3299999999999	0.022638888338319924
Li+	3	2981	0.022981883473970302
Li+	3	2982.6599999999999	0.023323534848070628
Li+	3	2984.3299999999999	0.02366249869907085
Li+	3	2986	0.023997767205808436
Li+	3	2987.6700000000001	0.024328668487508361
Li+	3	2989.3400000000001	0.024654866603783104
Li+	3	2991	0.024975353733470141
Li+	3	2992.6700000000001	0.025290465816956969
Li+	3	2994.3400000000001	0.02560053879463111
Li+	3	2996.0100000000002	0.025905236726105049
Li+	3	2997.6799999999998	0.026205567432541321
Li+	3	2999.3499999999999	0.026502202794714963
Li+	3	3001.0100000000002	0.026795478753013469
Li+	3	3002.6799999999998	0.027086403128599394
Li+	3	3004.3499999999999	0.027375983742635262
Li+	3	3006.02	0.027665900297058649
Li+	3	3007.6900000000001	0.027956488732257062
Li+	3	3009.3499999999999	0.028249092809780545
Li+	3	3011.02	0.028545056291179156
Li+	3	3012.6900000000001	0.028845051057227913
Li+	3	3014.3600000000001	0.029150420869476879
Li+	3	3016.0300000000002	0.029461501668313562
Li+	3	3017.6999999999998	0.029779637215288
Li+	3	3019.3600000000001	0.030104491570012697
Li+	3	3021.0300000000002	0.030437408494037699
Li+	3	3022.6999999999998	0.030777716106587975
Li+	3	3024.3699999999999	0.031126086288438552
Li+	3	3026.04	0.031482183099201921
Li+	3	3027.6999999999998	0.031846006538878084
Li+	3	3029.3699999999999	0.032216884726692006
Li+	3	3031.04	0.032594817662643695
Li+	3	3032.71	0.032979133465958127
Li+	3	3034.3800000000001	0.03336949619624778
Li+	3	3036.0500000000002	0.033765233972737632
Li+	3	3037.71	0.034166346795427696
Li+	3	3039.3800000000001	0.034571826843155413
Li+	3	3041.0500000000002	0.034981674115920805
Li+	3	3042.7199999999998	0.035395216732948827
Li+	3	3044.3899999999999	0.03581178281346447
Li+	3	3046.0500000000002	0.03623137235746772
Li+	3	3047.7199999999998	0.036652977543796046
Li+	3	3049.3899999999999	0.037076598372449449
Li+	3	3051.0599999999999	0.037501562962652904
Li+	3	3052.73	0.037927535374018898
Li+	3	3054.3899999999999	0.038353507785384884
Li+	3	3056.0599999999999	0.038779816137138393
Li+	3	3057.73	0.039205788548504386
Li+	3	3059.4000000000001	0.03963108907909535
Li+	3	3061.0700000000002	0.040055381788523782
Li+	3	3062.7399999999998	0.040478666676789669
Li+	3	3064.4000000000001	0.040900943743893026
Li+	3	3066.0700000000002	0.041321877049446322
Li+	3	3067.7399999999998	0.041742138474224602
Li+	3	3069.4099999999999	0.042161392077840344
Li+	3	3071.0799999999999	0.042579973800681063
Li+	3	3072.7399999999998	0.04299821958313426
Li+	3	3074.4099999999999	0.043416129425199949
Li+	3	3076.0799999999999	0.043833703326878123
Li+	3	3077.75	0.044251277228556304
Li+	3	3079.4200000000001	0.044668851130234485
Li+	3	3081.0900000000001	0.045086089091525151
Li+	3	3082.75	0.045502655172040787
Li+	3	3084.4200000000001	0.045918549371781393
Li+	3	3086.0900000000001	0.046332763869584452
Li+	3	3087.7600000000002	0.046744626784674913
Li+	3	3089.4299999999998	0.047154138117052782
Li+	3	3091.0900000000001	0.047559954105168022
Li+	3	3092.7600000000002	0.047961738808633109
Li+	3	3094.4299999999998	0.048359156287060528
Li+	3	3096.0999999999999	0.048751534659675251
Li+	3	3097.77	0.049138537986089789
Li+	3	3099.4400000000001	0.049520838147079138
Li+	3	3101.0999999999999	0.049897763261868289
Li+	3	3102.77	0.050270657092007287
Li+	3	3104.4400000000001	0.050640191518271163
Li+	3	3106.1100000000001	0.051007374361822448
Li+	3	3107.7800000000002	0.051373549384211195
Li+	3	3109.4400000000001	0.05174073222776248
Li+	3	3111.1100000000001	0.052110602594413871
Li+	3	3112.7800000000002	0.052485176126490424
Li+	3	3114.4499999999998	0.052867140347092258
Li+	3	3116.1199999999999	0.05325851089854447
Li+	3	3117.7800000000002	0.053661975303947104
Li+	3	3119.4499999999998	0.054079549205625285
Li+	3	3121.1199999999999	0.054513584186291569
Li+	3	3122.79	0.054966767769046083
Li+	3	3124.46	0.055440443715438867
Li+	3	3126.1300000000001	0.055936963608182511
Li+	3	3127.79	0.056457335268439553
Li+	3	3129.46	0.057002902457760032
Li+	3	3131.1300000000001	0.057574001116531479
Li+	3	3132.8000000000002	0.058171303125528893
Li+	3	3134.4699999999998	0.058794472544364804
Li+	3	3136.1300000000001	0.059443509373039168
Li+	3	3137.8000000000002	0.060116733909614438
Li+	3	3139.4699999999998	0.060813810213703107
Li+	3	3141.1399999999999	0.061533058583367606
Li+	3	3142.8099999999999	0.062272799316670374
Li+	3	3144.48	0.063032024592448888
Li+	3	3146.1399999999999	0.063808382827990534
Li+	3	3147.8099999999999	0.06460019432135776
Li+	3	3149.48	0.065406115311000504
Li+	3	3151.1500000000001	0.066224466094981241
Li+	3	3152.8200000000002	0.067053902911749882
Li+	3	3154.48	0.067892410118981339
Li+	3	3156.1500000000001	0.068740323657063174
Li+	3	3157.8200000000002	0.069594620062507759
Li+	3	3159.4899999999998	0.070454627454540036
Li+	3	3161.1599999999999	0.071320345833160048
Li+	3	3162.8299999999999	0.07219043143681772
Li+	3	3164.4899999999998	0.073065556146288069
Li+	3	3166.1599999999999	0.073943704319246031
Li+	3	3167.8299999999999	0.07482521189607913
Li+	3	3169.5	0.075711758578724919
Li+	3	3171.1700000000001	0.076603008426795863
Li+	3	3172.8299999999999	0.077500305201842062
Li+	3	3174.5	0.078403312963475968
Li+	3	3176.1700000000001	0.079313711413635149
Li+	3	3177.8400000000001	0.080233180254257144
Li+	3	3179.5100000000002	0.081161047604567008
Li+	3	3181.1700000000001	0.082098657226114688
Li+	3	3182.8400000000001	0.083046345059287777
Li+	3	3184.5100000000002	0.084003775163698724
Li+	3	3186.1799999999998	0.084969267837409976
Li+	3	3187.8499999999999	0.08594416684197155
Li+	3	3189.52	0.086925784654283411
Li+	3	3191.1799999999998	0.087912105632020426
Li+	3	3192.8499999999999	0.088903129775182652
Li+	3	3194.52	0.089897177381832463
Li+	3	3196.1900000000001	0.090892568750032335
Li+	3	3197.8600000000001	0.091889639820169774
Li+	3	3199.52	0.09288738277108223
Li+	3	3201.1900000000001	0.093887141364319748
Li+	3	3202.8600000000001	0.094889923421044908
Li+	3	3204.5300000000002	0.095898752404745283
Li+	3	3206.1999999999998	0.096914636136583424
Li+	3	3207.8699999999999	0.097943285603147037
Li+	3	3209.5300000000002	0.098986380506373692
Li+	3	3211.1999999999998	0.10004963183285111
Li+	3	3212.8699999999999	0.10113673492684194
Li+	3	3214.54	0.10225104919222128
Li+	3	3216.21	0.10339593403286423
Li+	3	3217.8699999999999	0.10457441291225847
Li+	3	3219.54	0.10578850147272907
Li+	3	3221.21	0.10703920753543852
Li+	3	3222.8800000000001	0.10832686704077438
Li+	3	3224.5500000000002	0.10964980028679903
Li+	3	3226.21	0.11100767133312502
Li+	3	3227.8800000000001	0.11239678483548965
Li+	3	3229.5500000000002	0.11381478921118041
Li+	3	3231.2199999999998	0.11525698129477202
Li+	3	3232.8899999999999	0.11671932980161444
Li+	3	3234.5599999999999	0.11819948314899502
Li+	3	3236.2199999999998	0.11969173035032603
Li+	3	3237.8899999999999	0.12119304794211989
Li+	3	3239.5599999999999	0.12270209216282656
Li+	3	3241.23	0.12421415984702081
Li+	3	3242.9000000000001	0.1257295869350902
Li+	3	3244.5599999999999	0.12724770154625969
Li+	3	3246.23	0.12876783179975426
Li+	3	3247.9000000000001	0.13029098551673643
Li+	3	3249.5700000000002	0.13181850645875628
Li+	3	3251.2399999999998	0.13335308214891389
Li+	3	3252.9099999999999	0.13489672822953436
Li+	3	3254.5700000000002	0.13645179628333023
Li+	3	3256.2399999999998	0.13802063789301414
Li+	3	3257.9099999999999	0.1396045968201361
Li+	3	3259.5799999999999	0.14120770434934626
Li+	3	3261.25	0.1428302964210322
Li+	3	3262.9099999999999	0.14447472461790645
Li+	3	3264.5799999999999	0.14614031705919397
Li+	3	3266.25	0.14782908938721989
Li+	3	3267.9200000000001	0.14954003378082159
Li+	3	3269.5900000000001	0.15127516588232426
Li+	3	3271.2600000000002	0.15303314193017772
Li+	3	3272.9200000000001	0.15481362598399459
Li+	3	3274.5900000000001	0.15661628210338727
Li+	3	3276.2600000000002	0.1584421181095183
Li+	3	3277.9299999999998	0.16028945430045016
Li+	3	3279.5999999999999	0.16215896255695783
Li+	3	3281.2600000000002	0.16405165070020392
Li+	3	3282.9299999999998	0.16596583902825077
Li+	3	3284.5999999999999	0.16790387912381102
Li+	3	3286.27	0.16986476316572213
Li+	3	3287.9400000000001	0.17185017085592166
Li+	3	3289.5999999999999	0.17385909437324709
Li+	3	3291.27	0.17589220559847343
Li+	3	3292.9400000000001	0.1779498404719882
Li+	3	3294.6100000000001	0.18003132711301634
Li+	3	3296.2800000000002	0.18213800928310792
Li+	3	3297.9499999999998	0.18426753539955038
Li+	3	3299.6100000000001	0.18642091328350621
Li+	3	3301.2800000000002	0.18859747105420041
Li+	3	3302.9499999999998	0.19079552900969543
Li+	3	3304.6199999999999	0.19301676685192884
Li+	3	3306.29	0.19525950487896301
Li+	3	3307.9499999999998	0.19752441497157305
Li+	3	3309.6199999999999	0.1998131768316965
Li+	3	3311.29	0.20212511857855828
Li+	3	3312.96	0.20446359961603358
Li+	3	3314.6300000000001	0.20682895588450986
Li+	3	3316.3000000000002	0.20922454678786231
Li+	3	3317.96	0.21165272390880349
Li+	3	3319.6300000000001	0.21411483100888343
Li+	3	3321.3000000000002	0.21661523531313978
Li+	3	3322.9699999999998	0.21915494464273513
Li+	3	3324.6399999999999	0.2217376543419321
Li+	3	3326.3000000000002	0.22436638787421828
Li+	3	3327.9699999999998	0.22704248900114374
Li+	3	3329.6399999999999	0.22976864524580859
Li+	3	3331.3099999999999	0.23254788007170044
Li+	3	3332.98	0.23538153724036931
Li+	3	3334.6500000000001	0.23827297615569035
Li+	3	3336.3099999999999	0.24122454840037616
Li+	3	3337.98	0.24423826961675182
Li+	3	3339.6500000000001	0.24731783514907996
Li+	3	3341.3200000000002	0.25046660440123564
Li+	3	3342.9899999999998	0.25368659301554403
Li+	3	3344.6500000000001	0.25698250415743029
Li+	3	3346.3200000000002	0.26035601752883192
Li+	3	3347.9899999999998	0.26381116441439911
Li+	3	3349.6599999999999	0.26734861669490695
Li+	3	3351.3299999999999	0.27097240565500552
Li+	3	3352.9899999999998	0.27467984377159471
Li+	3	3354.6599999999999	0.27847261074661206
Li+	3	3356.3299999999999	0.28234633935502002
Li+	3	3358	0.2862983420737184
Li+	3	3359.6700000000001	0.29032223603534446
Li+	3	3361.3400000000001	0.29440962273021043
Li+	3	3363	0.29855143176785337
Li+	3	3364.6700000000001	0.30273556929432299
Li+	3	3366.3400000000001	0.30694994145566867
Li+	3	3368.0100000000002	0.31118043875561502
Li+	3	3369.6799999999998	0.31541295169788641
Li+	3	3371.3400000000001	0.31963404266698237
Li+	3	3373.0100000000002	0.32383094592817746
Li+	3	3374.6799999999998	0.32798652852170845
Li+	3	3376.3499999999999	0.33209843886486279
Li+	3	3378.02	0.33615323934214009
Li+	3	3379.6900000000001	0.34014757054966505
Li+	3	3381.3499999999999	0.34407807308356259
Li+	3	3383.02	0.34794810634770784
Li+	3	3384.6900000000001	0.35175431093822579
Li+	3	3386.3600000000001	0.35550676506674167
Li+	3	3388.0300000000002	0.35921218754100576
Li+	3	3389.6900000000001	0.36287729716876838
Li+	3	3391.3600000000001	0.36651553156552996
Li+	3	3393.0300000000002	0.370140328346791
Li+	3	3394.6999999999998	0.37375840632030183
Li+	3	3396.3699999999999	0.37737984369768784
Li+	3	3398.04	0.38102143749832451
Li+	3	3399.6999999999998	0.38468654712608713
Li+	3	3401.3699999999999	0.38838189138872586
Li+	3	3403.04	0.39212090790174126
Li+	3	3404.71	0.39590023726125811
Li+	3	3406.3800000000001	0.39972659827502682
Li+	3	3408.04	0.4036033503469223
Li+	3	3409.71	0.40753049347694476
Li+	3	3411.3800000000001	0.41150466826121895
Li+	3	3413.0500000000002	0.41552587469974495
Li+	3	3414.7199999999998	0.41959411279252268
Li+	3	3416.3800000000001	0.42370938253955215
Li+	3	3418.0500000000002	0.4278649651330832
Li+	3	3419.7199999999998	0.43206086057311566
Li+	3	3421.3899999999999	0.43629370945577461
Li+	3	3423.0599999999999	0.4405635117810599
Li+	3	3424.73	0.4448635487412213
Li+	3	3426.3899999999999	0.44919717974013407
Li+	3	3428.0599999999999	0.45355432656617262
Li+	3	3429.73	0.4579383486232122
Li+	3	3431.4000000000001	0.46234252710350254
Li+	3	3433.0700000000002	0.46676014319929343
Li+	3	3434.73	0.47119119691058475
Li+	3	3436.4000000000001	0.47562896942962635
Li+	3	3438.0700000000002	0.48006674194866794
Li+	3	3439.7399999999998	0.48449779565995926
Li+	3	3441.4099999999999	0.48891205235187501
Li+	3	3443.0799999999999	0.49330951202441509
Li+	3	3444.7399999999998	0.49767673706207904
Li+	3	3446.4099999999999	0.50200364925324148
Li+	3	3448.0799999999999	0.50628352979015223
Li+	3	3449.75	0.51050965986506081
Li+	3	3451.4200000000001	0.51467532067021726
Li+	3	3453.0799999999999	0.51877043399399603
Li+	3	3454.75	0.52279164043252191
Li+	3	3456.4200000000001	0.52673222117804486
Li+	3	3458.0900000000001	0.53059553563443995
Li+	3	3459.7600000000002	0.534378224397832
Li+	3	3461.4299999999998	0.53808364687209609
Li+	3	3463.0900000000001	0.5417151624611074
Li+	3	3464.7600000000002	0.54528284937649141
Li+	3	3466.4299999999998	0.54878670761824788
Li+	3	3468.0999999999999	0.55224689360962786
Li+	3	3469.77	0.55567012615838118
Li+	3	3471.4299999999998	0.55906984288000894
Li+	3	3473.0999999999999	0.56245276258226096
Li+	3	3474.77	0.56583568228451298
Li+	3	3476.4400000000001	0.56922868019839024
Li+	3	3478.1100000000001	0.57263511572776826
Li+	3	3479.77	0.57606842648814716
Li+	3	3481.4400000000001	0.57952861247952692
Li+	3	3483.1100000000001	0.58301903310578307
Li+	3	3484.7800000000002	0.58654304777079025
Li+	3	3486.4499999999998	0.59009729707067382
Li+	3	3488.1199999999999	0.59367842160155826
Li+	3	3489.7800000000002	0.59728978076731876
Li+	3	3491.4499999999998	0.60091793695245499
Li+	3	3493.1199999999999	0.60456289015696685
Li+	3	3494.79	0.60822128097697925
Li+	3	3496.46	0.61189310941249198
Li+	3	3498.1199999999999	0.61556829725188
Li+	3	3499.79	0.61925020389901819
Li+	3	3501.46	0.62293882935390676
Li+	3	3503.1300000000001	0.62663417361654539
Li+	3	3504.8000000000002	0.6303362366869345
Li+	3	3506.4699999999998	0.63405173737282394
Li+	3	3508.1300000000001	0.63777731627033885
Li+	3	3509.8000000000002	0.64152641099497953
Li+	3	3511.4699999999998	0.64529566214287115
Li+	3	3513.1399999999999	0.64909178852176364
Li+	3	3514.8099999999999	0.65292486834328256
Li+	3	3516.4699999999998	0.65679154220355263
Li+	3	3518.1399999999999	0.6607018883141994
Li+	3	3519.8099999999999	0.66465926607909809
Li+	3	3521.48	0.66866367549824834
Li+	3	3523.1500000000001	0.67271847597552559
Li+	3	3524.8200000000002	0.67682366751092971
Li+	3	3526.48	0.68097589070058551
Li+	3	3528.1500000000001	0.68517850494836829
Li+	3	3529.8200000000002	0.6894214320426526
Li+	3	3531.4899999999998	0.69369795317568828
Li+	3	3533.1599999999999	0.69800134953972481
Li+	3	3534.8200000000002	0.70232154292313698
Li+	3	3536.4899999999998	0.70664845511429941
Li+	3	3538.1599999999999	0.7109619296899613
Li+	3	3539.8299999999999	0.7152552478423726
Li+	3	3541.5	0.71951161255215734
Li+	3	3543.1599999999999	0.72371422679994013
Li+	3	3544.8299999999999	0.72784629356634523
Li+	3	3546.5	0.73189773463974739
Li+	3	3548.1700000000001	0.73585175300077077
Li+	3	3549.8400000000001	0.73969155163003997
Li+	3	3551.5100000000002	0.7434104117198046
Li+	3	3553.1700000000001	0.74699153625068893
Li+	3	3554.8400000000001	0.75042820641494301
Li+	3	3556.5100000000002	0.75371034400094128
Li+	3	3558.1799999999998	0.75683123020093346
Li+	3	3559.8499999999999	0.75978750561104436
Li+	3	3561.5100000000002	0.76257581082739911
Li+	3	3563.1799999999998	0.76518942704224724
Li+	3	3564.8499999999999	0.767635073063339
Li+	3	3566.52	0.76991946769842479
Li+	3	3568.1900000000001	0.7720392515436294
Li+	3	3569.8600000000001	0.77401122161832836
Li+	3	3571.52	0.77584545613414724
Li+	3	3573.1900000000001	0.77755203330271128
Li+	3	3574.8600000000001	0.77914439073952102
Li+	3	3576.5300000000002	0.7806426848678274
Li+	3	3578.1999999999998	0.78206035330313051
Li+	3	3579.8600000000001	0.78341419306480642
Li+	3	3581.5300000000002	0.78471428236448015
Li+	3	3583.1999999999998	0.78598413702927783
Li+	3	3584.8699999999999	0.78722711646307453
Li+	3	3586.54	0.78845665828137068
Li+	3	3588.1999999999998	0.78967948129191656
Li+	3	3589.8699999999999	0.79089558549471228
Li+	3	3591.54	0.79210497088975762
Li+	3	3593.21	0.79330427807317772
Li+	3	3594.8800000000001	0.79449014764109716
Li+	3	3596.5500000000002	0.79565250138189092
Li+	3	3598.21	0.79677454227618305
Li+	3	3599.8800000000001	0.79784955151622339
Li+	3	3601.5500000000002	0.79886745089038647
Li+	3	3603.2199999999998	0.79980808397542191
Li+	3	3604.8899999999999	0.8006680913674542
Li+	3	3606.5500000000002	0.80144075425873318
Li+	3	3608.2199999999998	0.8021126350337584
Li+	3	3609.8899999999999	0.80268709309640496
Li+	3	3611.5599999999999	0.80316748785054792
Li+	3	3613.23	0.80356053810393768
Li+	3	3614.9000000000001	0.8038729626643244
Li+	3	3616.5599999999999	0.80411819914720861
Li+	3	3618.23	0.80430968516809087
Li+	3	3619.9000000000001	0.80447093655409696
Li+	3	3621.5700000000002	0.80461539092072731
Li+	3	3623.2399999999998	0.80476320469123297
Li+	3	3624.9000000000001	0.80492781548111403
Li+	3	3626.5700000000002	0.80512266090587137
Li+	3	3628.2399999999998	0.80536453798488039
Li+	3	3629.9099999999999	0.80566016552589159
Li+	3	3631.5799999999999	0.80601290293277983
Li+	3	3633.25	0.80642610960942029
Li+	3	3634.9099999999999	0.80689642615193791
Li+	3	3636.5799999999999	0.80742049315645759
Li+	3	3638.25	0.80798823241135398
Li+	3	3639.9200000000001	0.80859628451275178
Li+	3	3641.5900000000001	0.80922785244127549
Li+	3	3643.25	0.80986949858142454
Li+	3	3644.9200000000001	0.81050778531769863
Li+	3	3646.5900000000001	0.81113599384234714
Li+	3	3648.2600000000002	0.81173060832824451
Li+	3	3649.9299999999998	0.81227483175601489
Li+	3	3651.5900000000001	0.8127686641256584
Li+	3	3653.2600000000002	0.81319194901392433
Li+	3	3654.9299999999998	0.81352788940143694
Li+	3	3656.5999999999999	0.81376976648044597
Li+	3	3658.27	0.81391758025095151
Li+	3	3659.9400000000001	0.81395117428970287
Li+	3	3661.5999999999999	0.8138772674044501
Li+	3	3663.27	0.81369585959519319
Li+	3	3664.9400000000001	0.81340695086193238
Li+	3	3666.6100000000001	0.81301054120466754
Li+	3	3668.2800000000002	0.81251334943114883
Li+	3	3669.9400000000001	0.8119355319646272
Li+	3	3671.6100000000001	0.81128380761285268
Li+	3	3673.2800000000002	0.81057497339520101
Li+	3	3674.9499999999998	0.80981238871554739
Li+	3	3676.6199999999999	0.80902964761264307
Li+	3	3678.29	0.80823346889423808
Li+	3	3679.9499999999998	0.80744400898358348
Li+	3	3681.6199999999999	0.80667806490005478
Li+	3	3683.29	0.80594907425915241
Li+	3	3684.96	0.80527047467637691
Li+	3	3686.6300000000001	0.80465906317110403
Li+	3	3688.29	0.80411483974333353
Li+	3	3689.96	0.80365124200856619
Li+	3	3691.6300000000001	0.80327162937067687
Li+	3	3693.3000000000002	0.80297936123354097
Li+	3	3694.9699999999998	0.80277107819328308
Li+	3	3696.6399999999999	0.80264678024990344
Li+	3	3698.3000000000002	0.8026064674034018
Li+	3	3699.9699999999998	0.80264342084602824
Li+	3	3701.6399999999999	0.80275428117390746
Li+	3	3703.3099999999999	0.80293568898316425
Li+	3	3704.98	0.80318092546604847
Li+	3	3706.6399999999999	0.80347991241093475
Li+	3	3708.3099999999999	0.80382929041394779
Li+	3	3709.98	0.8042122624557122
Li+	3	3711.6500000000001	0.80461875032460251
Li+	3	3713.3200000000002	0.8050252381934927
Li+	3	3714.98	0.80541492904300727
Li+	3	3716.6500000000001	0.80576430704602042
Li+	3	3718.3200000000002	0.80603977816378081
Li+	3	3719.9899999999998	0.80621110776141225
Li+	3	3721.6599999999999	0.80625142060791377
Li+	3	3723.3299999999999	0.80612376326065893
Li+	3	3724.9899999999998	0.80579454168089659
Li+	3	3726.6599999999999	0.80523688063762566
Li+	3	3728.3299999999999	0.80442390489984517
Li+	3	3730	0.80333545804430428
Li+	3	3731.6700000000001	0.80196482126325286
Li+	3	3733.3299999999999	0.80030527574894061
Li+	3	3735	0.79835682150136733
Li+	3	3736.6700000000001	0.79613625553990897
Li+	3	3738.3400000000001	0.79366373428781622
Li+	3	3740.0100000000002	0.79096277357221478
Li+	3	3741.6799999999998	0.78806696743185611
Li+	3	3743.3400000000001	0.78501326930936643
Li+	3	3745.0100000000002	0.78183527324349711
Li+	3	3746.6799999999998	0.77856657327299938
Li+	3	3748.3499999999999	0.77524076343662451
Li+	3	3750.02	0.77188807836924866
Li+	3	3751.6799999999998	0.76852195568637227
Li+	3	3753.3499999999999	0.76515583300349588
Li+	3	3755.02	0.76180314793612014
Li+	3	3756.6900000000001	0.75845382227261926
Li+	3	3758.3600000000001	0.75510113720524341
Li+	3	3760.0300000000002	0.75173165511849194
Li+	3	3761.6900000000001	0.74832857899298921
Li+	3	3763.3600000000001	0.74486167419385907
Li+	3	3765.0300000000002	0.74131750310560096
Li+	3	3766.6999999999998	0.73766919049721391
Li+	3	3768.3699999999999	0.7339032987531976
Li+	3	3770.0300000000002	0.72999967145030109
Li+	3	3771.6999999999998	0.72594823037689904
Li+	3	3773.3699999999999	0.72174897553299133
Li+	3	3775.04	0.71739182870695273
Li+	3	3776.71	0.71289358691815885
Li+	3	3778.3699999999999	0.70825089076273462
Li+	3	3780.04	0.70347717785618036
Li+	3	3781.71	0.69858588581399672
Li+	3	3783.3800000000001	0.69358037404005879
Li+	3	3785.0500000000002	0.68847743955374219
Li+	3	3786.7199999999998	0.68327372295117184
Li+	3	3788.3800000000001	0.67797930244397309
Li+	3	3790.0500000000002	0.67258745922439567
Li+	3	3791.7199999999998	0.66709483388856439
Li+	3	3793.3899999999999	0.66149470762872919
Li+	3	3795.0599999999999	0.65577364282938944
Li+	3	3796.7199999999998	0.64992156127891976
Li+	3	3798.3899999999999	0.64391830655406934
Li+	3	3800.0599999999999	0.63776051925096311
Li+	3	3801.73	0.63143140235022555
Li+	3	3803.4000000000001	0.62492423704410627
Li+	3	3805.0700000000002	0.61823902333260528
Li+	3	3806.73	0.61136904240797241
Li+	3	3808.4000000000001	0.60432437248183291
Li+	3	3810.0700000000002	0.59711173236193715
Li+	3	3811.7399999999998	0.58974455966378558
Li+	3	3813.4099999999999	0.5822430108106289
Li+	3	3815.0700000000002	0.57462724222571804
Li+	3	3816.7399999999998	0.56692076973617866
Li+	3	3818.4099999999999	0.55914710916913679
Li+	3	3820.0799999999999	0.55133313575559351
Li+	3	3821.75	0.54350236532267449
Li+	3	3823.4200000000001	0.53567831369750574
Li+	3	3825.0799999999999	0.52788449670721316
Li+	3	3826.75	0.52013771137117226
Li+	3	3828.4200000000001	0.51245139530488371
Li+	3	3830.0900000000001	0.50483562671997284
Li+	3	3831.7600000000002	0.49730384323194005
Li+	3	3833.4200000000001	0.48985940424466062
Li+	3	3835.0900000000001	0.48250230975813435
Li+	3	3836.7600000000002	0.47523255977236145
Li+	3	3838.4299999999998	0.46805351369121695
Li+	3	3840.0999999999999	0.46095845270695057
Li+	3	3841.7600000000002	0.45394737681956232
Li+	3	3843.4299999999998	0.44701692662517722
Li+	3	3845.0999999999999	0.44016374271991987
Li+	3	3846.77	0.43338446569991534
Li+	3	3848.4400000000001	0.42667909556516365
Li+	3	3850.1100000000001	0.42004427291178953
Li+	3	3851.77	0.4134799977397931
Li+	3	3853.4400000000001	0.40698291064529918
Li+	3	3855.1100000000001	0.40054629282055759
Li+	3	3856.7800000000002	0.39417014426556818
Li+	3	3858.4499999999998	0.38784102736483056
Li+	3	3860.1100000000001	0.38155222331059446
Li+	3	3861.7800000000002	0.37529701329510967
Li+	3	3863.4499999999998	0.36905188149125018
Li+	3	3865.1199999999999	0.36280674968739074
Li+	3	3866.79	0.3565481802680307
Li+	3	3868.46	0.35025265740604439
Li+	3	3870.1199999999999	0.34391346229368142
Li+	3	3871.79	0.33751043850769102
Li+	3	3873.46	0.331036867240323
Li+	3	3875.1300000000001	0.32448267027995192
Li+	3	3876.8000000000002	0.31784381634192765
Li+	3	3878.46	0.31112164918780033
Li+	3	3880.1300000000001	0.30432288762532012
Li+	3	3881.8000000000002	0.29745626610456233
Li+	3	3883.4699999999998	0.290536901942965
Li+	3	3885.1399999999999	0.28358192810029142
Li+	3	3886.8099999999999	0.27661385258250482
Li+	3	3888.4699999999998	0.26965417557440602
Li+	3	3890.1399999999999	0.26272574102234592
Li+	3	3891.8099999999999	0.25585072099190026
Li+	3	3893.48	0.24905195942942004
Li+	3	3895.1500000000001	0.24234726117544333
Li+	3	3896.8099999999999	0.23575207948779572
Li+	3	3898.48	0.22927918010120271
Li+	3	3900.1500000000001	0.22293696152535211
Li+	3	3901.8200000000002	0.21672911910450657
Li+	3	3903.4899999999998	0.21065666065982858
Li+	3	3905.1500000000001	0.20471857837015567
Li+	3	3906.8200000000002	0.19890916124890004
Li+	3	3908.4899999999998	0.19322236236908655
Li+	3	3910.1599999999999	0.18765079104218987
Li+	3	3911.8299999999999	0.1821857128181347
Li+	3	3913.5	0.17681973700839576
Li+	3	3915.1599999999999	0.17154715262638531
Li+	3	3916.8299999999999	0.16636023304319059
Li+	3	3918.5	0.16125662667609897
Li+	3	3920.1700000000001	0.15623431788278541
Li+	3	3921.8400000000001	0.15129162696131238
Li+	3	3923.5	0.1464315773751674
Li+	3	3925.1700000000001	0.14165584882628812
Li+	3	3926.8400000000001	0.13697015230126219
Li+	3	3928.5100000000002	0.13237919096551484
Li+	3	3930.1799999999998	0.12788901174602127
Li+	3	3931.8499999999999	0.12350666939091924
Li+	3	3933.5100000000002	0.11923854676757151
Li+	3	3935.1799999999998	0.11509102674334082
Li+	3	3936.8499999999999	0.11106881248365232
Li+	3	3938.52	0.10717862279625627
Li+	3	3940.1900000000001	0.10342381708502781
Li+	3	3941.8499999999999	0.099806746932679491
Li+	3	3943.52	0.096329427981536445
Li+	3	3945.1900000000001	0.092993875873923729
Li+	3	3946.8600000000001	0.089798074967516239
Li+	3	3948.5300000000002	0.086740681500763958
Li+	3	3950.1900000000001	0.083820351712116839
Li+	3	3951.8600000000001	0.081033054316924674
Li+	3	3953.5300000000002	0.078375093970924903
Li+	3	3955.1999999999998	0.075842103449079809
Li+	3	3956.8699999999999	0.073429379585964238
Li+	3	3958.54	0.071131547335377951
Li+	3	3960.1999999999998	0.068944239472283342
Li+	3	3961.8699999999999	0.066862080950480171
Li+	3	3963.54	0.064880032664155762
Li+	3	3965.21	0.062992719567109903
Li+	3	3966.8800000000001	0.061196110374692456
Li+	3	3968.54	0.059484830040703207
Li+	3	3970.21	0.057855183220879527
Li+	3	3971.8800000000001	0.056302466749796241
Li+	3	3973.5500000000002	0.054822985283190698
Li+	3	3975.2199999999998	0.053413715357575282
Li+	3	3976.8899999999999	0.052070625688299864
Li+	3	3978.5500000000002	0.050791700633039352
Li+	3	3980.2199999999998	0.049573580787918618
Li+	3	3981.8899999999999	0.048414586451000108
Li+	3	3983.5599999999999	0.047313037920346253
Li+	3	3985.23	0.046267255494019492
Li+	3	3986.8899999999999	0.045275559470082258
Li+	3	3988.5599999999999	0.044337613908147049
Li+	3	3990.23	0.043452410987051313
Li+	3	3991.9000000000001	0.042618942885632519
Li+	3	3993.5700000000002	0.041836201782728143
Li+	3	3995.2399999999998	0.041103851737950642
Li+	3	3996.9000000000001	0.040420884930137506
Li+	3	3998.5700000000002	0.039785621657351153
Na+	1	60.053600000000003	0.050255069458026699
Na+	1	61.721800000000002	0.050218451955787828
Na+	1	63.390000000000001	0.050285640033290356
Na+	1	65.058099999999996	0.05042539123449559
Na+	1	66.726299999999995	0.050614525672665195
Na+	1	68.394400000000005	0.050836246328423526
Na+	1	70.062600000000003	0.051078459347820106
Na+	1	71.730699999999999	0.051332430280779648
Na+	1	73.398899999999998	0.051592784081101926
Na+	1	75.066999999999993	0.051856161344911812
Na+	1	76.735200000000006	0.052119874549109206
Na+	1	78.403400000000005	0.052383251812919106
Na+	1	80.0715	0.052646293136341477
Na+	1	81.739699999999999	0.052909670400151355
Na+	1	83.407799999999995	0.05317338360434877
Na+	1	85.075999999999993	0.053440792152808801
Na+	1	86.744100000000003	0.053711560105143961
Na+	1	88.412300000000002	0.053988039044066849
Na+	1	90.080500000000001	0.054272916492677549
Na+	1	91.748599999999996	0.0545672002721386
Na+	1	93.416799999999995	0.054873577905550093
Na+	1	95.084900000000005	0.055194400975624634
Na+	1	96.753100000000003	0.055530677303524754
Na+	1	98.421199999999999	0.055885430352738089
Na+	1	100.089	0.05625899606365211
Na+	1	101.758	0.056654061959366932
Na+	1	103.426	0.057070628039882575
Na+	1	105.09399999999999	0.057509702126361556
Na+	1	106.762	0.057972963920741451
Na+	1	108.43000000000001	0.058460077482634737
Na+	1	110.098	0.058971042812041428
Na+	1	111.76600000000001	0.05950552396857399
Na+	1	113.435	0.06006486471378248
Na+	1	115.10299999999999	0.060647721286116861
Na+	1	116.771	0.061254765566352162
Na+	1	118.43899999999999	0.061886333494875864
Na+	1	120.107	0.062541753190912985
Na+	1	121.77500000000001	0.06322102465446347
Na+	1	123.444	0.063924483825914882
Na+	1	125.11199999999999	0.064652130705267208
Na+	1	126.78	0.065403965292520433
Na+	1	128.44800000000001	0.066178307885737003
Na+	1	130.11600000000001	0.066974486604141889
Na+	1	131.78399999999999	0.06779082174579755
Na+	1	133.453	0.068625969549153898
Na+	1	135.12100000000001	0.069475898729560809
Na+	1	136.78899999999999	0.070338929585080701
Na+	1	138.45699999999999	0.071210694890675927
Na+	1	140.125	0.072089179004021411
Na+	1	141.79300000000001	0.072969678759691972
Na+	1	143.46100000000001	0.073850178515362519
Na+	1	145.13	0.074727318867157957
Na+	1	146.798	0.075600091993915708
Na+	1	148.46600000000001	0.076466818193698258
Na+	1	150.13399999999999	0.077327161526118057
Na+	1	151.80199999999999	0.078183809514275227
Na+	1	153.47	0.079037434038944768
Na+	1	155.13900000000001	0.079890386682839279
Na+	1	156.80699999999999	0.080748042492158986
Na+	1	158.47499999999999	0.081612417109228938
Na+	1	160.143	0.082488885580249333
Na+	1	161.81100000000001	0.08338147918987035
Na+	1	163.47900000000001	0.084293893282354607
Na+	1	165.148	0.085229151321189717
Na+	1	166.816	0.086189604889088278
Na+	1	168.48400000000001	0.087176597747600337
Na+	1	170.15199999999999	0.088190465837113402
Na+	1	171.81999999999999	0.08923087321723995
Na+	1	173.488	0.090295468305267412
Na+	1	175.15600000000001	0.091382235458870725
Na+	1	176.82499999999999	0.092487815274174739
Na+	1	178.49299999999999	0.093607840526141781
Na+	1	180.161	0.09473962369167177
Na+	1	181.82900000000001	0.095877789724564497
Na+	1	183.49700000000001	0.097018307340169807
Na+	1	185.16499999999999	0.098158153075000115
Na+	1	186.834	0.099292287823242689
Na+	1	188.50200000000001	0.10041836000218496
Na+	1	190.16999999999999	0.10153334614833931
Na+	1	191.83799999999999	0.10263523061938069
Na+	1	193.506	0.10372166183259648
Na+	1	195.17400000000001	0.10479129602643664
Na+	1	196.84200000000001	0.10584312537973863
Na+	1	198.511	0.10687681395211493
Na+	1	200.179	0.10789168986279052
Na+	1	201.84700000000001	0.10888842499254045
Na+	1	203.51499999999999	0.10986668340097717
Na+	1	205.18299999999999	0.1108291526112008
Na+	1	206.851	0.11177516074243632
Na+	1	208.52000000000001	0.11270873907933388
Na+	1	210.18799999999999	0.1136312313834435
Na+	1	211.85599999999999	0.11454566111825283
Na+	1	213.524	0.11545673144918703
Na+	1	215.19200000000001	0.11636679395895871
Na+	1	216.86000000000001	0.11728055181299302
Na+	1	218.529	0.11820270817671513
Na+	1	220.197	0.11913729433477523
Na+	1	221.86500000000001	0.12008733375066089
Na+	1	223.53299999999999	0.12105719364940981
Na+	1	225.20099999999999	0.12205023343489706
Na+	1	226.869	0.12306947657061035
Na+	1	228.53700000000001	0.12411626681809965
Na+	1	230.20599999999999	0.12519261981969007
Na+	1	231.874	0.1262998793369316
Na+	1	233.542	0.12743838131021187
Na+	1	235.21000000000001	0.12860946950108082
Na+	1	236.87799999999999	0.12981180014798846
Na+	1	238.54599999999999	0.13104705295287236
Na+	1	240.215	0.13231455603495743
Na+	1	241.88300000000001	0.13361430939424371
Na+	1	243.55099999999999	0.13494664897111872
Na+	1	245.21899999999999	0.13631123882519497
Na+	1	246.887	0.13770841489685995
Na+	1	248.55500000000001	0.13913750530533858
Na+	1	250.22300000000001	0.14059683034869336
Na+	1	251.892	0.14208672596731181
Na+	1	253.56	0.14360416869770626
Na+	1	255.22800000000001	0.14514747883793919
Na+	1	256.89600000000002	0.14671396886491053
Na+	1	258.56400000000002	0.14830027937474505
Na+	1	260.23200000000003	0.14990338690395524
Na+	1	261.90100000000001	0.15152093986982848
Na+	1	263.56900000000002	0.15315058668965217
Na+	1	265.23700000000002	0.15479064766148873
Na+	1	266.90499999999997	0.15643977902378814
Na+	1	268.57299999999998	0.15809798077655041
Na+	1	270.24099999999999	0.15976760450248809
Na+	1	271.91000000000003	0.16145133772470127
Na+	1	273.57799999999997	0.16315220390667767
Na+	1	275.24599999999998	0.16487591403500487
Na+	1	276.91399999999999	0.16662683533472059
Na+	1	278.58199999999999	0.16841168661357511
Na+	1	280.25	0.17023550697738107
Na+	1	281.91800000000001	0.17210400741272625
Na+	1	283.58699999999999	0.17402390672736082
Na+	1	285.255	0.17599789244438491
Na+	1	286.923	0.17803133960999876
Na+	1	288.59100000000001	0.18012592792613991
Na+	1	290.25900000000001	0.18228434491590842
Na+	1	291.92700000000002	0.18450894216201694
Na+	1	293.596	0.18679904778369041
Na+	1	295.26400000000001	0.18915667742325393
Na+	1	296.93200000000002	0.19158183108070748
Na+	1	298.60000000000002	0.19407585251760109
Na+	1	300.26799999999997	0.19663941361470985
Na+	1	301.93599999999998	0.19927385813358375
Na+	1	303.60500000000002	0.2019812017165479
Na+	1	305.27300000000002	0.20476312406553981
Na+	1	306.94099999999997	0.20762298458443471
Na+	1	308.60899999999998	0.21056179109439505
Na+	1	310.27699999999999	0.21358256705890841
Na+	1	311.94499999999999	0.2166853124779749
Na+	1	313.613	0.21987137111314453
Na+	1	315.28199999999998	0.22314074296441727
Na+	1	316.94999999999999	0.22649208427024309
Na+	1	318.61799999999999	0.22992237156713435
Na+	1	320.286	0.2334285813916035
Na+	1	321.95400000000001	0.23700668245900033
Na+	1	323.62200000000001	0.24065163566351219
Na+	1	325.291	0.2443580659589388
Na+	1	326.959	0.24811992641830505
Na+	1	328.62700000000001	0.25193318575696072
Na+	1	330.29500000000002	0.25579179704793059
Na+	1	331.96300000000002	0.25969206494695202
Na+	1	333.63099999999997	0.26362995816937485
Na+	1	335.29899999999998	0.26760245325171145
Na+	1	336.96800000000002	0.27160719861124932
Na+	1	338.63600000000002	0.27564318642682584
Na+	1	340.30399999999997	0.27970840105611594
Na+	1	341.97199999999998	0.28380250655873218
Na+	1	343.63999999999999	0.28792583887506196
Na+	1	345.30799999999999	0.29207571048200526
Na+	1	346.97699999999998	0.2962527932603371
Na+	1	348.64499999999998	0.30045708721005743
Na+	1	350.31299999999999	0.30468657668884119
Na+	1	351.98099999999999	0.30893958199475091
Na+	1	353.649	0.31321610312778647
Na+	1	355.31700000000001	0.31751278068407274
Na+	1	356.98599999999999	0.32182927872322231
Na+	1	358.654	0.32616290972213496
Na+	1	360.322	0.33050997833654822
Na+	1	361.99000000000001	0.33487384397033698
Na+	1	363.65800000000002	0.33924778781575121
Na+	1	365.32600000000002	0.34363516927666593
Na+	1	366.99400000000003	0.34802591014145579
Na+	1	368.66300000000001	0.35242672921787099
Na+	1	370.33100000000002	0.35682754829428626
Na+	1	371.99900000000002	0.3612317267745766
Na+	1	373.66699999999997	0.36563590525486694
Na+	1	375.33499999999998	0.37004008373515729
Na+	1	377.00299999999999	0.37444426221544763
Na+	1	378.67200000000003	0.37884508129186278
Na+	1	380.33999999999997	0.38324590036827799
Na+	1	382.00799999999998	0.38764336004081812
Na+	1	383.67599999999999	0.39204753852110846
Na+	1	385.34399999999999	0.39646179521302416
Na+	1	387.012	0.40088277071269013
Na+	1	388.68099999999998	0.40532390263560691
Na+	1	390.34899999999999	0.40979190978952462
Na+	1	392.017	0.4142901515783185
Na+	1	393.685	0.41882534680973876
Na+	1	395.35300000000001	0.42340421429153569
Na+	1	397.02100000000002	0.42803011342758429
Na+	1	398.68900000000002	0.43270976302563502
Na+	1	400.358	0.4374431630856877
Na+	1	402.02600000000001	0.44222695420386732
Na+	1	403.69400000000002	0.44705441757242353
Na+	1	405.36200000000002	0.45191547497973106
Na+	1	407.02999999999997	0.45680340761803956
Na+	1	408.69799999999998	0.46169805906409828
Na+	1	410.36700000000002	0.4665826322985317
Na+	1	412.03500000000003	0.47143025209033868
Na+	1	413.70299999999997	0.4762241214201437
Na+	1	415.37099999999998	0.48093064624919535
Na+	1	417.03899999999999	0.48552295134649276
Na+	1	418.70699999999999	0.48997080207715971
Na+	1	420.375	0.49425404201794559
Na+	1	422.04399999999998	0.4983390771300989
Na+	1	423.71199999999999	0.50220575099036902
Na+	1	425.38	0.50582718836775509
Na+	1	427.048	0.50918995164675629
Na+	1	428.71600000000001	0.51228396261574749
Na+	1	430.38400000000001	0.51509578365922803
Na+	1	432.053	0.51762877418107311
Na+	1	433.721	0.51988293418128273
Na+	1	435.38900000000001	0.52187506067923251
Na+	1	437.05700000000002	0.52361523188654779
Na+	1	438.72500000000002	0.52513368243810488
Na+	1	440.39299999999997	0.52645728756490462
Na+	1	442.06200000000001	0.52761628190182297
Na+	1	443.73000000000002	0.52865433769923709
Na+	1	445.39800000000002	0.52960504899589766
Na+	1	447.06599999999997	0.53050872863830667
Na+	1	448.73399999999998	0.53140904887684037
Na+	1	450.40199999999999	0.53233960375025047
Na+	1	452.06999999999999	0.53333062789341257
Na+	1	453.73899999999998	0.5344056371334529
Na+	1	455.40699999999998	0.53559150670137246
Na+	1	457.07499999999999	0.53689831480879657
Na+	1	458.74299999999999	0.53832270205185007
Na+	1	460.411	0.53986802783440802
Na+	1	462.07900000000001	0.54151413573321983
Na+	1	463.74799999999999	0.54324422872890965
Na+	1	465.416	0.54503143159047684
Na+	1	467.084	0.5468488690869201
Na+	1	468.75200000000001	0.54865286896786269
Na+	1	470.42000000000002	0.5504131965984288
Na+	1	472.08800000000002	0.55208953913211678
Na+	1	473.75599999999997	0.5536483025301755
Na+	1	475.42500000000001	0.55506261156160352
Na+	1	477.09300000000002	0.55630223159152492
Na+	1	478.76100000000002	0.55734364679281423
Na+	1	480.42899999999997	0.55817006014609516
Na+	1	482.09699999999998	0.55877475284361788
Na+	1	483.76499999999999	0.55914764667375683
Na+	1	485.43400000000003	0.55929210104038729
Na+	1	487.10199999999998	0.55921147534738425
Na+	1	488.76999999999998	0.55891920721024835
Na+	1	490.43799999999999	0.55842537484060462
Na+	1	492.10599999999999	0.55774677525782934
Na+	1	493.774	0.55690692428904764
Na+	1	495.44299999999998	0.55592261895363571
Na+	1	497.11099999999999	0.55481065627096904
Na+	1	498.779	0.55359119266429835
Na+	1	500.447	0.55228102515299915
Na+	1	502.11500000000001	0.55090702896807253
Na+	1	503.78300000000002	0.54947592291726877
Na+	1	505.45100000000002	0.54800786342383856
Na+	1	507.12	0.54652636631490803
Na+	1	508.78800000000001	0.54504150980210231
Na+	1	510.45600000000002	0.54357680971254718
Na+	1	512.12400000000002	0.54213898485399326
Na+	1	513.79200000000003	0.54074819164969112
Na+	1	515.46000000000004	0.53942122711901619
Na+	1	517.12900000000002	0.53816816947359414
Na+	1	518.79700000000003	0.53699573752117513
Na+	1	520.46500000000003	0.53591400947338452
Na+	1	522.13300000000004	0.53492298533022231
Na+	1	523.80100000000004	0.5340226650916885
Na+	1	525.46900000000005	0.53320968935390811
Na+	1	527.13800000000003	0.53247062050138028
Na+	1	528.80600000000004	0.5317886615147297
Na+	1	530.47400000000005	0.53114701537458053
Na+	1	532.14200000000005	0.5305221662538071
Na+	1	533.80999999999995	0.52988723892140832
Na+	1	535.47799999999995	0.52922207695413337
Na+	1	537.14599999999996	0.52850316452485635
Na+	1	538.81500000000005	0.52771370461420164
Na+	1	540.48299999999995	0.52683018139504356
Na+	1	542.15099999999995	0.5258492354635067
Na+	1	543.81899999999996	0.52476078860796593
Na+	1	545.48699999999997	0.52357491904004627
Na+	1	547.15499999999997	0.52229498616362324
Na+	1	548.82399999999996	0.52093778699807236
Na+	1	550.49199999999996	0.51952347796664422
Na+	1	552.15999999999997	0.51807221549258975
Na+	1	553.82799999999997	0.51661087480690993
Na+	1	555.49599999999998	0.51516969054448081
Na+	1	557.16399999999999	0.51376545972467813
Na+	1	558.83199999999999	0.51242169817462757
Na+	1	560.50099999999998	0.51115520291370509
Na+	1	562.16899999999998	0.50997941155741089
Na+	1	563.83699999999999	0.5088943241057452
Na+	1	565.505	0.50789658115483272
Na+	1	567.173	0.50698618270467355
Na+	1	568.84100000000001	0.50614297233201688
Na+	1	570.50999999999999	0.50535015301748709
Na+	1	572.178	0.50459092774170855
Na+	1	573.846	0.50384178067755547
Na+	1	575.51400000000001	0.50307919599790185
Na+	1	577.18200000000002	0.50228301727949698
Na+	1	578.85000000000002	0.50143308809909004
Na+	1	580.51900000000001	0.50050925203343044
Na+	1	582.18700000000001	0.49950479027476768
Na+	1	583.85500000000002	0.49840626520760145
Na+	1	585.52300000000002	0.49721031742805655
Na+	1	587.19100000000003	0.4959102281283827
Na+	1	588.85900000000004	0.4945127161163303
Na+	1	590.52700000000004	0.4930110625841489
Na+	1	592.19600000000003	0.49142206455121423
Na+	1	593.86400000000003	0.48974572201752631
Na+	1	595.53200000000004	0.48799547259858556
Na+	1	597.20000000000005	0.48617803510214236
Na+	1	598.86800000000005	0.48430348773982196
Na+	1	600.53599999999994	0.48238190872324982
Na+	1	602.20500000000004	0.48043009507180157
Na+	1	603.87300000000005	0.47845476559322742
Na+	1	605.54100000000005	0.47646935790302786
Na+	1	607.20899999999995	0.47448059080895316
Na+	1	608.87699999999995	0.47250526133037901
Na+	1	610.54499999999996	0.47054336946730541
Na+	1	612.21299999999997	0.46861171223910786
Na+	1	613.88199999999995	0.46671364904966162
Na+	1	615.54999999999995	0.4648558987067169
Na+	1	617.21799999999996	0.46304182061414878
Na+	1	618.88599999999997	0.46127141477195732
Na+	1	620.55399999999997	0.4595480405840176
Na+	1	622.22199999999998	0.45787169805032968
Na+	1	623.89099999999996	0.45623566836314328
Na+	1	625.55899999999997	0.45463995152245834
Na+	1	627.22699999999998	0.45307782872052471
Na+	1	628.89499999999998	0.45153922174571692
Na+	1	630.56299999999999	0.45002413059803503
Na+	1	632.23099999999999	0.44852247706585369
Na+	1	633.89999999999998	0.44702418293754742
Na+	1	635.56799999999998	0.44552252940536607
Na+	1	637.23599999999999	0.44401079766155926
Na+	1	638.904	0.44248226889837694
Na+	1	640.572	0.44093358371194374
Na+	1	642.24000000000001	0.43935466389063449
Na+	1	643.90800000000002	0.43775222824219934
Na+	1	645.577	0.43611619855501288
Na+	1	647.245	0.43444993423295036
Na+	1	648.91300000000001	0.43275679467988681
Na+	1	650.58100000000002	0.43104013929969737
Na+	1	652.24900000000002	0.42929996809238202
Na+	1	653.91700000000003	0.42754971867344133
Na+	1	655.58600000000001	0.42578939104287522
Na+	1	657.25400000000002	0.42402570400843398
Na+	1	658.92200000000003	0.42227209518561815
Na+	1	660.59000000000003	0.42052856457442767
Na+	1	662.25800000000004	0.41880854979036314
Na+	1	663.92600000000004	0.41711205083342445
Na+	1	665.59500000000003	0.41544578651136188
Na+	1	667.26300000000003	0.41381311622805061
Na+	1	668.93100000000004	0.41221739938736568
Na+	1	670.59900000000005	0.41066199539318227
Na+	1	672.26700000000005	0.4091435448416253
Na+	1	673.93499999999995	0.40766204773269465
Na+	1	675.60299999999995	0.40621414466251526
Na+	1	677.27200000000005	0.4047964762272121
Na+	1	678.94000000000005	0.40340904242678499
Na+	1	680.60799999999995	0.40204512445348384
Na+	1	682.27599999999995	0.40069800349955825
Na+	1	683.94399999999996	0.39936432016113316
Na+	1	685.61199999999997	0.39804071503433347
Na+	1	687.28099999999995	0.39672718811915914
Na+	1	688.94899999999996	0.39541702060785999
Na+	1	690.61699999999996	0.39411357190431101
Na+	1	692.28499999999997	0.39281012320076208
Na+	1	693.95299999999997	0.39151339330496338
Na+	1	695.62099999999998	0.39022002281303986
Na+	1	697.28899999999999	0.3889333711288665
Na+	1	698.95799999999997	0.38766015706019374
Na+	1	700.62599999999998	0.38639702120314628
Na+	1	702.29399999999998	0.38514396355772423
Na+	1	703.96199999999999	0.38390770293167786
Na+	1	705.63	0.38268487992113193
Na+	1	707.298	0.38147885392996167
Na+	1	708.96699999999998	0.38028290615041682
Na+	1	710.63499999999999	0.37910375539024754
Na+	1	712.303	0.37793132343782854
Na+	1	713.971	0.37676896969703483
Na+	1	715.63900000000001	0.37561669416786658
Na+	1	717.30700000000002	0.37446441863869834
Na+	1	718.976	0.37331886191728036
Na+	1	720.64400000000001	0.37217666459973747
Na+	1	722.31200000000001	0.37103110787831944
Na+	1	723.98000000000002	0.36988891056077661
Na+	1	725.64800000000002	0.36873999443548344
Na+	1	727.31600000000003	0.3675877189063152
Na+	1	728.98400000000004	0.36642872456939668
Na+	1	730.65300000000002	0.36525293321310254
Na+	1	732.32100000000003	0.36406034483743277
Na+	1	733.98900000000003	0.36284424063463711
Na+	1	735.65700000000004	0.36159790179696533
Na+	1	737.32500000000005	0.36031125011279203
Na+	1	738.99300000000005	0.35898092617824207
Na+	1	740.66200000000003	0.35759349237781496
Na+	1	742.33000000000004	0.3561489487115107
Na+	1	743.99800000000005	0.35464393577545422
Na+	1	745.66600000000005	0.35307173476189524
Na+	1	747.33399999999995	0.35143234567083365
Na+	1	749.00199999999995	0.34973248731001982
Na+	1	750.66999999999996	0.34797887848720399
Na+	1	752.33900000000006	0.34617487860626134
Na+	1	754.00699999999995	0.34433056587881705
Na+	1	755.67499999999995	0.34246273732424692
Na+	1	757.34299999999996	0.34057811175030117
Na+	1	759.01099999999997	0.33869348617635542
Na+	1	760.67899999999997	0.33681557941015994
Na+	1	762.34799999999996	0.3349611884710903
Na+	1	764.01599999999996	0.33313367276302169
Na+	1	765.68399999999997	0.33134311049757942
Na+	1	767.35199999999998	0.32959286107863878
Na+	1	769.01999999999998	0.32787956510232441
Na+	1	770.68799999999999	0.32620322256863654
Na+	1	772.35699999999997	0.32455375526594954
Na+	1	774.02499999999998	0.32292780379038855
Na+	1	775.69299999999998	0.32130857112257771
Na+	1	777.36099999999999	0.31968933845476694
Na+	1	779.029	0.31805028530409291
Na+	1	780.697	0.3163806615781552
Na+	1	782.36500000000001	0.31466736560184089
Na+	1	784.03399999999999	0.31289024095189921
Na+	1	785.702	0.31104256882057985
Na+	1	787.37	0.30910755218850716
Na+	1	789.03800000000001	0.307078472247931
Na+	1	790.70600000000002	0.30494861019110109
Na+	1	792.37400000000002	0.30270788780639191
Na+	1	794.04300000000001	0.30035697697457869
Na+	1	795.71100000000001	0.29789520581488627
Na+	1	797.37900000000002	0.2953252618504148
Na+	1	799.04700000000003	0.29265285606775193
Na+	1	800.71500000000003	0.2898850432150355
Na+	1	802.38300000000004	0.28703425308660352
Na+	1	804.05200000000002	0.28411056389408124
Na+	1	805.72000000000003	0.28112875701451928
Na+	1	807.38800000000003	0.27810227006341814
Na+	1	809.05600000000004	0.27504655629860347
Na+	1	810.72400000000005	0.27197538927596315
Na+	1	812.39200000000005	0.26890153473022271
Na+	1	814.05999999999995	0.2658360786941702
Na+	1	815.72900000000004	0.26278842749865572
Na+	1	817.39700000000005	0.25976429213026725
Na+	1	819.06500000000005	0.25676803981404223
Na+	1	820.73299999999995	0.25380067837114328
Na+	1	822.40099999999995	0.25086086404002045
Na+	1	824.06899999999996	0.2479452374167985
Na+	1	825.73800000000006	0.24505010315721479
Na+	1	827.40599999999995	0.24216840651313162
Na+	1	829.07399999999996	0.23929578025951126
Na+	1	830.74199999999996	0.236425169648216
Na+	1	832.40999999999997	0.2335538871561457
Na+	1	834.07799999999997	0.23067890931981277
Na+	1	835.74599999999998	0.22779855643727964
Na+	1	837.41499999999996	0.22491350038932131
Na+	1	839.08299999999997	0.2220281084009755
Na+	1	840.75099999999998	0.21914540393572979
Na+	1	842.41899999999998	0.21627244174172192
Na+	1	844.08699999999999	0.21341627656708967
Na+	1	845.755	0.21058362721958332
Na+	1	847.42399999999998	0.20778255626850317
Na+	1	849.09199999999998	0.20501978252159947
Na+	1	850.75999999999999	0.20230034508468489
Na+	1	852.428	0.19962861118279707
Na+	1	854.096	0.19700794021981119
Na+	1	855.76400000000001	0.19443934001688976
Na+	1	857.43299999999999	0.19192146681248273
Na+	1	859.101	0.18945230496426502
Na+	1	860.76900000000001	0.18702883100874904
Na+	1	862.43700000000001	0.18464566989973455
Na+	1	864.10500000000002	0.18229879035257146
Na+	1	865.77300000000002	0.17998348920183455
Na+	1	867.44100000000003	0.17769405546093608
Na+	1	869.11000000000001	0.17542712972600097
Na+	1	870.77800000000002	0.17317901665276658
Na+	1	872.44600000000003	0.1709470287181328
Na+	1	874.11400000000003	0.16872948622016204
Na+	1	875.78200000000004	0.16652504539730428
Na+	1	877.45000000000005	0.16433404218994702
Na+	1	879.11900000000003	0.16215614065770276
Na+	1	880.78700000000003	0.159992348621734
Na+	1	882.45500000000004	0.15784333796281586
Na+	1	884.12300000000005	0.15570910868094823
Na+	1	885.79100000000005	0.15358966077613115
Na+	1	887.45899999999995	0.15148600206952714
Na+	1	889.12699999999995	0.14939645285919873
Na+	1	890.79600000000005	0.14732101314514581
Na+	1	892.46400000000006	0.14525800322543084
Na+	1	894.13199999999995	0.14320708715966635
Na+	1	895.79999999999995	0.14116591336513973
Na+	1	897.46799999999996	0.13913448184185095
Na+	1	899.13599999999997	0.13711178476863753
Na+	1	900.80499999999995	0.13509647838394939
Na+	1	902.47299999999996	0.13309057833011154
Na+	1	904.14099999999996	0.13109240490518653
Na+	1	905.80899999999997	0.12910430969188691
Na+	1	907.47699999999998	0.12712696457098768
Na+	1	909.14499999999998	0.1251623851848139
Na+	1	910.81399999999996	0.12321191529491568
Na+	1	912.48199999999997	0.1212782424243931
Na+	1	914.14999999999998	0.1193630462751837
Na+	1	915.81799999999998	0.11746800654922505
Na+	1	917.48599999999999	0.1155941310676797
Na+	1	919.154	0.11374209171132266
Na+	1	920.822	0.11191356818209151
Na+	1	922.49099999999999	0.11010721671843619
Na+	1	924.15899999999999	0.10832404514151925
Na+	1	925.827	0.10656270968979063
Na+	1	927.495	0.10482287442286281
Na+	1	929.16300000000001	0.1031042034003483
Na+	1	930.83100000000002	0.10140636068185954
Na+	1	932.5	0.099729682207784109
Na+	1	934.16800000000001	0.098074167978121948
Na+	1	935.83600000000001	0.096442169575585684
Na+	1	937.50400000000002	0.09483503076172535
Na+	1	939.17200000000003	0.093255439059641052
Na+	1	940.84000000000003	0.091707761694370435
Na+	1	942.50900000000001	0.090194686189013648
Na+	1	944.17700000000002	0.08872158758977082
Na+	1	945.84500000000003	0.087291489360129634
Na+	1	947.51300000000003	0.085908422784740229
Na+	1	949.18100000000004	0.084576755088640238
Na+	1	950.84900000000005	0.083298165973767227
Na+	1	952.51700000000005	0.082075007022833796
Na+	1	954.18600000000004	0.08090761417622748
Na+	1	955.85400000000004	0.079795315553173221
Na+	1	957.52200000000005	0.078736095511345944
Na+	1	959.19000000000005	0.077725586825708015
Na+	1	960.85799999999995	0.076759758211609255
Na+	1	962.52599999999995	0.075832898682461958
Na+	1	964.19500000000005	0.074937953490128356
Na+	1	965.86300000000006	0.07406686006530816
Na+	1	967.53099999999995	0.073213907421413635
Na+	1	969.19899999999996	0.072370025167981952
Na+	1	970.86699999999996	0.071528494497262854
Na+	1	972.53499999999997	0.070683268482281139
Na+	1	974.20299999999997	0.069828300196061538
Na+	1	975.87199999999996	0.068959222413566404
Na+	1	977.53999999999996	0.068073347611695645
Na+	1	979.20799999999997	0.067169332028899215
Na+	1	980.87599999999998	0.066245495963239517
Na+	1	982.54399999999998	0.065303519116654163
Na+	1	984.21199999999999	0.064346424952630724
Na+	1	985.88099999999997	0.063376229113494303
Na+	1	987.54899999999998	0.062397298824282549
Na+	1	989.21699999999998	0.061415009131195665
Na+	1	990.88499999999999	0.060434399140046356
Na+	1	992.553	0.059460172016259784
Na+	1	994.221	0.058498374686811176
Na+	1	995.88999999999999	0.057553038436350679
Na+	1	997.55799999999999	0.056629202370691002
Na+	1	999.226	0.055730897774482271
Na+	1	1000.89	0.054860476230437105
Na+	1	1002.5599999999999	0.054020625261655575
Na+	1	1004.23	0.053212016748912717
Na+	1	1005.9	0.052435994453758572
Na+	1	1007.5700000000001	0.051691550555030628
Na+	1	1009.23	0.050979020993116381
Na+	1	1010.9	0.050295382304528208
Na+	1	1012.5700000000001	0.049640634489266137
Na+	1	1014.24	0.049011418143455013
Na+	1	1015.91	0.048407061386319825
Na+	1	1017.58	0.04782554857553549
Na+	1	1019.24	0.047264528128389431
Na+	1	1020.91	0.046724671925656665
Na+	1	1022.58	0.046203964325012115
Na+	1	1024.25	0.045703413147618326
Na+	1	1025.9200000000001	0.045222682453087776
Na+	1	1027.5799999999999	0.044762444122195495
Na+	1	1029.25	0.044323705976104022
Na+	1	1030.9200000000001	0.043907811776363416
Na+	1	1032.5899999999999	0.043515097463361171
Na+	1	1034.26	0.043146570858259826
Na+	1	1035.9300000000001	0.042803911662996963
Na+	1	1037.5899999999999	0.042486112056410036
Na+	1	1039.26	0.042193172038499045
Na+	1	1040.9300000000001	0.041923411907326409
Na+	1	1042.5999999999999	0.041675823841729617
Na+	1	1044.27	0.041448056258996065
Na+	1	1045.9300000000001	0.041237085695638144
Na+	1	1047.5999999999999	0.041039552747780733
Na+	1	1049.27	0.040851426130773666
Na+	1	1050.9400000000001	0.040669346440741834
Na+	1	1052.6099999999999	0.040488610512260048
Na+	1	1054.28	0.040306530822228202
Na+	1	1055.9400000000001	0.040119076085996172
Na+	1	1057.6099999999999	0.039923222840076315
Na+	1	1059.28	0.039716619501756069
Na+	1	1060.95	0.03949825824987286
Na+	1	1062.6199999999999	0.039266123442101647
Na+	1	1064.28	0.039021222899604954
Na+	1	1065.95	0.038763220681995267
Na+	1	1067.6199999999999	0.038493460550822645
Na+	1	1069.29	0.038212614386862097
Na+	1	1070.96	0.037923369713213737
Na+	1	1072.6199999999999	0.037626734351040102
Na+	1	1074.29	0.037325059883053777
Na+	1	1075.96	0.03702103383235486
Na+	1	1077.6300000000001	0.036714992139330875
Na+	1	1079.3	0.036409958267469428
Na+	1	1080.97	0.036107611918708073
Na+	1	1082.6300000000001	0.0358099687353719
Na+	1	1084.3	0.035516692777073387
Na+	1	1085.97	0.035231479388075179
Na+	1	1087.6400000000001	0.034953992627989761
Na+	1	1089.3099999999999	0.034686248139142208
Na+	1	1090.97	0.034429253742695058
Na+	1	1092.6400000000001	0.034183009438648312
Na+	1	1094.3099999999999	0.033949866809714561
Na+	1	1095.98	0.033728482094343752
Na+	1	1097.6500000000001	0.033519863113698423
Na+	1	1099.3199999999999	0.033323673927391051
Na+	1	1100.98	0.033139242654646628
Na+	1	1102.6500000000001	0.032965561474302615
Na+	1	1104.3199999999999	0.032801286624808947
Na+	1	1105.99	0.032645074344615575
Na+	1	1107.6600000000001	0.032494237110622416
Na+	1	1109.3199999999999	0.032347767101666917
Na+	1	1110.99	0.03220364867542401
Na+	1	1112.6600000000001	0.03205986618956861
Na+	1	1114.3299999999999	0.031915075882550673
Na+	1	1116	0.031768269933207659
Na+	1	1117.6600000000001	0.031619112401152061
Na+	1	1119.3299999999999	0.031465587644058796
Na+	1	1121	0.031309039423477923
Na+	1	1122.6700000000001	0.031149467739409433
Na+	1	1124.3399999999999	0.030987208532240837
Na+	1	1126.01	0.030823269623134683
Na+	1	1127.6700000000001	0.030658322892865991
Na+	1	1129.3399999999999	0.030494719924147352
Na+	1	1131.01	0.030332124776591241
Na+	1	1132.6800000000001	0.030172217152135243
Na+	1	1134.3499999999999	0.03001566893155436
Na+	1	1136.01	0.029864495757173686
Na+	1	1137.6800000000001	0.029718025748218191
Na+	1	1139.3499999999999	0.029576594845075379
Na+	1	1141.02	0.029441546809295314
Na+	1	1142.6900000000001	0.029311201938940417
Na+	1	1144.3599999999999	0.029185896174398211
Na+	1	1146.02	0.029064621694506163
Na+	1	1147.6900000000001	0.028946034737714208
Na+	1	1149.3599999999999	0.028829463423247329
Na+	1	1151.03	0.028713228049167965
Na+	1	1152.7	0.028595984853926063
Na+	1	1154.3599999999999	0.028476390075971574
Na+	1	1156.03	0.028352764013366935
Na+	1	1157.7	0.028224098844949606
Na+	1	1159.3699999999999	0.028089050809169531
Na+	1	1161.04	0.027946948025251696
Na+	1	1162.71	0.027798798314358632
Na+	1	1164.3699999999999	0.027643593855327813
Na+	1	1166.04	0.027482006528934247
Na+	1	1167.71	0.02731605197750301
Na+	1	1169.3800000000001	0.027147073962584173
Na+	1	1171.05	0.026976416245727764
Na+	1	1172.71	0.026806094469258867
Na+	1	1174.3800000000001	0.026639468037052617
Na+	1	1176.05	0.026478552591434071
Na+	1	1177.72	0.026324355953565779
Na+	1	1179.3900000000001	0.026180237527322871
Na+	1	1181.05	0.026047541074255387
Na+	1	1182.72	0.025927946296300897
Na+	1	1184.3900000000001	0.025821453193459402
Na+	1	1186.0599999999999	0.025729405527280948
Na+	1	1187.73	0.025652475178540555
Na+	1	1189.4000000000001	0.02558931838568819
Na+	1	1191.0599999999999	0.025540271089111347
Na+	1	1192.73	0.025504325467647498
Na+	1	1194.4000000000001	0.025479465878971562
Na+	1	1196.0699999999999	0.025465692323083544
Na+	1	1197.74	0.025460653217270857
Na+	1	1199.4000000000001	0.025463340740370953
Na+	1	1201.0699999999999	0.025472075190446287
Na+	1	1202.74	0.025485848746334305
Na+	1	1204.4100000000001	0.025503653586872472
Na+	1	1206.0799999999999	0.025523138129348203
Na+	1	1207.75	0.025543966433373987
Na+	1	1209.4100000000001	0.025564458797012257
Na+	1	1211.0799999999999	0.025585287101038034
Na+	1	1212.75	0.025604099762738742
Na+	1	1214.4200000000001	0.02562089678211437
Na+	1	1216.0899999999999	0.025635342218777411
Na+	1	1217.75	0.025646092311177818
Na+	1	1219.4200000000001	0.025654154880478123
Na+	1	1221.0899999999999	0.025658186165128272
Na+	1	1222.76	0.025658186165128272
Na+	1	1224.4300000000001	0.025654826761253142
Na+	1	1226.0999999999999	0.025646764191952841
Na+	1	1227.76	0.025633998457227369
Na+	1	1229.4300000000001	0.025617537378239245
Na+	1	1231.0999999999999	0.025596709074213461
Na+	1	1232.77	0.025571513545150016
Na+	1	1234.4400000000001	0.025542622671823934
Na+	1	1236.0999999999999	0.025510372394622723
Na+	1	1237.77	0.025474762713546383
Na+	1	1239.4400000000001	0.025436465509369947
Na+	1	1241.1099999999999	0.025395144841705894
Na+	1	1242.78	0.02535147259132926
Na+	1	1244.4400000000001	0.025305784698627543
Na+	1	1246.1099999999999	0.025257745223213238
Na+	1	1247.78	0.025208026045861375
Na+	1	1249.45	0.02515629122618443
Na+	1	1251.1199999999999	0.025102540764182411
Na+	1	1252.79	0.025046102779080294
Na+	1	1254.45	0.024987313211265589
Na+	1	1256.1199999999999	0.024926508001125804
Na+	1	1257.79	0.024863351208273429
Na+	1	1259.46	0.024797170951933453
Na+	1	1261.1300000000001	0.024729310993655898
Na+	1	1262.79	0.024660443214215819
Na+	1	1264.46	0.024590231673225677
Na+	1	1266.1300000000001	0.024520020132235542
Na+	1	1267.8	0.024451152352795453
Na+	1	1269.47	0.024383292394517909
Na+	1	1271.1400000000001	0.024319127780502998
Na+	1	1272.8	0.024257986629975706
Na+	1	1274.47	0.024201548644873588
Na+	1	1276.1400000000001	0.024150485705971673
Na+	1	1277.8099999999999	0.024105133753657464
Na+	1	1279.48	0.024066164668706008
Na+	1	1281.1400000000001	0.024033914391504794
Na+	1	1282.8099999999999	0.024008046981666326
Na+	1	1284.48	0.0239888983795781
Na+	1	1286.1500000000001	0.02397680452562765
Na+	1	1287.8199999999999	0.023970757598652418
Na+	1	1289.49	0.023971093539039933
Na+	1	1291.1500000000001	0.02397680452562765
Na+	1	1292.8199999999999	0.0239888983795781
Na+	1	1294.49	0.024006703220116273
Na+	1	1296.1600000000001	0.024029883106854638
Na+	1	1297.8299999999999	0.024058102099405704
Na+	1	1299.49	0.024091360197769446
Na+	1	1301.1600000000001	0.024129321461558374
Na+	1	1302.8299999999999	0.024172321831159988
Na+	1	1304.5	0.024219353485411755
Na+	1	1306.1700000000001	0.024270752364701186
Na+	1	1307.8299999999999	0.024325846588253257
Na+	1	1309.5	0.024384636156067962
Na+	1	1311.1700000000001	0.02444544136620774
Na+	1	1312.8399999999999	0.024508598159060115
Na+	1	1314.51	0.024573098713462534
Na+	1	1316.1800000000001	0.024637935208252467
Na+	1	1317.8399999999999	0.024701092001104843
Na+	1	1319.51	0.024762233151632135
Na+	1	1321.1800000000001	0.024819007077121764
Na+	1	1322.8499999999999	0.024870070016023687
Na+	1	1324.52	0.024914414147175351
Na+	1	1326.1800000000001	0.024949351947476661
Na+	1	1327.8499999999999	0.024974883416927617
Na+	1	1329.52	0.024988656972815635
Na+	1	1331.1900000000001	0.0249903366747532
Na+	1	1332.8599999999999	0.024979922522740308
Na+	1	1334.53	0.024957078576389451
Na+	1	1336.1900000000001	0.024922476716475656
Na+	1	1337.8599999999999	0.024877124764161446
Na+	1	1339.53	0.02482236648099689
Na+	1	1341.2	0.024760553449694574
Na+	1	1342.8699999999999	0.024692021610642
Na+	1	1344.53	0.024619458486939277
Na+	1	1346.2	0.024544207840136452
Na+	1	1347.8699999999999	0.024467949372171092
Na+	1	1349.54	0.024391354963818213
Na+	1	1351.21	0.024315432436240365
Na+	1	1352.8800000000001	0.024239509908662509
Na+	1	1354.54	0.024163251440697146
Na+	1	1356.21	0.024086321091956762
Na+	1	1357.8800000000001	0.024006367279728758
Na+	1	1359.55	0.023922382182850609
Na+	1	1361.22	0.023833357980159765
Na+	1	1362.8800000000001	0.023736607148556133
Na+	1	1364.55	0.02363212968803971
Na+	1	1366.22	0.023518245896672934
Na+	1	1367.8900000000001	0.023393947953293269
Na+	1	1369.5599999999999	0.023260243679063246
Na+	1	1371.22	0.023116461193207854
Na+	1	1372.8900000000001	0.02296461613805215
Na+	1	1374.5599999999999	0.022805380394371171
Na+	1	1376.23	0.022640433664102479
Na+	1	1377.9000000000001	0.02247179158957115
Na+	1	1379.5699999999999	0.022301805753489765
Na+	1	1381.23	0.022132827738570924
Na+	1	1382.9000000000001	0.021966873187139691
Na+	1	1384.5699999999999	0.021806293681908662
Na+	1	1386.24	0.021653440805590427
Na+	1	1387.9100000000001	0.021510666140897566
Na+	1	1389.5699999999999	0.021379649389767646
Na+	1	1391.24	0.021263078075300767
Na+	1	1392.9100000000001	0.0211626318994345
Na+	1	1394.5799999999999	0.021080326504493908
Na+	1	1396.25	0.021017841592416563
Na+	1	1397.9200000000001	0.020976520924752509
Na+	1	1399.5799999999999	0.020958044203439316
Na+	1	1401.25	0.020963083309252006
Na+	1	1402.9200000000001	0.020991974182578088
Na+	1	1404.5899999999999	0.021045724644580106
Na+	1	1406.26	0.021122990933708008
Na+	1	1407.9200000000001	0.021223101169186766
Na+	1	1409.5899999999999	0.021344375649078821
Na+	1	1411.26	0.021484798731059095
Na+	1	1412.9300000000001	0.02164134695163997
Na+	1	1414.5999999999999	0.021810996847333838
Na+	1	1416.27	0.021990053073878062
Na+	1	1417.9300000000001	0.022175156227397508
Na+	1	1419.5999999999999	0.022361603142467015
Na+	1	1421.27	0.022546370355598946
Na+	1	1422.9400000000001	0.022725090641755655
Na+	1	1424.6099999999999	0.022895076477837038
Na+	1	1426.27	0.023052632519580455
Na+	1	1427.9400000000001	0.023196415005435848
Na+	1	1429.6099999999999	0.023324072352690642
Na+	1	1431.28	0.023434260799794784
Na+	1	1432.95	0.0235279881679108
Na+	1	1434.6099999999999	0.023603910695488655
Na+	1	1436.28	0.023664379965240918
Na+	1	1437.95	0.023710403798330146
Na+	1	1439.6199999999999	0.023743661896693899
Na+	1	1441.29	0.023767177723819779
Na+	1	1442.96	0.023783302862420384
Na+	1	1444.6199999999999	0.023794724835595814
Na+	1	1446.29	0.023804467106833677
Na+	1	1447.96	0.023815553139621599
Na+	1	1449.6300000000001	0.023830334516672155
Na+	2	1471.3099999999999	0.024636255506314909
Na+	2	1472.98	0.024713185855055293
Na+	2	1474.6500000000001	0.024785077097982992
Na+	2	1476.3199999999999	0.024852265175485517
Na+	2	1477.99	0.024915757908725397
Na+	2	1479.6500000000001	0.024974211536152594
Na+	2	1481.3199999999999	0.025030649521254719
Na+	2	1482.99	0.025086415625581809
Na+	2	1484.6600000000001	0.025143861431846465
Na+	2	1486.3299999999999	0.025205338522761273
Na+	2	1488	0.025273198481038817
Na+	2	1489.6600000000001	0.02535080071055423
Na+	2	1491.3299999999999	0.025439824913245073
Na+	2	1493	0.025544302373761495
Na+	2	1494.6700000000001	0.02566557685365355
Na+	2	1496.3399999999999	0.025805999935633827
Na+	2	1498	0.025966915381252363
Na+	2	1499.6700000000001	0.026149666952059225
Na+	2	1501.3399999999999	0.026355598409604455
Na+	2	1503.01	0.026584373813500546
Na+	2	1504.6800000000001	0.02683599316374749
Na+	2	1506.3499999999999	0.02711012051995778
Na+	2	1508.01	0.027406084001356391
Na+	2	1509.6800000000001	0.027722875786780787
Na+	2	1511.3499999999999	0.028059152114680914
Na+	2	1513.02	0.028413905163894228
Na+	2	1514.6900000000001	0.028785119292095665
Na+	2	1516.3499999999999	0.029172122618510193
Na+	2	1518.02	0.02957256356042523
Na+	2	1519.6900000000001	0.029986442117840767
Na+	2	1521.3599999999999	0.030411742648431737
Na+	2	1523.03	0.030848801092585643
Na+	2	1524.7	0.031295265867589905
Na+	2	1526.3599999999999	0.031751808854219549
Na+	2	1528.03	0.032216750350536998
Na+	2	1529.7	0.032691434118092319
Na+	2	1531.3699999999999	0.03317384451456043
Na+	2	1533.04	0.033665325301491383
Na+	2	1534.7	0.034164196776947611
Na+	2	1536.3699999999999	0.034670458940929114
Na+	2	1538.04	0.035184447733823412
Na+	2	1539.71	0.035706499096018009
Na+	2	1541.3800000000001	0.03623459738518784
Na+	2	1543.04	0.036769750422495431
Na+	2	1544.71	0.037312294148328297
Na+	2	1546.3800000000001	0.037861892622298929
Na+	2	1548.05	0.038418881784794842
Na+	2	1549.72	0.038984605397366076
Na+	2	1551.3900000000001	0.03955872751962513
Na+	2	1553.05	0.040143935674672102
Na+	2	1554.72	0.0407405658028945
Na+	2	1556.3900000000001	0.041351977308167455
Na+	2	1558.0599999999999	0.041979849892428533
Na+	2	1559.73	0.042627542959552844
Na+	2	1561.3900000000001	0.043297744032640501
Na+	2	1563.0599999999999	0.043995156277116691
Na+	2	1564.73	0.04472280315646901
Na+	2	1566.4000000000001	0.045485387836122639
Na+	2	1568.0699999999999	0.046288621302665291
Na+	2	1569.74	0.047135862959972102
Na+	2	1571.4000000000001	0.048034167556180826
Na+	2	1573.0699999999999	0.048987902316329129
Na+	2	1574.74	0.050002778227004732
Na+	2	1576.4100000000001	0.051084506274795341
Na+	2	1578.0799999999999	0.052238797446288676
Na+	2	1579.74	0.053470690847297428
Na+	2	1581.4100000000001	0.05478522558363428
Na+	2	1583.0799999999999	0.05618777670149943
Na+	2	1584.75	0.057682375485543051
Na+	2	1586.4200000000001	0.059272717280027747
Na+	2	1588.0899999999999	0.060964177131153742
Na+	2	1589.75	0.06276011444279618
Na+	2	1591.4200000000001	0.064664224559217665
Na+	2	1593.0899999999999	0.066680202824680831
Na+	2	1594.76	0.068812752404610905
Na+	2	1596.4300000000001	0.071065904583657982
Na+	2	1598.0899999999999	0.073445034408022317
Na+	2	1599.76	0.075957532566229127
Na+	2	1601.4300000000001	0.078610789746803744
Na+	2	1603.0999999999999	0.081413540399821474
Na+	2	1604.77	0.0843765346176827
Na+	2	1606.4300000000001	0.087513210015887966
Na+	2	1608.0999999999999	0.090837340150325255
Na+	2	1609.77	0.094366057980757742
Na+	2	1611.4400000000001	0.098116160526561025
Na+	2	1613.1099999999999	0.1021081401513734
Na+	2	1614.78	0.10636282515922063
Na+	2	1616.4400000000001	0.11090205167529103
Na+	2	1618.1099999999999	0.1157486636459355
Na+	2	1619.78	0.12092617689827986
Na+	2	1621.45	0.12645777131906255
Na+	2	1623.1199999999999	0.13236696273540938
Na+	2	1624.78	0.13867525133212122
Na+	2	1626.45	0.14540581699593641
Na+	2	1628.1199999999999	0.15257881615010568
Na+	2	1629.79	0.16021272551594229
Na+	2	1631.46	0.16832669369553441
Na+	2	1633.1300000000001	0.17693650988709514
Na+	2	1634.79	0.18605762734845008
Na+	2	1636.46	0.1957028118143247
Na+	2	1638.1300000000001	0.20588415713866942
Na+	2	1639.8	0.21661106965233462
Na+	2	1641.47	0.22789228380539567
Na+	2	1643.1300000000001	0.23973250276327765
Na+	2	1644.8	0.25213508592985578
Na+	2	1646.47	0.26509969736474254
Na+	2	1648.1400000000001	0.27862264172367524
Na+	2	1649.8099999999999	0.29269384079502847
Na+	2	1651.48	0.30730019290368932
Na+	2	1653.1400000000001	0.32242053380524449
Na+	2	1654.8099999999999	0.33802496480520527
Na+	2	1656.48	0.35407955592443302
Na+	2	1658.1500000000001	0.3705339161048008
Na+	2	1659.8199999999999	0.3873309354804314
Na+	2	1661.48	0.4044000665699472
Na+	2	1663.1500000000001	0.42166404308422034
Na+	2	1664.8199999999999	0.43902880171474729
Na+	2	1666.49	0.45638684153752396
Na+	2	1668.1600000000001	0.47362394282079606
Na+	2	1669.8199999999999	0.49061580762118401
Na+	2	1671.49	0.50722470037980749
Na+	2	1673.1600000000001	0.52331624494166162
Na+	2	1674.8299999999999	0.53874262753624091
Na+	2	1676.5	0.55335939379691457
Na+	2	1678.1700000000001	0.56703552697255299
Na+	2	1679.8299999999999	0.5796299321004007
Na+	2	1681.5	0.59101495183320318
Na+	2	1683.1700000000001	0.601079725843081
Na+	2	1684.8399999999999	0.60973019082153079
Na+	2	1686.51	0.61688236167167421
Na+	2	1688.1700000000001	0.62247576912375946
Na+	2	1689.8399999999999	0.62645666271578382
Na+	2	1691.51	0.62881496423612226
Na+	2	1693.1800000000001	0.62954059547314956
Na+	2	1694.8499999999999	0.62864363463849093
Na+	2	1696.52	0.62615431636702246
Na+	2	1698.1800000000001	0.62211295350524565
Na+	2	1699.8499999999999	0.61657665591903787
Na+	2	1701.52	0.60960925228202634
Na+	2	1703.1900000000001	0.60128800888333878
Na+	2	1704.8599999999999	0.5916868326082283
Na+	2	1706.52	0.58089306795744833
Na+	2	1708.1900000000001	0.56899405943175141
Na+	2	1709.8599999999999	0.55608387033964179
Na+	2	1711.53	0.54225656398962274
Na+	2	1713.2	0.52760284428632254
Na+	2	1714.8699999999999	0.5122134151343698
Na+	2	1716.53	0.49619577745776849
Na+	2	1718.2	0.47963727575727183
Na+	2	1719.8699999999999	0.46264205155300875
Na+	2	1721.54	0.44530752755735797
Na+	2	1723.21	0.42773448588657326
Na+	2	1724.8699999999999	0.41001363044528299
Na+	2	1726.54	0.3922423839458658
Na+	2	1728.21	0.37451480969682521
Na+	2	1729.8800000000001	0.3569182521989146
Na+	2	1731.55	0.33954005595288717
Na+	2	1733.21	0.32246084665174596
Na+	2	1734.8800000000001	0.30574814831338104
Na+	2	1736.55	0.28946914901529491
Na+	2	1738.22	0.27368364614646479
Na+	2	1739.8900000000001	0.25844135888424258
Na+	2	1741.5599999999999	0.24378092037319216
Na+	2	1743.22	0.22973491683090233
Na+	2	1744.8900000000001	0.21632585626333642
Na+	2	1746.5599999999999	0.20356751222638242
Na+	2	1748.23	0.1914652597662406
Na+	2	1749.9000000000001	0.18001674730019829
Na+	2	1751.5599999999999	0.16921290443779266
Na+	2	1753.23	0.15903894980197322
Na+	2	1754.9000000000001	0.14947472696948919
Na+	2	1756.5699999999999	0.14049638417282709
Na+	2	1758.24	0.13207704618098598
Na+	2	1759.9100000000001	0.12418849400141486
Na+	2	1761.5699999999999	0.11680116488001251
Na+	2	1763.24	0.10988448824151534
Na+	2	1764.9100000000001	0.10341058103375979
Na+	2	1766.5799999999999	0.097349880502644773
Na+	2	1768.25	0.091676183297944261
Na+	2	1769.9100000000001	0.086363622009819813
Na+	2	1771.5799999999999	0.081388680811145545
Na+	2	1773.25	0.076728851695958097
Na+	2	1774.9200000000001	0.072363978241006724
Na+	2	1776.5899999999999	0.068274575903815693
Na+	2	1778.25	0.064442503903459333
Na+	2	1779.9200000000001	0.060851637101337029
Na+	2	1781.5899999999999	0.05748551441846065
Na+	2	1783.26	0.054330026358554689
Na+	2	1784.9300000000001	0.051370727484956087
Na+	2	1786.5999999999999	0.048595859884101908
Na+	2	1788.26	0.045991314059716633
Na+	2	1789.9300000000001	0.04354768368094989
Na+	2	1791.5999999999999	0.041253210834238746
Na+	2	1793.27	0.039098153248345348
Na+	2	1794.9400000000001	0.037075120234744387
Na+	2	1796.5999999999999	0.035173697641423009
Na+	2	1798.27	0.033387166660630935
Na+	2	1799.9400000000001	0.031709144425005442
Na+	2	1801.6099999999999	0.030132576186408754
Na+	2	1803.28	0.028651750958253158
Na+	2	1804.95	0.027261965575113484
Na+	2	1806.6099999999999	0.025956501229239471
Na+	2	1808.28	0.024731662576368489
Na+	2	1809.95	0.023582074570300333
Na+	2	1811.6199999999999	0.022504041866772361
Na+	2	1813.29	0.021493197240746907
Na+	2	1814.95	0.020545509407573832
Na+	2	1816.6199999999999	0.019657618963377994
Na+	2	1818.29	0.018825158683121741
Na+	2	1819.96	0.018045441043704969
Na+	2	1821.6300000000001	0.01731477070086504
Na+	2	1823.3	0.016630124191114336
Na+	2	1824.96	0.015988074922500234
Na+	2	1826.6300000000001	0.015385397867302605
Na+	2	1828.3	0.014819338314343856
Na+	2	1829.97	0.014286200919361339
Na+	2	1831.6400000000001	0.013782962218867446
Na+	2	1833.3	0.013305926868599539
Na+	2	1834.97	0.012852743285845025
Na+	2	1836.6400000000001	0.012419716126341268
Na+	2	1838.3099999999999	0.012003821926600653
Na+	2	1839.98	0.011602373163523081
Na+	2	1841.6400000000001	0.011213018254395964
Na+	2	1843.3099999999999	0.010833405616506713
Na+	2	1844.98	0.010462527428692787
Na+	2	1846.6500000000001	0.01009870398901663
Na+	2	1848.3199999999999	0.0097412634167032101
Na+	2	1849.99	0.0093902057117525323
Na+	2	1851.6500000000001	0.009045866814552106
Na+	2	1853.3199999999999	0.0087089186058769558
Na+	2	1854.99	0.0083803689068896216
Na+	2	1856.6600000000001	0.008061225538752638
Na+	2	1858.3299999999999	0.0077531682034035713
Na+	2	1859.99	0.0074572047220049613
Na+	2	1861.6600000000001	0.0071753507368818789
Na+	2	1863.3299999999999	0.0069082781288093524
Na+	2	1865	0.0066569947189499207
Na+	2	1866.6700000000001	0.0064221723880786034
Na+	2	1868.3399999999999	0.0062041470765829181
Na+	2	1870	0.0060025828440753506
Na+	2	1871.6700000000001	0.0058168078097808789
Na+	2	1873.3399999999999	0.0056464860333119834
Na+	2	1875.01	0.0054896018723435917
Na+	2	1876.6800000000001	0.0053451475057131699
Na+	2	1878.3399999999999	0.0052111072910956359
Na+	2	1880.01	0.0050861374669409461
Na+	2	1881.6800000000001	0.0049678864505365078
Na+	2	1883.3499999999999	0.0048550104803322686
Na+	2	1885.02	0.0047454939140031561
Na+	2	1886.6900000000001	0.0046383289303866355
Na+	2	1888.3499999999999	0.0045321717679326487
Na+	2	1890.02	0.0044260146054786653
Na+	2	1891.6900000000001	0.0043198574430246776
Na+	2	1893.3599999999999	0.0042133643401831792
Na+	2	1895.03	0.0041068712373416817
Na+	2	1896.6900000000001	0.0040007140748876983
Na+	2	1898.3599999999999	0.0038959006739837628
Na+	2	1900.03	0.0037927669750173901
Na+	2	1901.7	0.0036926567395386325
Na+	2	1903.3699999999999	0.0035965777887100223
Na+	2	1905.03	0.0035045301225315678
Na+	2	1906.7	0.003418193442940828
Na+	2	1908.3699999999999	0.0033372318095502874
Na+	2	1910.04	0.0032626530435224876
Na+	2	1911.71	0.0031937852640824024
Na+	2	1913.3800000000001	0.0031309644116175425
Na+	2	1915.04	0.0030735186053528862
Na+	2	1916.71	0.0030207759645134078
Na+	2	1918.3800000000001	0.0029717286679365657
Na+	2	1920.05	0.0029260407752348494
Na+	2	1921.72	0.0028820325844706998
Na+	2	1923.3800000000001	0.0028390322148690835
Na+	2	1925.05	0.0027960318452674711
Na+	2	1926.72	0.0027513517737282919
Na+	2	1928.3900000000001	0.0027046560598640388
Na+	2	1930.0599999999999	0.0026546009421246596
Na+	2	1931.73	0.0026005145397351294
Na+	2	1933.3900000000001	0.0025413890315329102
Na+	2	1935.0599999999999	0.0024768884771304875
Na+	2	1936.73	0.0024066769361403501
Na+	2	1938.4000000000001	0.0023297465873999652
Na+	2	1940.0699999999999	0.0022467693116843472
Na+	2	1941.73	0.0021570732282184817
Na+	2	1943.4000000000001	0.0020613302177773865
Na+	2	1945.0699999999999	0.0019598762207485771
Na+	2	1946.74	0.0018530471775195676
Na+	2	1948.4100000000001	0.0017411790284778659
Na+	2	1950.0799999999999	0.0016259514755610422
Na+	2	1951.74	0.0015073645187690891
Na+	2	1953.4100000000001	0.001386761919652062
Na+	2	1955.0799999999999	0.0012648155589849832
Na+	2	1956.75	0.0011428691983179041
Na+	2	1958.4200000000001	0.0010219306588133659
Na+	2	1960.0799999999999	0.00090300776163390172
Na+	2	1961.75	0.00078710832794204842
Na+	2	1963.4200000000001	0.00067490423851283561
Na+	2	1965.0899999999999	0.00056807519528382635
Na+	2	1966.76	0.00046695713864253153
Na+	2	1968.4200000000001	0.00037289383013899933
Na+	2	1970.0899999999999	0.00028689309093577045
Na+	2	1971.76	0.00021029868258289286
Na+	2	1973.4300000000001	0.0001441184262429111
Na+	2	1975.0999999999999	8.9024202690839854e-05
Na+	2	1976.77	4.6359773476738341e-05
Na+	2	1978.4300000000001	1.6797019375628752e-05
Na+	2	1980.0999999999999	1.3437615500480624e-06
Na+	2	1981.77	0
Na+	2	1983.4400000000001	1.3773555888017815e-05
Na+	2	1985.1099999999999	4.2328488826586697e-05
Na+	2	1986.77	8.5328858428203013e-05
Na+	2	1988.4400000000001	0.00014243872430534822
Na+	2	1990.1099999999999	0.00021265026529548165
Na+	2	1991.78	0.00029461971984855889
Na+	2	1993.45	0.00038733926680203934
Na+	2	1995.1199999999999	0.00048912920421836372
Na+	2	1996.78	0.00059797388977244703
Na+	2	1998.45	0.00071219362152673748
Na+	2	2000.1199999999999	0.00083010869754366473
Na+	2	2001.79	0.00094970347549815483
Na+	2	2003.46	0.0010686263726776191
Na+	2	2005.1199999999999	0.0011858695679195204
Na+	2	2006.79	0.0012990814785112702
Na+	2	2008.46	0.0014072542832903312
Na+	2	2010.1300000000001	0.0015087082803191408
Na+	2	2011.8	0.0016020997080476473
Na+	2	2013.47	0.0016867566857008244
Na+	2	2015.1300000000001	0.0017616713921161354
Na+	2	2016.8	0.0018261719465185579
Na+	2	2018.47	0.0018799224085205774
Na+	2	2020.1400000000001	0.0019232587185097048
Na+	2	2021.8099999999999	0.0019555089957109142
Na+	2	2023.47	0.0019773451208992352
Na+	2	2025.1400000000001	0.0019894389748496867
Na+	2	2026.8099999999999	0.0019921264979497902
Na+	2	2028.48	0.0019870873921370978
Na+	2	2030.1500000000001	0.0019753294785741578
Na+	2	2031.8099999999999	0.0019581965188110143
Na+	2	2033.48	0.0019370322743977189
Na+	2	2035.1500000000001	0.0019135164472718386
Na+	2	2036.8199999999999	0.0018896646797584436
Na+	2	2038.49	0.0018671566737950966
Na+	2	2040.1600000000001	0.0018473361909318532
Na+	2	2041.8199999999999	0.0018315469927187614
Na+	2	2043.49	0.0018218047214808952
Na+	2	2045.1600000000001	0.0018191171983807954
Na+	2	2046.8299999999999	0.0018238203638059692
Na+	2	2048.5	0.0018372579793064759
Na+	2	2050.1599999999999	0.0018594300448823082
Na+	2	2051.8299999999999	0.0018906725009209806
Na+	2	2053.5	0.0019303134666474673
Na+	2	2055.1700000000001	0.0019783529420617724
Na+	2	2056.8400000000001	0.0020334471656138398
Na+	2	2058.5100000000002	0.0020949242565286479
Na+	2	2060.1700000000001	0.0021611045128686335
Na+	2	2061.8400000000001	0.0022313160538587665
Na+	2	2063.5100000000002	0.0023038791775614924
Na+	2	2065.1799999999998	0.0023771141820392405
Na+	2	2066.8499999999999	0.0024493413653544553
Na+	2	2068.5100000000002	0.0025202247871196149
Na+	2	2070.1799999999998	0.0025874128646221372
Na+	2	2071.8499999999999	0.0026505696574745082
Na+	2	2073.52	0.0027083514041266791
Na+	2	2075.1900000000001	0.0027604221641911323
Na+	2	2076.8600000000001	0.0028064459972803593
Na+	2	2078.52	0.0028460869630068499
Na+	2	2080.1900000000001	0.0028793450613705963
Na+	2	2081.8600000000001	0.0029068921731466319
Na+	2	2083.5300000000002	0.0029283923579474383
Na+	2	2085.1999999999998	0.0029448534369355558
Na+	2	2086.8600000000001	0.0029572832312735218
Na+	2	2088.5300000000002	0.0029660176813488511
Na+	2	2090.1999999999998	0.0029720646083240768
Na+	2	2091.8699999999999	0.0029764318333617432
Na+	2	2093.54	0.00298012717762438
Na+	2	2095.1999999999998	0.0029834865814995057
Na+	2	2096.8699999999999	0.0029875178661496575
Na+	2	2098.54	0.0029932288527373722
Na+	3	2900.9200000000001	0.0074632516489801905
Na+	3	2902.5900000000001	0.007511627064782006
Na+	3	2904.2600000000002	0.0075616821825213853
Na+	3	2905.9299999999998	0.007614088882973353
Na+	3	2907.5999999999999	0.0076685112257503943
Na+	3	2909.27	0.007725285151240025
Na+	3	2910.9299999999998	0.0077840747190547326
Na+	3	2912.5999999999999	0.0078452158695820305
Na+	3	2914.27	0.0079080367220468861
Na+	3	2915.9400000000001	0.0079728732168368194
Na+	3	2917.6100000000001	0.0080397253539518307
Na+	3	2919.27	0.0081079212526168898
Na+	3	2920.9400000000001	0.0081777968532195135
Na+	3	2922.6100000000001	0.0082490162153721867
Na+	3	2924.2800000000002	0.0083215793390749131
Na+	3	2925.9499999999998	0.0083948143435526607
Na+	3	2927.6100000000001	0.0084687212288054349
Na+	3	2929.2800000000002	0.0085429640544457241
Na+	3	2930.9499999999998	0.0086161990589234717
Na+	3	2932.6199999999999	0.0086884262422386865
Na+	3	2934.29	0.00875863778322882
Na+	3	2935.96	0.0088264977415063676
Na+	3	2937.6199999999999	0.0088906623555212762
Na+	3	2939.29	0.0089511316252735475
Na+	3	2940.96	0.0090072336699881551
Na+	3	2942.6300000000001	0.0090589684896650972
Na+	3	2944.3000000000002	0.0091066720246918871
Na+	3	2945.96	0.0091503442750685265
Na+	3	2947.6300000000001	0.0091916649427325799
Na+	3	2949.3000000000002	0.0092309699680715555
Na+	3	2950.9699999999998	0.0092699390530230161
Na+	3	2952.6399999999999	0.0093099159591370183
Na+	3	2954.3099999999999	0.0093529163287386294
Na+	3	2955.9699999999998	0.0093999479829903979
Na+	3	2957.6399999999999	0.0094530265642173913
Na+	3	2959.3099999999999	0.0095131598935821477
Na+	3	2960.98	0.0095810198518596953
Na+	3	2962.6500000000001	0.0096572783198250588
Na+	3	2964.3099999999999	0.0097419352974782367
Na+	3	2965.98	0.0098343189040442057
Na+	3	2967.6500000000001	0.0099340931991354527
Na+	3	2969.3200000000002	0.010039914421201925
Na+	3	2970.9899999999998	0.010149766927918549
Na+	3	2972.6599999999999	0.010262642898122783
Na+	3	2974.3200000000002	0.010376190749102048
Na+	3	2975.9899999999998	0.010488730778918771
Na+	3	2977.6599999999999	0.010598583285635396
Na+	3	2979.3299999999999	0.010704404507701867
Na+	3	2981	0.010804850683568141
Na+	3	2982.6599999999999	0.010899249932459184
Na+	3	2984.3299999999999	0.010987266313987491
Na+	3	2986	0.011068899828153053
Na+	3	2987.6700000000001	0.011144822355730905
Na+	3	2989.3400000000001	0.011215705777496063
Na+	3	2991	0.011282893854998586
Na+	3	2992.6700000000001	0.01134773034978852
Na+	3	2994.3400000000001	0.011411894963803432
Na+	3	2996.0100000000002	0.011477403339368392
Na+	3	2997.6799999999998	0.011545935178420962
Na+	3	2999.3499999999999	0.011618834242511198
Na+	3	3001.0100000000002	0.011698452114351688
Na+	3	3002.6799999999998	0.011785796615104968
Na+	3	3004.3499999999999	0.011882211506321089
Na+	3	3006.02	0.011989040549550098
Na+	3	3007.6900000000001	0.012107291565954536
Na+	3	3009.3499999999999	0.012236964555534408
Na+	3	3011.02	0.012379067339452241
Na+	3	3012.6900000000001	0.012533599917708044
Na+	3	3014.3600000000001	0.012700562290301809
Na+	3	3016.0300000000002	0.012879282576458519
Na+	3	3017.6999999999998	0.013069424835790657
Na+	3	3019.3600000000001	0.013270989068298225
Na+	3	3021.0300000000002	0.013482295572043659
Na+	3	3022.6999999999998	0.013703008406639444
Na+	3	3024.3699999999999	0.013932119750923046
Na+	3	3026.04	0.014168285843344413
Na+	3	3027.6999999999998	0.014410498862741008
Na+	3	3029.3699999999999	0.014657750987950286
Na+	3	3031.04	0.014908698457422211
Na+	3	3032.71	0.015161661569219205
Na+	3	3034.3800000000001	0.01541563250217874
Na+	3	3036.0500000000002	0.01566893155436325
Na+	3	3037.71	0.015920214964222686
Na+	3	3039.3800000000001	0.016167870217896979
Na+	3	3041.0500000000002	0.016409747296906065
Na+	3	3042.7199999999998	0.016644905568164888
Na+	3	3044.3899999999999	0.01687099344896088
Na+	3	3046.0500000000002	0.017087339058519002
Na+	3	3047.7199999999998	0.017291926754514183
Na+	3	3049.3899999999999	0.017483748715783887
Na+	3	3051.0599999999999	0.017662133061553082
Na+	3	3052.73	0.017826407911046751
Na+	3	3054.3899999999999	0.017976573264264887
Na+	3	3056.0599999999999	0.018112965061595005
Na+	3	3057.73	0.018236927064587159
Na+	3	3059.4000000000001	0.018349131154016377
Na+	3	3061.0700000000002	0.018451928912595228
Na+	3	3062.7399999999998	0.018547671923036326
Na+	3	3064.4000000000001	0.018639047708439757
Na+	3	3066.0700000000002	0.018729079732293138
Na+	3	3067.7399999999998	0.018820455517696569
Na+	3	3069.4099999999999	0.018916198528137664
Na+	3	3071.0799999999999	0.019019332227104033
Na+	3	3072.7399999999998	0.019132544137695787
Na+	3	3074.4099999999999	0.019257849902237983
Na+	3	3076.0799999999999	0.019396257341893184
Na+	3	3077.75	0.019549110218211426
Na+	3	3079.4200000000001	0.019716408531192706
Na+	3	3081.0900000000001	0.019897480400062003
Na+	3	3082.75	0.020091653944044288
Na+	3	3084.4200000000001	0.020296241640039476
Na+	3	3086.0900000000001	0.020509899726497496
Na+	3	3087.7600000000002	0.020729268799543229
Na+	3	3089.4299999999998	0.02095166133607658
Na+	3	3091.0900000000001	0.021174725753384954
Na+	3	3092.7600000000002	0.021395102647593221
Na+	3	3094.4299999999998	0.021610440435988809
Na+	3	3096.0999999999999	0.021819059416634142
Na+	3	3097.77	0.022019279887591656
Na+	3	3099.4400000000001	0.022210765908473849
Na+	3	3101.0999999999999	0.022392845598505684
Na+	3	3102.77	0.022566190838462192
Na+	3	3104.4400000000001	0.022732145389893422
Na+	3	3106.1100000000001	0.022892053014349427
Na+	3	3107.7800000000002	0.02304792935415528
Na+	3	3109.4400000000001	0.023202797872798591
Na+	3	3111.1100000000001	0.023358338272216929
Na+	3	3112.7800000000002	0.023517238075510399
Na+	3	3114.4499999999998	0.023680841044229038
Na+	3	3116.1199999999999	0.023852170641860473
Na+	3	3117.7800000000002	0.024032234689567229
Na+	3	3119.4499999999998	0.024221369127736828
Na+	3	3121.1199999999999	0.024419573956369272
Na+	3	3122.79	0.024627521056239582
Na+	3	3124.46	0.024843866665797704
Na+	3	3126.1300000000001	0.025067938904268616
Na+	3	3127.79	0.025297386188939727
Na+	3	3129.46	0.025531200698648508
Na+	3	3131.1300000000001	0.025767366791069869
Na+	3	3132.8000000000002	0.026003868823878753
Na+	3	3134.4699999999998	0.026238691154750068
Na+	3	3136.1300000000001	0.026471497843296304
Na+	3	3137.8000000000002	0.026700273247192395
Na+	3	3139.4699999999998	0.026924681426050819
Na+	3	3141.1399999999999	0.027143378618321532
Na+	3	3142.8099999999999	0.027358044525942087
Na+	3	3144.48	0.027567671327749958
Na+	3	3146.1399999999999	0.027774610606457733
Na+	3	3147.8099999999999	0.027978862362065395
Na+	3	3149.48	0.028182778177285553
Na+	3	3151.1500000000001	0.02838870963483078
Na+	3	3152.8200000000002	0.028597664555863631
Na+	3	3154.48	0.028812666403871701
Na+	3	3156.1500000000001	0.029035730821180075
Na+	3	3157.8200000000002	0.02926920939050134
Na+	3	3159.4899999999998	0.029515117754160571
Na+	3	3161.1599999999999	0.029774463733320305
Na+	3	3162.8299999999999	0.030049598910693139
Na+	3	3164.4899999999998	0.030341195167054087
Na+	3	3166.1599999999999	0.030649924383178172
Na+	3	3167.8299999999999	0.030975114678290384
Na+	3	3169.5	0.031317773873553251
Na+	3	3171.1700000000001	0.031676558207416723
Na+	3	3172.8299999999999	0.032050123918330745
Na+	3	3174.5	0.032437463185132784
Na+	3	3176.1700000000001	0.03283689630588528
Na+	3	3177.8400000000001	0.033246743578650671
Na+	3	3179.5100000000002	0.033666333122653914
Na+	3	3181.1700000000001	0.034093985235957476
Na+	3	3182.8400000000001	0.034528692097398797
Na+	3	3184.5100000000002	0.03496944588581534
Na+	3	3186.1799999999998	0.03541624660120711
Na+	3	3187.8499999999999	0.035868422362799086
Na+	3	3189.52	0.036325973170591268
Na+	3	3191.1799999999998	0.036789906845746186
Na+	3	3192.8499999999999	0.037260223388263847
Na+	3	3194.52	0.037736586857756729
Na+	3	3196.1900000000001	0.038220005075387378
Na+	3	3197.8600000000001	0.038710142100768272
Na+	3	3199.52	0.039207333874286945
Na+	3	3201.1900000000001	0.039710908515168349
Na+	3	3202.8600000000001	0.040219858202249957
Na+	3	3204.5300000000002	0.040733511054756734
Na+	3	3206.1999999999998	0.041251531132301192
Na+	3	3207.8699999999999	0.041771566852170712
Na+	3	3209.5300000000002	0.042292946333590285
Na+	3	3211.1999999999998	0.042814325815009859
Na+	3	3212.8699999999999	0.043335033415654409
Na+	3	3214.54	0.043853725373973876
Na+	3	3216.21	0.044370401689968274
Na+	3	3217.8699999999999	0.044884390482862573
Na+	3	3219.54	0.045395355812269257
Na+	3	3221.21	0.045904641439738374
Na+	3	3222.8800000000001	0.046411911424882414
Na+	3	3224.5500000000002	0.046919517350413983
Na+	3	3226.21	0.047427795156720555
Na+	3	3227.8800000000001	0.04793943236690227
Na+	3	3229.5500000000002	0.048454428980959106
Na+	3	3231.2199999999998	0.04897580846237868
Na+	3	3232.8899999999999	0.049504578632323527
Na+	3	3234.5599999999999	0.050042419192731211
Na+	3	3236.2199999999998	0.05059134578592682
Na+	3	3237.8899999999999	0.051152030292685377
Na+	3	3239.5599999999999	0.05172615241494443
Na+	3	3241.23	0.052313712152703987
Na+	3	3242.9000000000001	0.052916389207901607
Na+	3	3244.5599999999999	0.05353451952092482
Na+	3	3246.23	0.054167431210998582
Na+	3	3247.9000000000001	0.054816803980060461
Na+	3	3249.5700000000002	0.055481965947335433
Na+	3	3251.2399999999998	0.056163588993598516
Na+	3	3252.9099999999999	0.056862009059237245
Na+	3	3254.5700000000002	0.057576890203864084
Na+	3	3256.2399999999998	0.058310584010191631
Na+	3	3257.9099999999999	0.059062754537832357
Na+	3	3259.5799999999999	0.059835417429111373
Na+	3	3261.25	0.060628572684028652
Na+	3	3262.9099999999999	0.061444235944909276
Na+	3	3264.5799999999999	0.062284086913690806
Na+	3	3266.25	0.06314745370959822
Na+	3	3267.9200000000001	0.064036687915344101
Na+	3	3269.5900000000001	0.064951117650153434
Na+	3	3271.2600000000002	0.065890406973638696
Na+	3	3272.9200000000001	0.066853884005024858
Na+	3	3274.5900000000001	0.067840204982761887
Na+	3	3276.2600000000002	0.068847018324137199
Na+	3	3277.9299999999998	0.069872644327213185
Na+	3	3279.5999999999999	0.070913723588114777
Na+	3	3281.2600000000002	0.071967232643354334
Na+	3	3282.9299999999998	0.07303048396983175
Na+	3	3284.5999999999999	0.074099782223284394
Na+	3	3286.27	0.07517243988061216
Na+	3	3287.9400000000001	0.076246105359102478
Na+	3	3289.5999999999999	0.077318091135655215
Na+	3	3291.27	0.078387053448720351
Na+	3	3292.9400000000001	0.079450976655972783
Na+	3	3294.6100000000001	0.080510532638187568
Na+	3	3296.2800000000002	0.081564041693427111
Na+	3	3297.9499999999998	0.082613183523629008
Na+	3	3299.6100000000001	0.083656950307630693
Na+	3	3301.2800000000002	0.084698029568532271
Na+	3	3302.9499999999998	0.085737765067883817
Na+	3	3304.6199999999999	0.086778844328785409
Na+	3	3306.29	0.08782328299356211
Na+	3	3307.9499999999998	0.088873768585314053
Na+	3	3309.6199999999999	0.089935004269466393
Na+	3	3311.29	0.091009341628731727
Na+	3	3312.96	0.092101483828535224
Na+	3	3314.6300000000001	0.093214118391977005
Na+	3	3316.3000000000002	0.094351276603707179
Na+	3	3317.96	0.095515310046438387
Na+	3	3319.6300000000001	0.096708570302883184
Na+	3	3321.3000000000002	0.097932737074979154
Na+	3	3322.9699999999998	0.099188146303113775
Na+	3	3324.6399999999999	0.10047345422573703
Na+	3	3326.3000000000002	0.10178798896207389
Na+	3	3327.9699999999998	0.1031283911082492
Na+	3	3329.6399999999999	0.10449130126038787
Na+	3	3331.3099999999999	0.10587201625306469
Na+	3	3332.98	0.10726516104007949
Na+	3	3334.6500000000001	0.10866670433678212
Na+	3	3336.3099999999999	0.11007194297774738
Na+	3	3337.98	0.11147684567832512
Na+	3	3339.6500000000001	0.11287805303464023
Na+	3	3341.3200000000002	0.11427388534475513
Na+	3	3342.9899999999998	0.11566299884711978
Na+	3	3344.6500000000001	0.11704673730328423
Na+	3	3346.3200000000002	0.11842745229596106
Na+	3	3347.9899999999998	0.11980816728863791
Na+	3	3349.6599999999999	0.12119324950635239
Na+	3	3351.3299999999999	0.12258840993569227
Na+	3	3352.9899999999998	0.12400003144402026
Na+	3	3354.6599999999999	0.1254334890775366
Na+	3	3356.3299999999999	0.126895837584379
Na+	3	3358	0.12839144418958515
Na+	3	3359.6700000000001	0.12992568393935525
Na+	3	3361.3400000000001	0.13150292405872696
Na+	3	3363	0.13312618801118792
Na+	3	3364.6700000000001	0.13479648361790061
Na+	3	3366.3400000000001	0.13651649840196517
Na+	3	3368.0100000000002	0.13828488860183158
Na+	3	3369.6799999999998	0.14010266203866231
Na+	3	3371.3400000000001	0.1419671311893573
Na+	3	3373.0100000000002	0.14387728823275403
Na+	3	3374.6799999999998	0.14583178940730238
Na+	3	3376.3499999999999	0.14782727530912732
Na+	3	3378.02	0.1498620662362912
Na+	3	3379.6900000000001	0.15193381060608149
Na+	3	3381.3499999999999	0.1540388130742355
Na+	3	3383.02	0.15617337829649064
Na+	3	3384.6900000000001	0.15833481874974678
Na+	3	3386.3600000000001	0.16051775938780374
Na+	3	3388.0300000000002	0.16271884080678639
Na+	3	3389.6900000000001	0.16493235202010698
Na+	3	3391.3600000000001	0.16715224610079032
Na+	3	3393.0300000000002	0.16937449176418623
Na+	3	3394.6999999999998	0.17159270614293204
Na+	3	3396.3699999999999	0.17380218607160247
Na+	3	3398.04	0.17599890026554743
Na+	3	3399.6999999999998	0.17818049714205433
Na+	3	3401.3699999999999	0.18034496105879813
Na+	3	3403.04	0.18249430765810382
Na+	3	3404.71	0.18462954476113397
Na+	3	3406.3800000000001	0.18675705523525132
Na+	3	3408.04	0.18888322194781865
Na+	3	3409.71	0.19101677934891126
Na+	3	3411.3800000000001	0.19316881347131704
Na+	3	3413.0500000000002	0.19535209004976153
Na+	3	3414.7199999999998	0.19757836699780759
Na+	3	3416.3800000000001	0.19986074599056827
Na+	3	3418.0500000000002	0.20221232870315656
Na+	3	3419.7199999999998	0.20464420116836035
Na+	3	3421.3899999999999	0.20716644159780506
Na+	3	3423.0599999999999	0.20978644068001592
Na+	3	3424.73	0.21250822969964309
Na+	3	3426.3899999999999	0.21533382429901166
Na+	3	3428.0599999999999	0.2182618807165716
Na+	3	3429.73	0.22128668796573514
Na+	3	3431.4000000000001	0.22440152723875209
Na+	3	3433.0700000000002	0.22759564844322203
Na+	3	3434.73	0.23085594990403194
Na+	3	3436.4000000000001	0.23416899400568128
Na+	3	3438.0700000000002	0.23752067125189463
Na+	3	3439.7399999999998	0.24089653620600887
Na+	3	3441.4099999999999	0.24428214343136098
Na+	3	3443.0799999999999	0.2476660709547755
Na+	3	3444.7399999999998	0.25103958432617718
Na+	3	3446.4099999999999	0.25439529285704066
Na+	3	3448.0799999999999	0.25773118090504088
Na+	3	3449.75	0.26104792035095287
Na+	3	3451.4200000000001	0.2643502143602019
Na+	3	3453.0799999999999	0.26764444580015057
Na+	3	3454.75	0.27094270852474933
Na+	3	3456.4200000000001	0.27425810420911134
Na+	3	3458.0900000000001	0.27760440640912448
Na+	3	3459.7600000000002	0.28099874808455189
Na+	3	3461.4299999999998	0.28445557467205668
Na+	3	3463.0900000000001	0.28798933160830187
Na+	3	3464.7600000000002	0.29161312056840044
Na+	3	3466.4299999999998	0.29533668382359018
Na+	3	3468.0999999999999	0.29916707612200899
Na+	3	3469.77	0.30310765686753194
Na+	3	3471.4299999999998	0.30715909794093404
Na+	3	3473.0999999999999	0.31131803993834012
Na+	3	3474.77	0.31558112345587525
Na+	3	3476.4400000000001	0.31993457493765115
Na+	3	3478.1100000000001	0.32437570686056788
Na+	3	3479.77	0.32888738626486225
Na+	3	3481.4400000000001	0.3334595349389089
Na+	3	3483.1100000000001	0.33808207467108242
Na+	3	3484.7800000000002	0.34274492724975753
Na+	3	3486.4499999999998	0.34743801446330869
Na+	3	3488.1199999999999	0.35214789869623553
Na+	3	3489.7800000000002	0.35687793935241313
Na+	3	3491.4499999999998	0.36161805822021609
Na+	3	3493.1199999999999	0.36636489589576926
Na+	3	3494.79	0.37111509297519762
Na+	3	3496.46	0.37587200886237615
Na+	3	3498.1199999999999	0.38063228415342987
Na+	3	3499.79	0.38539591884835872
Na+	3	3501.46	0.39016291294716265
Na+	3	3503.1300000000001	0.39493326644984184
Na+	3	3504.8000000000002	0.39970361995252091
Na+	3	3506.4699999999998	0.40447397345519998
Na+	3	3508.1300000000001	0.4092443269578791
Na+	3	3509.8000000000002	0.41400460224893282
Na+	3	3511.4699999999998	0.41875479932836113
Na+	3	3513.1399999999999	0.42349155879228895
Na+	3	3514.8099999999999	0.42820480242909087
Na+	3	3516.4699999999998	0.43289117083489181
Na+	3	3518.1399999999999	0.43754394520194151
Na+	3	3519.8099999999999	0.44215640672248968
Na+	3	3521.48	0.44672855539653633
Na+	3	3523.1500000000001	0.45124695360858097
Na+	3	3524.8200000000002	0.45571496076249873
Na+	3	3526.48	0.46012249864666416
Na+	3	3528.1500000000001	0.46446620785720222
Na+	3	3529.8200000000002	0.46874944779798805
Na+	3	3531.4899999999998	0.47296214025739619
Na+	3	3533.1599999999999	0.47710428523542669
Na+	3	3534.8200000000002	0.48117252332820443
Na+	3	3536.4899999999998	0.48516349513185431
Na+	3	3538.1599999999999	0.48907720064637622
Na+	3	3539.8299999999999	0.49290356166014487
Na+	3	3541.5	0.49663921876928513
Na+	3	3543.1599999999999	0.50028081256992185
Na+	3	3544.8299999999999	0.50382498365817985
Na+	3	3546.5	0.50726165382243393
Na+	3	3548.1700000000001	0.5105874636588088
Na+	3	3549.8400000000001	0.51379905376342927
Na+	3	3551.5100000000002	0.51689306473242047
Na+	3	3553.1700000000001	0.51986949656578219
Na+	3	3554.8400000000001	0.52272834926351452
Na+	3	3556.5100000000002	0.52547634163336776
Na+	3	3558.1799999999998	0.52811347367534167
Na+	3	3559.8499999999999	0.53064982360106194
Na+	3	3561.5100000000002	0.53309546962215371
Na+	3	3563.1799999999998	0.53545713054636734
Na+	3	3564.8499999999999	0.53774824398920351
Na+	3	3566.52	0.53997888816228723
Na+	3	3568.1900000000001	0.54215914127724396
Na+	3	3569.8600000000001	0.5442957221418242
Na+	3	3571.52	0.54640542777540346
Na+	3	3573.1900000000001	0.54849161758185683
Na+	3	3574.8600000000001	0.55055429156118418
Na+	3	3576.5300000000002	0.55260688732888619
Na+	3	3578.1999999999998	0.55464940488496284
Na+	3	3579.8600000000001	0.55668184422941436
Na+	3	3581.5300000000002	0.55870756476611527
Na+	3	3583.1999999999998	0.56072320709119106
Na+	3	3584.8699999999999	0.56273549001239154
Na+	3	3586.54	0.56474105412584186
Na+	3	3588.1999999999998	0.5667365400276666
Na+	3	3589.8699999999999	0.56871858831399125
Na+	3	3591.54	0.57069727719644059
Na+	3	3593.21	0.57265580965563889
Na+	3	3594.8800000000001	0.5746009044993371
Na+	3	3596.5500000000002	0.57652584291978426
Na+	3	3598.21	0.57841718730148028
Na+	3	3599.8800000000001	0.58027829704830014
Na+	3	3601.5500000000002	0.58208901573699301
Na+	3	3603.2199999999998	0.58385270277143431
Na+	3	3604.8899999999999	0.58555592053612326
Na+	3	3606.5500000000002	0.58718859081943453
Na+	3	3608.2199999999998	0.58874063540974275
Na+	3	3609.8899999999999	0.59021205430704815
Na+	3	3611.5599999999999	0.59158940989584974
Na+	3	3613.23	0.59288278038777331
Na+	3	3614.9000000000001	0.59408544697506849
Na+	3	3616.5599999999999	0.59521084727323559
Na+	3	3618.23	0.59626234068615014
Na+	3	3619.9000000000001	0.59725672423318754
Na+	3	3621.5700000000002	0.59820743552984834
Na+	3	3623.2399999999998	0.59913127159550783
Na+	3	3624.9000000000001	0.60004502944954219
Na+	3	3626.5700000000002	0.60098230313070244
Na+	3	3628.2399999999998	0.60195988965836411
Na+	3	3629.9099999999999	0.6030013048596532
Na+	3	3631.5799999999999	0.6041267051578203
Na+	3	3633.25	0.60535624697611645
Na+	3	3634.9099999999999	0.60671344614166767
Na+	3	3636.5799999999999	0.60821509967384901
Na+	3	3638.25	0.60986792638041099
Na+	3	3639.9200000000001	0.61168536387685413
Na+	3	3641.5900000000001	0.61366741216317877
Na+	3	3643.25	0.61581743064325944
Na+	3	3644.9200000000001	0.61812198170159582
Na+	3	3646.5900000000001	0.62057770593431316
Na+	3	3648.2600000000002	0.62315772811041004
Na+	3	3649.9299999999998	0.62584189180663563
Na+	3	3651.5900000000001	0.62861340000361476
Na+	3	3653.2600000000002	0.63142858045097028
Na+	3	3654.9299999999998	0.63426391732157683
Na+	3	3656.5999999999999	0.63709253538443311
Na+	3	3658.27	0.63988084060078776
Na+	3	3659.9400000000001	0.64259859833576471
Na+	3	3661.5999999999999	0.64523573037773874
Na+	3	3663.27	0.64777208030345912
Na+	3	3664.9400000000001	0.65019756990129995
Na+	3	3666.6100000000001	0.65251891797901207
Na+	3	3668.2800000000002	0.6547495621520959
Na+	3	3669.9400000000001	0.65690629943992684
Na+	3	3671.6100000000001	0.65900256745800567
Na+	3	3673.2800000000002	0.66108539786058385
Na+	3	3674.9499999999998	0.66317494707091218
Na+	3	3676.6199999999999	0.66530816853161745
Na+	3	3678.29	0.66751529687757527
Na+	3	3679.9499999999998	0.66982656674366192
Na+	3	3681.6199999999999	0.67225877514925325
Na+	3	3683.29	0.67483207851759985
Na+	3	3684.96	0.67754647684870184
Na+	3	3686.6300000000001	0.6804019701425591
Na+	3	3688.29	0.68338512078367109
Na+	3	3689.96	0.68648920996428753
Na+	3	3691.6300000000001	0.68968064364565729
Na+	3	3693.3000000000002	0.69294598421227993
Na+	3	3694.9699999999998	0.69625499702927918
Na+	3	3696.6399999999999	0.69958416626952913
Na+	3	3698.3000000000002	0.70292005431752935
Na+	3	3699.9699999999998	0.70623578594227887
Na+	3	3701.6399999999999	0.70952800173990249
Na+	3	3703.3099999999999	0.71279334230652514
Na+	3	3704.98	0.7160284482382715
Na+	3	3706.6399999999999	0.71925011655451754
Na+	3	3708.3099999999999	0.72245498785138773
Na+	3	3709.98	0.7256699373598835
Na+	3	3711.6500000000001	0.72889496508000462
Na+	3	3713.3200000000002	0.73215358683887677
Na+	3	3714.98	0.73545252144425088
Na+	3	3716.6500000000001	0.73879176889612608
Na+	3	3718.3200000000002	0.74218476681000345
Na+	3	3719.9899999999998	0.74562143697425742
Na+	3	3721.6599999999999	0.74909841998501303
Na+	3	3723.3299999999999	0.7526056376306447
Na+	3	3724.9899999999998	0.75612293348790183
Na+	3	3726.6599999999999	0.75963351053740868
Na+	3	3728.3299999999999	0.7631239311636645
Na+	3	3730	0.76655388252016832
Na+	3	3731.6700000000001	0.7699233646069199
Na+	3	3733.3299999999999	0.77319878338516779
Na+	3	3735	0.7763599824316616
Na+	3	3736.6700000000001	0.77939688353477554
Na+	3	3738.3400000000001	0.78228597086738394
Na+	3	3740.0100000000002	0.78502388502561182
Na+	3	3741.6799999999998	0.78759382899008323
Na+	3	3743.3400000000001	0.78998908395304812
Na+	3	3745.0100000000002	0.79220964991450649
Na+	3	3746.6799999999998	0.79423201104733243
Na+	3	3748.3499999999999	0.79606960496702639
Na+	3	3750.02	0.79770227525033766
Na+	3	3751.6799999999998	0.79913338130114142
Na+	3	3753.3499999999999	0.80035284490781233
Na+	3	3755.02	0.80134722845484974
Na+	3	3756.6900000000001	0.80211317253837833
Na+	3	3758.3600000000001	0.80263388013902304
Na+	3	3760.0300000000002	0.80289927304515796
Na+	3	3761.6900000000001	0.80289927304515796
Na+	3	3763.3600000000001	0.8026170831196473
Na+	3	3765.0300000000002	0.80204262505700075
Na+	3	3766.6999999999998	0.80116918004946791
Na+	3	3768.3699999999999	0.79998666988542355
Na+	3	3770.0300000000002	0.79848501635324221
Na+	3	3771.6999999999998	0.79667429766454911
Na+	3	3773.3699999999999	0.79454779501159434
Na+	3	3775.04	0.79210886779825274
Na+	3	3776.71	0.78936759423614999
Na+	3	3778.3699999999999	0.78633405253691091
Na+	3	3780.04	0.78301832091216161
Na+	3	3781.71	0.7794304775735269
Na+	3	3783.3800000000001	0.77558060073263224
Na+	3	3785.0500000000002	0.77149220621660386
Na+	3	3786.7199999999998	0.7671686534293165
Na+	3	3788.3800000000001	0.76263009879402111
Na+	3	3790.0500000000002	0.75787654231071755
Na+	3	3791.7199999999998	0.75293149980653196
Na+	3	3793.3899999999999	0.74780504949308957
Na+	3	3795.0599999999999	0.74249383196651497
Na+	3	3796.7199999999998	0.73701464424618435
Na+	3	3798.3899999999999	0.73138428335147287
Na+	3	3800.0599999999999	0.72558931166688034
Na+	3	3801.73	0.71964988561565735
Na+	3	3803.4000000000001	0.71356936460167919
Na+	3	3805.0700000000002	0.70735446743269581
Na+	3	3806.73	0.70100519410870743
Na+	3	3808.4000000000001	0.69452490403358935
Na+	3	3810.0700000000002	0.68791695661121621
Na+	3	3811.7399999999998	0.68118471124546343
Na+	3	3813.4099999999999	0.67432816793633088
Na+	3	3815.0700000000002	0.6673506860876941
Na+	3	3816.7399999999998	0.66025226569955253
Na+	3	3818.4099999999999	0.65303626617578148
Na+	3	3820.0799999999999	0.64570940632413143
Na+	3	3821.75	0.63827168614460239
Na+	3	3823.4200000000001	0.6307298244449443
Na+	3	3825.0799999999999	0.62309389943678262
Na+	3	3826.75	0.61537734873561789
Na+	3	3828.4200000000001	0.60758017234145012
Na+	3	3830.0900000000001	0.59972252667753012
Na+	3	3831.7600000000002	0.59181448995548325
Na+	3	3833.4200000000001	0.58386614038693474
Na+	3	3835.0900000000001	0.57587411856800985
Na+	3	3836.7600000000002	0.56785186211420857
Na+	3	3838.4299999999998	0.55980273042940654
Na+	3	3840.0999999999999	0.5517267235136033
Na+	3	3841.7600000000002	0.54362384136679909
Na+	3	3843.4299999999998	0.53547728696961816
Na+	3	3845.0999999999999	0.52729041972593582
Na+	3	3846.77	0.51904980202025142
Na+	3	3848.4400000000001	0.5107453556409397
Na+	3	3850.1100000000001	0.50236364297250002
Na+	3	3851.77	0.49389458580330708
Na+	3	3853.4400000000001	0.48532810592173542
Na+	3	3855.1100000000001	0.47666084392391006
Na+	3	3856.7800000000002	0.46788272159820554
Na+	3	3858.4499999999998	0.45899037954074662
Na+	3	3860.1100000000001	0.44998381775153357
Na+	3	3861.7800000000002	0.44086639563444124
Na+	3	3863.4499999999998	0.43164483199722009
Na+	3	3865.1199999999999	0.42232584564762021
Na+	3	3866.79	0.41291615539339194
Na+	3	3868.46	0.40342919885003581
Na+	3	3870.1199999999999	0.3938784136330522
Na+	3	3871.79	0.384283956165692
Na+	3	3873.46	0.3746525452557054
Na+	3	3875.1300000000001	0.36500433732634319
Na+	3	3876.8000000000002	0.3553594888008561
Na+	3	3878.46	0.34573143729474465
Na+	3	3880.1300000000001	0.33614033923125958
Na+	3	3881.8000000000002	0.32659963222590138
Na+	3	3883.4699999999998	0.31713316804618352
Na+	3	3885.1399999999999	0.30775035302295622
Na+	3	3886.8099999999999	0.298475038923733
Na+	3	3888.4699999999998	0.28931965554285183
Na+	3	3890.1399999999999	0.28029932019775061
Na+	3	3891.8099999999999	0.27142881426548016
Na+	3	3893.48	0.26272123942115322
Na+	3	3895.1500000000001	0.25418700981678283
Na+	3	3896.8099999999999	0.24583687554476935
Na+	3	3898.48	0.23767889917441307
Na+	3	3900.1500000000001	0.22971845575191421
Na+	3	3901.8200000000002	0.22196125626386048
Na+	3	3903.4899999999998	0.21441133199490206
Na+	3	3905.1500000000001	0.2070693548258139
Na+	3	3906.8200000000002	0.19993734039892114
Na+	3	3908.4899999999998	0.19301495277383626
Na+	3	3910.1599999999999	0.18630286383133429
Na+	3	3911.8299999999999	0.17979972980986514
Na+	3	3913.5	0.1735042069478788
Na+	3	3915.1599999999999	0.16741730306653776
Na+	3	3916.8299999999999	0.16153633064274198
Na+	3	3918.5	0.15586196155726645
Na+	3	3920.1700000000001	0.15039318798894866
Na+	3	3921.8400000000001	0.14512967399740104
Na+	3	3923.5	0.14007141958262365
Na+	3	3925.1700000000001	0.13521775286384141
Na+	3	3926.8400000000001	0.13056733007950433
Na+	3	3928.5100000000002	0.12611880746806234
Na+	3	3930.1799999999998	0.12187050532757782
Na+	3	3931.8499999999999	0.11781906425417572
Na+	3	3933.5100000000002	0.11396179672475591
Na+	3	3935.1799999999998	0.11029433551428072
Na+	3	3936.8499999999999	0.10681231339771249
Na+	3	3938.52	0.1035093475076885
Na+	3	3940.1900000000001	0.10038073467878356
Na+	3	3941.8499999999999	0.097419420162859871
Na+	3	3943.52	0.094619692973329755
Na+	3	3945.1900000000001	0.091974498362055457
Na+	3	3946.8600000000001	0.089476781580899181
Na+	3	3948.5300000000002	0.087121167583660744
Na+	3	3950.1900000000001	0.084901273502977409
Na+	3	3951.8600000000001	0.082811388352261456
Na+	3	3953.5300000000002	0.080844457383375104
Na+	3	3955.1999999999998	0.078995777430893199
Na+	3	3956.8699999999999	0.077259973448615543
Na+	3	3958.54	0.07563032662879185
Na+	3	3960.1999999999998	0.074102133805996978
Na+	3	3961.8699999999999	0.072668340232093162
Na+	3	3963.54	0.0713245786820427
Na+	3	3965.21	0.070064130348095374
Na+	3	3966.8800000000001	0.068879940482113419
Na+	3	3968.54	0.067766634037896623
Na+	3	3970.21	0.06671749220769474
Na+	3	3971.8800000000001	0.06572613212414502
Na+	3	3973.5500000000002	0.064786170919884742
Na+	3	3975.2199999999998	0.063892233548713678
Na+	3	3976.8899999999999	0.063038944964431631
Na+	3	3978.5500000000002	0.062220258240063407
Na+	3	3980.2199999999998	0.061432813971733849
Na+	3	3981.8899999999999	0.060671908994017781
Na+	3	3983.5599999999999	0.059934183903040082
Na+	3	3985.23	0.05921795899686319
Na+	3	3986.8899999999999	0.058520210811999505
Na+	3	3988.5599999999999	0.057839595586898954
Na+	3	3990.23	0.05717644926194905
Na+	3	3991.9000000000001	0.056529764015987277
Na+	3	3993.5700000000002	0.055899875789401116
Na+	3	3995.2399999999998	0.05528880022451569
Na+	3	3996.9000000000001	0.054696537321330951
Na+	3	3998.5700000000002	0.054127118364497073
K+	1	60.053600000000003	0.027424695098824593
K+	1	61.721800000000002	0.027513383361127922
K+	1	63.390000000000001	0.027691767706897116
K+	1	65.058099999999996	0.027927933799318485
K+	1	66.726299999999995	0.028199037692041164
K+	1	68.394400000000005	0.028487274544526986
K+	1	70.062600000000003	0.028783238025925598
K+	1	71.730699999999999	0.029081217149649282
K+	1	73.398899999999998	0.029378860332985458
K+	1	75.066999999999993	0.02967616757593412
K+	1	76.735200000000006	0.02997750610353293
K+	1	78.403400000000005	0.030286907200432044
K+	1	80.0715	0.030610417793606692
K+	1	81.739699999999999	0.030953748869644585
K+	1	83.407799999999995	0.031324291117070989
K+	1	85.075999999999993	0.031727755522473644
K+	1	86.744100000000003	0.032170189012827748
K+	1	88.412300000000002	0.032655958813170988
K+	1	90.080500000000001	0.033189768088928526
K+	1	91.748599999999996	0.033773632482425445
K+	1	93.416799999999995	0.034409231695599306
K+	1	95.084900000000005	0.035096901668837624
K+	1	96.753100000000003	0.035835298640590346
K+	1	98.421199999999999	0.036622406968532389
K+	1	100.089	0.037455203189176167
K+	1	101.758	0.03832831225632144
K+	1	103.426	0.039238374766093112
K+	1	105.09399999999999	0.040179343791515928
K+	1	106.762	0.041146852107552263
K+	1	108.43000000000001	0.042134852787226854
K+	1	110.098	0.043139314545889568
K+	1	111.76600000000001	0.044155870158502718
K+	1	113.435	0.045180152400028671
K+	1	115.10299999999999	0.046209473747367315
K+	1	116.771	0.047241482617806065
K+	1	118.43899999999999	0.048273155547857292
K+	1	120.107	0.049305164418296042
K+	1	121.77500000000001	0.050334485765634686
K+	1	123.444	0.051361791470648253
K+	1	125.11199999999999	0.052386745592949237
K+	1	126.78	0.053408340311375084
K+	1	128.44800000000001	0.054426911566313324
K+	1	130.11600000000001	0.055442795298151465
K+	1	131.78399999999999	0.056455655566501985
K+	1	133.453	0.05746616425213992
K+	1	135.12100000000001	0.058474321355065265
K+	1	136.78899999999999	0.059480798756053048
K+	1	138.45699999999999	0.060487276157040838
K+	1	140.125	0.061494425438803652
K+	1	141.79300000000001	0.062504262243666564
K+	1	143.46100000000001	0.063518130333179615
K+	1	145.13	0.06453905317083046
K+	1	146.798	0.06556837451816909
K+	1	148.46600000000001	0.066609117838683174
K+	1	150.13399999999999	0.067662962834310225
K+	1	151.80199999999999	0.068730917326212823
K+	1	153.47	0.069815332897103538
K+	1	155.13900000000001	0.070915873606594862
K+	1	156.80699999999999	0.072032875395074289
K+	1	158.47499999999999	0.073164994500991787
K+	1	160.143	0.074311223103184831
K+	1	161.81100000000001	0.075469545559328305
K+	1	163.47900000000001	0.076636938405934649
K+	1	165.148	0.077810378179516193
K+	1	166.816	0.078986169535810336
K+	1	168.48400000000001	0.080159945249779416
K+	1	170.15199999999999	0.081329017798323286
K+	1	171.81999999999999	0.082487676194854281
K+	1	173.488	0.083633232916272296
K+	1	175.15600000000001	0.084760312916377104
K+	1	176.82499999999999	0.085865892731681118
K+	1	178.49299999999999	0.086945941077534172
K+	1	180.161	0.087998106371223669
K+	1	181.82900000000001	0.089019029208874487
K+	1	183.49700000000001	0.090007701769324114
K+	1	185.16499999999999	0.090962108410247447
K+	1	186.834	0.091882921012419516
K+	1	188.50200000000001	0.092771147397002859
K+	1	190.16999999999999	0.093628803206322553
K+	1	191.83799999999999	0.094458911903866224
K+	1	193.506	0.095266512595446537
K+	1	195.17400000000001	0.096055972506101178
K+	1	196.84200000000001	0.096834346383967901
K+	1	198.511	0.097608017096409455
K+	1	200.179	0.098384375331951102
K+	1	201.84700000000001	0.099169132077180547
K+	1	203.51499999999999	0.099969678020623121
K+	1	205.18299999999999	0.10079172414886647
K+	1	206.851	0.10163930174656079
K+	1	208.52000000000001	0.10251577021758121
K+	1	210.18799999999999	0.10342348114464027
K+	1	211.85599999999999	0.10436277046812555
K+	1	213.524	0.10533263036687446
K+	1	215.19200000000001	0.10633070925817442
K+	1	216.86000000000001	0.10735364773815032
K+	1	218.529	0.10839741452215201
K+	1	220.197	0.10945596268320425
K+	1	221.86500000000001	0.11052626875781943
K+	1	223.53299999999999	0.11160295769979735
K+	1	225.20099999999999	0.11268199822448786
K+	1	226.869	0.11376070280879087
K+	1	228.53700000000001	0.11483739175076879
K+	1	230.20599999999999	0.11591273693119666
K+	1	231.874	0.11698774617123701
K+	1	233.542	0.1180661148151525
K+	1	235.21000000000001	0.11915321790914331
K+	1	236.87799999999999	0.12025409455902214
K+	1	238.54599999999999	0.12137781515525183
K+	1	240.215	0.12253210632674516
K+	1	241.88300000000001	0.12372603846396499
K+	1	243.55099999999999	0.12496801007659912
K+	1	245.21899999999999	0.12626675561472286
K+	1	246.887	0.12762966576686155
K+	1	248.55500000000001	0.12906245151960283
K+	1	250.22300000000001	0.13057048791914694
K+	1	251.892	0.13215747030975653
K+	1	253.56	0.1338237346318191
K+	1	255.22800000000001	0.1355692808853346
K+	1	256.89600000000002	0.13739175748759053
K+	1	258.56400000000002	0.13928914879626175
K+	1	260.23200000000003	0.14125507194398559
K+	1	261.90100000000001	0.14328549564611182
K+	1	263.56900000000002	0.14537370109489017
K+	1	265.23700000000002	0.14751364136334552
K+	1	266.90499999999997	0.14969960546489011
K+	1	268.57299999999998	0.15192621835332368
K+	1	270.24099999999999	0.15418877686322113
K+	1	271.91000000000003	0.15648257782915725
K+	1	273.57799999999997	0.15880526966841943
K+	1	275.24599999999998	0.16115517267907017
K+	1	276.91399999999999	0.16353027121878433
K+	1	278.58199999999999	0.16593123716833699
K+	1	280.25	0.16835840646811559
K+	1	281.91800000000001	0.17081379476044528
K+	1	283.58699999999999	0.17329908174726358
K+	1	285.255	0.17581762683244562
K+	1	286.923	0.17837245347947905
K+	1	288.59100000000001	0.18096725703262645
K+	1	290.25900000000001	0.18360573283615053
K+	1	291.92700000000002	0.18629291999586389
K+	1	293.596	0.18903318573680428
K+	1	295.26400000000001	0.19183022540323427
K+	1	296.93200000000002	0.19468907810096661
K+	1	298.60000000000002	0.19761310323387637
K+	1	300.26799999999997	0.20060666802700128
K+	1	301.93599999999998	0.20367279594382889
K+	1	303.60500000000002	0.20681249480552177
K+	1	305.27300000000002	0.21002710837362995
K+	1	306.94099999999997	0.21331630070776594
K+	1	308.60899999999998	0.21667906398676717
K+	1	310.27699999999999	0.22011136692598354
K+	1	311.94499999999999	0.22360951418115238
K+	1	313.613	0.22716678694452341
K+	1	315.28199999999998	0.23077747422950895
K+	1	316.94999999999999	0.23443384940719625
K+	1	318.61799999999999	0.23813087337177252
K+	1	320.286	0.2418564522692874
K+	1	321.95400000000001	0.24560554699392814
K+	1	323.62200000000001	0.24937479814181968
K+	1	325.291	0.25315748690521167
K+	1	326.959	0.25695361328410415
K+	1	328.62700000000001	0.26076317727849724
K+	1	330.29500000000002	0.26457946008064048
K+	1	331.96300000000002	0.26841589930603449
K+	1	333.63099999999997	0.27226913555080423
K+	1	335.29899999999998	0.2761458876226997
K+	1	336.96800000000002	0.28005623373334654
K+	1	338.63600000000002	0.28400017388274462
K+	1	340.30399999999997	0.28798778628251931
K+	1	341.97199999999998	0.29201907093267065
K+	1	343.63999999999999	0.29610074664094893
K+	1	345.30799999999999	0.30023281340735403
K+	1	346.97699999999998	0.30441191182801092
K+	1	348.64499999999998	0.30863804190291955
K+	1	350.31299999999999	0.31290448482432975
K+	1	351.98099999999999	0.31720116238061608
K+	1	353.649	0.32152471516790343
K+	1	355.31700000000001	0.3258590180475911
K+	1	356.98599999999999	0.33019936785425408
K+	1	358.654	0.33453299885316673
K+	1	360.322	0.33885319223657895
K+	1	361.99000000000001	0.34314651038899008
K+	1	363.65800000000002	0.34740623450265007
K+	1	365.32600000000002	0.3516323645775587
K+	1	366.99400000000003	0.35581482240209072
K+	1	368.66300000000001	0.35996032678399636
K+	1	370.33100000000002	0.36405879951165021
K+	1	371.99900000000002	0.36812367820055281
K+	1	373.66699999999997	0.37215160344682902
K+	1	375.33499999999998	0.37614929405822911
K+	1	377.00299999999999	0.38012010943862817
K+	1	378.67200000000003	0.38407412779965167
K+	1	380.33999999999997	0.38801806794904969
K+	1	382.00799999999998	0.39195528929069756
K+	1	383.67599999999999	0.3958857918245951
K+	1	385.34399999999999	0.3998162943584927
K+	1	387.012	0.40374007808463996
K+	1	388.68099999999998	0.40766386181078723
K+	1	390.34899999999999	0.41157420792143407
K+	1	392.017	0.41546439760883014
K+	1	393.685	0.41932435266134999
K+	1	395.35300000000001	0.42314399486736842
K+	1	397.02100000000002	0.42690316780363452
K+	1	398.68900000000002	0.43060187147014845
K+	1	400.358	0.434213230635909
K+	1	402.02600000000001	0.43773724530091634
K+	1	403.69400000000002	0.44115711844579469
K+	1	405.36200000000002	0.44448292828216956
K+	1	407.02999999999997	0.44769451838679009
K+	1	408.69799999999998	0.45081540458678226
K+	1	410.36700000000002	0.45384222747827097
K+	1	412.03500000000003	0.45679178408063165
K+	1	413.70299999999997	0.45968423081711524
K+	1	415.37099999999998	0.46251620828384654
K+	1	417.03899999999999	0.46532131051957687
K+	1	418.70699999999999	0.46811297513980671
K+	1	420.375	0.47090463976003649
K+	1	422.04399999999998	0.47369294497639119
K+	1	423.71199999999999	0.47649468780824633
K+	1	425.38	0.4793031494478518
K+	1	427.048	0.48211161108745726
K+	1	428.71600000000001	0.48490663511156218
K+	1	430.38400000000001	0.48767478390466606
K+	1	432.053	0.490389182235768
K+	1	433.721	0.49302295487386688
K+	1	435.38900000000001	0.4955593047995871
K+	1	437.05700000000002	0.49796799737805253
K+	1	438.72500000000002	0.50021879797438706
K+	1	440.39299999999997	0.50230162837696524
K+	1	442.06200000000001	0.50419633216253634
K+	1	443.73000000000002	0.50588947171559984
K+	1	445.39800000000002	0.50738440644003102
K+	1	447.06599999999997	0.50867777693195459
K+	1	448.73399999999998	0.50978638021074618
K+	1	450.40199999999999	0.51071021627640589
K+	1	452.06999999999999	0.51147951976380979
K+	1	453.73899999999998	0.51211108769233349
K+	1	455.40699999999998	0.5126250764852277
K+	1	457.07499999999999	0.51304836137349363
K+	1	458.74299999999999	0.51339773937650679
K+	1	460.411	0.51370680453301842
K+	1	462.07900000000001	0.51398563505465378
K+	1	463.74799999999999	0.51424766855691373
K+	1	465.416	0.51451978027079892
K+	1	467.084	0.51480197019630947
K+	1	468.75200000000001	0.51510767594894591
K+	1	470.42000000000002	0.51543017872095809
K+	1	472.08800000000002	0.51578291612784632
K+	1	473.75599999999997	0.51616588816961073
K+	1	475.42500000000001	0.51657573544237612
K+	1	477.09300000000002	0.51701581735001767
K+	1	478.76100000000002	0.51747269627703474
K+	1	480.42899999999997	0.51794973162730262
K+	1	482.09699999999998	0.51844356399694624
K+	1	483.76499999999999	0.51894747457821511
K+	1	485.43400000000003	0.51946146337110943
K+	1	487.10199999999998	0.51997545216400365
K+	1	488.76999999999998	0.52048272214914781
K+	1	490.43799999999999	0.52097655451879132
K+	1	492.10599999999999	0.52145694927293429
K+	1	493.774	0.52191718760382666
K+	1	495.44299999999998	0.52234383189596767
K+	1	497.11099999999999	0.52274024155323251
K+	1	498.779	0.52308626015237047
K+	1	500.447	0.52338524709725676
K+	1	502.11500000000001	0.52362712417626578
K+	1	503.78300000000002	0.52380181317777241
K+	1	505.45100000000002	0.52389587648627589
K+	1	507.12	0.52390931410177644
K+	1	508.78800000000001	0.52382868840877339
K+	1	510.45600000000002	0.5236472805995166
K+	1	512.12400000000002	0.52334157484688015
K+	1	513.79200000000003	0.52290821174698887
K+	1	515.46000000000004	0.52232703487659204
K+	1	517.12900000000002	0.52159468483181459
K+	1	518.79700000000003	0.52069100518940559
K+	1	520.46500000000003	0.51961599594936525
K+	1	522.13300000000004	0.51834950068844265
K+	1	523.80100000000004	0.5168948788105131
K+	1	525.46900000000005	0.51525548971945156
K+	1	527.13800000000003	0.51342797401138296
K+	1	528.80600000000004	0.51141905049405745
K+	1	530.47400000000005	0.50925223499460115
K+	1	532.14200000000005	0.50694096512851439
K+	1	533.80999999999995	0.50450875672292306
K+	1	535.47799999999995	0.50198248500882825
K+	1	537.14599999999996	0.49938566581335569
K+	1	538.81500000000005	0.49675525257913195
K+	1	540.48299999999995	0.49412147994103311
K+	1	542.15099999999995	0.49150114491843472
K+	1	543.81899999999996	0.48892448214621304
K+	1	545.48699999999997	0.48640828864374352
K+	1	547.15499999999997	0.4839760802381522
K+	1	548.82399999999996	0.48163121633331418
K+	1	550.49199999999996	0.47938377514085478
K+	1	552.15999999999997	0.47723039725689897
K+	1	553.82799999999997	0.47517444208532178
K+	1	555.49599999999998	0.47319575320287249
K+	1	557.16399999999999	0.4712976900134262
K+	1	558.83199999999999	0.46946345549760737
K+	1	560.50099999999998	0.46768969025154078
K+	1	562.16899999999998	0.46595959725585084
K+	1	563.83699999999999	0.46427653591441265
K+	1	565.505	0.46262706861172576
K+	1	567.173	0.46101791415554033
K+	1	568.84100000000001	0.45945243194973157
K+	1	570.50999999999999	0.45793398139817448
K+	1	572.178	0.45646256250086931
K+	1	573.846	0.45505833168106657
K+	1	575.51400000000001	0.45372464834264148
K+	1	577.18200000000002	0.45246487188946921
K+	1	578.85000000000002	0.45128236172542485
K+	1	580.51900000000001	0.45017711785050829
K+	1	582.18700000000001	0.44914578086084461
K+	1	583.85500000000002	0.44818499135255857
K+	1	585.52300000000002	0.44727123349852421
K+	1	587.19100000000003	0.44639442908711635
K+	1	588.85900000000004	0.445534421695084
K+	1	590.52700000000004	0.44466769549530144
K+	1	592.19600000000003	0.4437740940645179
K+	1	593.86400000000003	0.44283682038335775
K+	1	595.53200000000004	0.44183571802857019
K+	1	597.20000000000005	0.4407607087885298
K+	1	598.86800000000005	0.43959835504773614
K+	1	600.53599999999994	0.43834865680618923
K+	1	602.20500000000004	0.43700825466001392
K+	1	603.87300000000005	0.43558722682083562
K+	1	605.54100000000005	0.43410237030802984
K+	1	607.20899999999995	0.43256376333322211
K+	1	608.87699999999995	0.4309848435119128
K+	1	610.54499999999996	0.42938912667122792
K+	1	612.21299999999997	0.42778669102279271
K+	1	613.88199999999995	0.4261976929898581
K+	1	615.54999999999995	0.4246288513801742
K+	1	617.21799999999996	0.42308688500149128
K+	1	618.88599999999997	0.42157851266155966
K+	1	620.55399999999997	0.42009701555262907
K+	1	622.22199999999998	0.41864911248244968
K+	1	623.89099999999996	0.41721800643164592
K+	1	625.55899999999997	0.41579361918859248
K+	1	627.22699999999998	0.41436251313778877
K+	1	628.89499999999998	0.41291461006760938
K+	1	630.56299999999999	0.41143311295867874
K+	1	632.23099999999999	0.40991466240712177
K+	1	633.89999999999998	0.408349180201313
K+	1	635.56799999999998	0.40672658812962703
K+	1	637.23599999999999	0.40505024559593916
K+	1	638.904	0.40332351200412436
K+	1	640.572	0.40154974675805771
K+	1	642.24000000000001	0.39973902806936479
K+	1	643.90800000000002	0.39790143414967077
K+	1	645.577	0.39605712142222654
K+	1	647.245	0.39420944929090718
K+	1	648.91300000000001	0.39238193358283852
K+	1	650.58100000000002	0.39058465250964608
K+	1	652.24900000000002	0.38883104368683025
K+	1	653.91700000000003	0.38713118532601642
K+	1	655.58600000000001	0.38550187444658029
K+	1	657.25400000000002	0.38393975164464661
K+	1	658.92200000000003	0.38245489513184089
K+	1	660.59000000000003	0.38104730490816302
K+	1	662.25800000000004	0.3797203403774882
K+	1	663.92600000000004	0.37846728273206615
K+	1	665.59500000000003	0.37728813197189687
K+	1	667.26300000000003	0.37617952869310523
K+	1	668.93100000000004	0.37513811349181619
K+	1	670.59900000000005	0.37415716756027928
K+	1	672.26700000000005	0.37323669089849482
K+	1	673.93499999999995	0.37236660529483712
K+	1	675.60299999999995	0.37154355134543121
K+	1	677.27200000000005	0.37076416964640196
K+	1	678.94000000000005	0.37002510079387418
K+	1	680.60799999999995	0.36931290717234744
K+	1	682.27599999999995	0.36863094818569686
K+	1	683.94399999999996	0.36796242681454677
K+	1	685.61199999999997	0.36730734305889717
K+	1	687.28099999999995	0.36665225930324757
K+	1	688.94899999999996	0.36599045673984776
K+	1	690.61699999999996	0.3653152165609474
K+	1	692.28499999999997	0.36461310115104606
K+	1	693.95299999999997	0.36388075110626855
K+	1	695.62099999999998	0.36311144761886466
K+	1	697.28899999999999	0.36229175307333389
K+	1	698.95799999999997	0.36142502687355132
K+	1	700.62599999999998	0.36050455021176675
K+	1	702.29399999999998	0.35952024487635481
K+	1	703.96199999999999	0.35847547027119059
K+	1	705.63	0.35736014818464873
K+	1	707.298	0.35617427861672918
K+	1	708.96699999999998	0.35490778335580669
K+	1	710.63499999999999	0.35355730299800597
K+	1	712.303	0.35211611873557686
K+	1	713.971	0.35057415235689393
K+	1	715.63900000000001	0.34892468505420704
K+	1	717.30700000000002	0.34715763861589072
K+	1	718.976	0.34526629423419469
K+	1	720.64400000000001	0.34324057369749367
K+	1	722.31200000000001	0.34108047700578759
K+	1	723.98000000000002	0.33877592594745104
K+	1	725.64800000000002	0.33633027992635922
K+	1	727.31600000000003	0.33374689834638721
K+	1	728.98400000000004	0.3310291406114102
K+	1	730.65300000000002	0.32819380374080376
K+	1	732.32100000000003	0.32524693466154314
K+	1	733.98900000000003	0.32221339296230422
K+	1	735.65700000000004	0.31910930378168767
K+	1	737.32500000000005	0.3159548235429443
K+	1	738.99300000000005	0.31278018688095011
K+	1	740.66200000000003	0.30960219081508078
K+	1	742.33000000000004	0.30644771057633735
K+	1	743.99800000000005	0.30333690258797052
K+	1	745.66600000000005	0.30029328267710625
K+	1	747.33399999999995	0.29733028845924508
K+	1	749.00199999999995	0.29446135754988739
K+	1	750.66999999999996	0.29169656816065859
K+	1	752.33900000000006	0.2890392796954338
K+	1	754.00699999999995	0.28648949215421304
K+	1	755.67499999999995	0.28404384613312128
K+	1	757.34299999999996	0.28169898222828321
K+	1	759.01099999999997	0.27943810342032332
K+	1	760.67899999999997	0.27725113149761621
K+	1	762.34799999999996	0.27511791003691116
K+	1	764.01599999999996	0.27302836082658272
K+	1	765.68399999999997	0.27096232744338017
K+	1	767.35199999999998	0.26890637227180297
K+	1	769.01999999999998	0.26684369829247551
K+	1	770.68799999999999	0.26476086788989733
K+	1	772.35699999999997	0.26265116225631807
K+	1	774.02499999999998	0.26050450318011248
K+	1	775.69299999999998	0.25831753125740536
K+	1	777.36099999999999	0.25609360589207186
K+	1	779.029	0.25382600827636176
K+	1	780.697	0.25152481662190035
K+	1	782.36500000000001	0.24919674973643799
K+	1	784.03399999999999	0.24684180761997457
K+	1	785.702	0.24447678729188577
K+	1	787.37	0.24209832934829648
K+	1	789.03800000000001	0.23972323080858232
K+	1	790.70600000000002	0.23735149167274325
K+	1	792.37400000000002	0.23499016668891712
K+	1	794.04300000000001	0.23263925585710388
K+	1	795.71100000000001	0.23030010293885356
K+	1	797.37900000000002	0.22797203605339114
K+	1	799.04700000000003	0.22565068797567897
K+	1	800.71500000000003	0.22333337118261698
K+	1	802.38300000000004	0.2210137028068424
K+	1	804.05200000000002	0.21868697968293005
K+	1	805.72000000000003	0.21634782676467973
K+	1	807.38800000000003	0.21399120494627877
K+	1	809.05600000000004	0.21161409076423954
K+	1	810.72400000000005	0.20921346075507441
K+	1	812.39200000000005	0.20678998679955843
K+	1	814.05999999999995	0.20434434077846661
K+	1	815.72900000000004	0.201878538334124
K+	1	817.39700000000005	0.19939694669156838
K+	1	819.06500000000005	0.19690326119506224
K+	1	820.73299999999995	0.1944035287715809
K+	1	822.40099999999995	0.19190278852693701
K+	1	824.06899999999996	0.18940574362655577
K+	1	825.73800000000006	0.18691608941469981
K+	1	827.40599999999995	0.18443752123563173
K+	1	829.07399999999996	0.18197071097012663
K+	1	830.74199999999996	0.17951633049895949
K+	1	832.40999999999997	0.17707471576251782
K+	1	834.07799999999997	0.17464317923770153
K+	1	835.74599999999998	0.17222037716296057
K+	1	837.41499999999996	0.16980328607480732
K+	1	839.08299999999997	0.16739056221169177
K+	1	840.75099999999998	0.16497985399090126
K+	1	842.41899999999998	0.16257116141243583
K+	1	844.08699999999999	0.16016448447629547
K+	1	845.755	0.1577621747651928
K+	1	847.42399999999998	0.15536725574261537
K+	1	849.09199999999998	0.15298443057398842
K+	1	850.75999999999999	0.15062008212667466
K+	1	852.428	0.14827992138726181
K+	1	854.096	0.14597133904427514
K+	1	855.76400000000001	0.14370206172662742
K+	1	857.43299999999999	0.14147981606323151
K+	1	859.101	0.13931064898106257
K+	1	860.76900000000001	0.13719993552632082
K+	1	862.43700000000001	0.13515338668559401
K+	1	864.10500000000002	0.13317301810120716
K+	1	865.77300000000002	0.13126050947509788
K+	1	867.44100000000003	0.12941686862842863
K+	1	869.11000000000001	0.12763940803809939
K+	1	870.77800000000002	0.12592544018101004
K+	1	872.44600000000003	0.12427093377251043
K+	1	874.11400000000003	0.12267017782601285
K+	1	875.78200000000004	0.12111779729531706
K+	1	877.45000000000005	0.11960707337267285
K+	1	879.11900000000003	0.11813162319071745
K+	1	880.78700000000003	0.11668539982247565
K+	1	882.45500000000004	0.11526202040058472
K+	1	884.12300000000005	0.11385678175961945
K+	1	885.79100000000005	0.11246498073415472
K+	1	887.45899999999995	0.11108325792031534
K+	1	889.12699999999995	0.10970926173538877
K+	1	890.79600000000005	0.1083409765370499
K+	1	892.46400000000006	0.10697739450413619
K+	1	894.13199999999995	0.10561851563664768
K+	1	895.79999999999995	0.10426534775574688
K+	1	897.46799999999996	0.10291923462298384
K+	1	899.13599999999997	0.10158151999990862
K+	1	900.80499999999995	0.10025354764807126
K+	1	902.47299999999996	0.098938341030959401
K+	1	904.14099999999996	0.097637915790898075
K+	1	905.80899999999997	0.096353951629824866
K+	1	907.47699999999998	0.09508913607083988
K+	1	909.14499999999998	0.093844476935105656
K+	1	910.81399999999996	0.092621653924559746
K+	1	912.48199999999997	0.091421674860364691
K+	1	914.14999999999998	0.09024420380213298
K+	1	915.81799999999998	0.089089912630639659
K+	1	917.48599999999999	0.087957457584334653
K+	1	919.154	0.08684515896128038
K+	1	920.822	0.085751337059539315
K+	1	922.49099999999999	0.084673640296398872
K+	1	924.15899999999999	0.083609717089146426
K+	1	925.827	0.082556543974294377
K+	1	927.495	0.081512105309517663
K+	1	929.16300000000001	0.080474385452491221
K+	1	930.83100000000002	0.079440696880114889
K+	1	932.5	0.078410367711613721
K+	1	934.16800000000001	0.077382390125825123
K+	1	935.83600000000001	0.076357100063136646
K+	1	937.50400000000002	0.075334161583160739
K+	1	939.17200000000003	0.074314918447447462
K+	1	940.84000000000003	0.073300378477159381
K+	1	942.50900000000001	0.072290877612683976
K+	1	944.17700000000002	0.071288431496346338
K+	1	945.84500000000003	0.070294047949309019
K+	1	947.51300000000003	0.069307055090796946
K+	1	949.18100000000004	0.068328124801585205
K+	1	950.84900000000005	0.067356585200898739
K+	1	952.51700000000005	0.066390756586799979
K+	1	954.18600000000004	0.065430303018901417
K+	1	955.85400000000004	0.064472201033715454
K+	1	957.52200000000005	0.063515106869692015
K+	1	959.19000000000005	0.062555997063343513
K+	1	960.85799999999995	0.061593527853119875
K+	1	962.52599999999995	0.060625683596696046
K+	1	964.19500000000005	0.059651792413296968
K+	1	965.86300000000006	0.058670846481760144
K+	1	967.53099999999995	0.057682845802085561
K+	1	969.19899999999996	0.056688798195435743
K+	1	970.86699999999996	0.055691391184910802
K+	1	972.53499999999997	0.054692976353223309
K+	1	974.20299999999997	0.053696577163860913
K+	1	975.87199999999996	0.052706560841861233
K+	1	977.53999999999996	0.051726958671874469
K+	1	979.20799999999997	0.050762809759713264
K+	1	980.87599999999998	0.049819153211190334
K+	1	982.54399999999998	0.048900020310955833
K+	1	984.21199999999999	0.048008770462884869
K+	1	985.88099999999997	0.047149099011240099
K+	1	987.54899999999998	0.046324029419509118
K+	1	989.21699999999998	0.045534905449241998
K+	1	990.88499999999999	0.044782063040826228
K+	1	992.553	0.044066174075036865
K+	1	994.221	0.0433855588499363
K+	1	995.88999999999999	0.04273887360397452
K+	1	997.55799999999999	0.042124102694826436
K+	1	999.226	0.041538222659004455
K+	1	1000.89	0.040979217854183458
K+	1	1002.5599999999999	0.040443392936100837
K+	1	1004.23	0.039928732262431516
K+	1	1005.9	0.039433220190850424
K+	1	1007.5700000000001	0.038954169198257435
K+	1	1009.23	0.038491243344265062
K+	1	1010.9	0.03804343480771074
K+	1	1012.5700000000001	0.037610071707819485
K+	1	1014.24	0.037192161865753783
K+	1	1015.91	0.036790377162288709
K+	1	1017.58	0.036406397299361785
K+	1	1019.24	0.036041566038523085
K+	1	1020.91	0.035697227141322667
K+	1	1022.58	0.035376068130860611
K+	1	1024.25	0.035079096828299454
K+	1	1025.9200000000001	0.034806313233639218
K+	1	1027.5799999999999	0.034559732989204957
K+	1	1029.25	0.034338684214221656
K+	1	1030.9200000000001	0.03414148720675176
K+	1	1032.5899999999999	0.033966126324470179
K+	1	1034.26	0.033810585925051831
K+	1	1035.9300000000001	0.033670498783459082
K+	1	1037.5899999999999	0.03354250549581677
K+	1	1039.26	0.033420895075537208
K+	1	1040.9300000000001	0.033300964357195199
K+	1	1042.5999999999999	0.033177338294590561
K+	1	1044.27	0.033045313722298103
K+	1	1045.9300000000001	0.032899851534505142
K+	1	1047.5999999999999	0.032736920446561527
K+	1	1049.27	0.032553496994979642
K+	1	1050.9400000000001	0.032346557716271866
K+	1	1052.6099999999999	0.032116102610438221
K+	1	1054.28	0.031860451975541118
K+	1	1055.9400000000001	0.03158094957313063
K+	1	1057.6099999999999	0.031279946985919328
K+	1	1059.28	0.030959795796619807
K+	1	1060.95	0.030623855409107194
K+	1	1062.6199999999999	0.030276493048419152
K+	1	1064.28	0.029923419701143403
K+	1	1065.95	0.02956866665193008
K+	1	1067.6199999999999	0.029217944887366915
K+	1	1069.29	0.028875621632491567
K+	1	1070.96	0.028546735993116718
K+	1	1072.6199999999999	0.028235655194280038
K+	1	1074.29	0.027946410520631678
K+	1	1075.96	0.027681689495271739
K+	1	1077.6300000000001	0.027443507760525294
K+	1	1079.3	0.02723388095871743
K+	1	1080.97	0.027053145030235641
K+	1	1082.6300000000001	0.026900628094304914
K+	1	1084.3	0.026775994210537741
K+	1	1085.97	0.02667689179622152
K+	1	1087.6400000000001	0.026600633328256157
K+	1	1089.3099999999999	0.026544867223929063
K+	1	1090.97	0.026505898138977597
K+	1	1092.6400000000001	0.026480030729139129
K+	1	1094.3099999999999	0.026464241530926039
K+	1	1095.98	0.026454163319300651
K+	1	1097.6500000000001	0.02644677263077538
K+	1	1099.3199999999999	0.026438710061475076
K+	1	1100.98	0.026427288088299646
K+	1	1102.6500000000001	0.026409819188148987
K+	1	1104.3199999999999	0.026384287718698034
K+	1	1105.99	0.026349349918396717
K+	1	1107.6600000000001	0.026303662025695007
K+	1	1109.3199999999999	0.026244872457880295
K+	1	1110.99	0.026172981214952595
K+	1	1112.6600000000001	0.026086308594974343
K+	1	1114.3299999999999	0.025984182717170512
K+	1	1116	0.025866267641153587
K+	1	1117.6600000000001	0.025731219605373511
K+	1	1119.3299999999999	0.025579374550217818
K+	1	1121	0.025409724654523947
K+	1	1122.6700000000001	0.025223949620229471
K+	1	1124.3399999999999	0.025022049447334389
K+	1	1126.01	0.024806039778163782
K+	1	1127.6700000000001	0.024577264374267695
K+	1	1129.3399999999999	0.024338746699133735
K+	1	1131.01	0.024093510216249534
K+	1	1132.6800000000001	0.023845250269877712
K+	1	1134.3499999999999	0.023597326263893399
K+	1	1136.01	0.023353769482946755
K+	1	1137.6800000000001	0.023117737766680396
K+	1	1139.3499999999999	0.022892321766659434
K+	1	1141.02	0.022678999620588926
K+	1	1142.6900000000001	0.022480458851568973
K+	1	1144.3599999999999	0.022296363519212062
K+	1	1146.02	0.022127049563905706
K+	1	1147.6900000000001	0.02197050134332483
K+	1	1149.3599999999999	0.021825039155531866
K+	1	1151.03	0.021687639537039206
K+	1	1152.7	0.021555614964746752
K+	1	1154.3599999999999	0.021424598213616832
K+	1	1156.03	0.021292237700936863
K+	1	1157.7	0.021154502142056695
K+	1	1159.3699999999999	0.021009039954263731
K+	1	1161.04	0.020854171435620416
K+	1	1162.71	0.020687880943801674
K+	1	1164.3699999999999	0.020509832538419991
K+	1	1166.04	0.020320362159862878
K+	1	1167.71	0.020121149510067899
K+	1	1169.3800000000001	0.019913874290972616
K+	1	1171.05	0.019700888085289619
K+	1	1172.71	0.019485550296894034
K+	1	1174.3800000000001	0.019271220329660992
K+	1	1176.05	0.019061593527853121
K+	1	1177.72	0.018860701176120577
K+	1	1179.3900000000001	0.018670894857175952
K+	1	1181.05	0.01849654179605691
K+	1	1182.72	0.018339657635088515
K+	1	1184.3900000000001	0.018201922076208344
K+	1	1186.0599999999999	0.018085350761741469
K+	1	1187.73	0.017990951512850427
K+	1	1189.4000000000001	0.017917716508372674
K+	1	1191.0599999999999	0.017865309807920705
K+	1	1192.73	0.017832723590331986
K+	1	1194.4000000000001	0.017817942213281431
K+	1	1196.0699999999999	0.017818278153668942
K+	1	1197.74	0.017831715769169445
K+	1	1199.4000000000001	0.017855903477070355
K+	1	1201.0699999999999	0.017887145933109028
K+	1	1202.74	0.017924099375735414
K+	1	1204.4100000000001	0.017964412222236929
K+	1	1206.0799999999999	0.018005396949513468
K+	1	1207.75	0.018046045736402495
K+	1	1209.4100000000001	0.018085350761741469
K+	1	1211.0799999999999	0.018122976085142881
K+	1	1212.75	0.01815757794505668
K+	1	1214.4200000000001	0.018190164162645406
K+	1	1216.0899999999999	0.018220398797521541
K+	1	1217.75	0.018248281849685088
K+	1	1219.4200000000001	0.018275157080686093
K+	1	1221.0899999999999	0.018300688550137056
K+	1	1222.76	0.018325212198425471
K+	1	1224.4300000000001	0.018348392085163846
K+	1	1226.0999999999999	0.018370564150739677
K+	1	1227.76	0.018390384633602919
K+	1	1229.4300000000001	0.018407853533753574
K+	1	1231.0999999999999	0.018421291149254081
K+	1	1232.77	0.018429353718554385
K+	1	1234.4400000000001	0.018429689658941897
K+	1	1236.0999999999999	0.018421291149254081
K+	1	1237.77	0.01840180660677835
K+	1	1239.4400000000001	0.018369556329577142
K+	1	1241.1099999999999	0.018323196556100398
K+	1	1242.78	0.018260711644023053
K+	1	1244.4400000000001	0.018182101593345101
K+	1	1246.1099999999999	0.018087030463679033
K+	1	1247.78	0.017975834195412356
K+	1	1249.45	0.017849184669320103
K+	1	1251.1199999999999	0.017709769408502371
K+	1	1252.79	0.01755926811489672
K+	1	1254.45	0.01740104019237828
K+	1	1256.1199999999999	0.017239116925597198
K+	1	1257.79	0.017077193658816121
K+	1	1259.46	0.01691896573629768
K+	1	1261.1300000000001	0.016769472263854567
K+	1	1262.79	0.016633080466524449
K+	1	1264.46	0.016513149748182444
K+	1	1266.1300000000001	0.016413375453091201
K+	1	1267.8	0.016336109163963296
K+	1	1269.47	0.016284374344286354
K+	1	1271.1400000000001	0.016258842874835398
K+	1	1272.8	0.016260522576772959
K+	1	1274.47	0.016288741569324021
K+	1	1276.1400000000001	0.016342156090938528
K+	1	1277.8099999999999	0.016417742678128865
K+	1	1279.48	0.016514493509732494
K+	1	1281.1400000000001	0.016626697599161709
K+	1	1282.8099999999999	0.016751667423316397
K+	1	1284.48	0.016884363876383878
K+	1	1286.1500000000001	0.017019075971776439
K+	1	1287.8199999999999	0.017152780246006458
K+	1	1289.49	0.01727942977209871
K+	1	1291.1500000000001	0.017394993265403051
K+	1	1292.8199999999999	0.017495439441269321
K+	1	1294.49	0.017578416716984936
K+	1	1296.1600000000001	0.017639893807899744
K+	1	1297.8299999999999	0.017679534773626236
K+	1	1299.49	0.017694316150676789
K+	1	1301.1600000000001	0.01768524576021395
K+	1	1302.8299999999999	0.017651987661850201
K+	1	1304.5	0.01759554967674808
K+	1	1306.1700000000001	0.017517947447232667
K+	1	1307.8299999999999	0.017420860675241522
K+	1	1309.5	0.017307312824262257
K+	1	1311.1700000000001	0.017179319536619952
K+	1	1312.8399999999999	0.017040240216189734
K+	1	1314.51	0.016893098326459209
K+	1	1316.1800000000001	0.01674158921169102
K+	1	1317.8399999999999	0.016587728514210243
K+	1	1319.51	0.016434875637892008
K+	1	1321.1800000000001	0.016285718105836407
K+	1	1322.8499999999999	0.016142271560368522
K+	1	1324.52	0.016006887584200939
K+	1	1326.1800000000001	0.015880238058108682
K+	1	1327.8499999999999	0.015765346445579372
K+	1	1329.52	0.015661540865837972
K+	1	1331.1900000000001	0.015570501020822055
K+	1	1332.8599999999999	0.015491555029756592
K+	1	1334.53	0.015425374773416607
K+	1	1336.1900000000001	0.015371624311414587
K+	1	1337.8599999999999	0.015329295822588001
K+	1	1339.53	0.015297717426161813
K+	1	1341.2	0.015276889122136032
K+	1	1342.8699999999999	0.015264459327798068
K+	1	1344.53	0.015260428043147915
K+	1	1346.2	0.015263115566248014
K+	1	1347.8699999999999	0.015270506254773292
K+	1	1349.54	0.015282936049111259
K+	1	1351.21	0.01529838930693684
K+	1	1352.8800000000001	0.015315186326312472
K+	1	1354.54	0.015333663047625663
K+	1	1356.21	0.015352139768938858
K+	1	1357.8800000000001	0.015369608669089513
K+	1	1359.55	0.015385397867302605
K+	1	1361.22	0.015398835482803111
K+	1	1362.8800000000001	0.015409921515591027
K+	1	1364.55	0.015417984084891329
K+	1	1366.22	0.015422351309928991
K+	1	1367.8900000000001	0.015423359131091533
K+	1	1369.5599999999999	0.015419999727216404
K+	1	1371.22	0.015412273098303614
K+	1	1372.8900000000001	0.015400515184740674
K+	1	1374.5599999999999	0.015383046284590016
K+	1	1376.23	0.015360202338239162
K+	1	1377.9000000000001	0.015331311464913075
K+	1	1379.5699999999999	0.015295365843449224
K+	1	1381.23	0.015252029533460101
K+	1	1382.9000000000001	0.015200294713783155
K+	1	1384.5699999999999	0.015139489503643373
K+	1	1386.24	0.015069613903040751
K+	1	1387.9100000000001	0.014991003852362799
K+	1	1389.5699999999999	0.014903323411222007
K+	1	1391.24	0.014808252281555939
K+	1	1392.9100000000001	0.014706462344139618
K+	1	1394.5799999999999	0.014600977062460656
K+	1	1396.25	0.014493812078844133
K+	1	1397.9200000000001	0.014387654916390149
K+	1	1399.5799999999999	0.014286536859748851
K+	1	1401.25	0.014193145432020344
K+	1	1402.9200000000001	0.014111175977467267
K+	1	1404.5899999999999	0.014042644138414696
K+	1	1406.26	0.013990573378350239
K+	1	1407.9200000000001	0.013956643399211467
K+	1	1409.5899999999999	0.013941190141385887
K+	1	1411.26	0.013944549545261012
K+	1	1412.9300000000001	0.01396604973006182
K+	1	1414.5999999999999	0.014003339113075721
K+	1	1416.27	0.014054737992365151
K+	1	1417.9300000000001	0.014117558844830007
K+	1	1419.5999999999999	0.014187770385820144
K+	1	1421.27	0.014264028853785507
K+	1	1422.9400000000001	0.014342302964075944
K+	1	1424.6099999999999	0.014420913014753895
K+	1	1426.27	0.014498179303881798
K+	1	1427.9400000000001	0.014572758069909599
K+	1	1429.6099999999999	0.014645321193612322
K+	1	1431.28	0.014714524913439921
K+	1	1432.95	0.01478272081210498
K+	1	1434.6099999999999	0.014850580770382529
K+	1	1436.28	0.014919784490210124
K+	1	1437.95	0.014991003852362799
K+	1	1439.6199999999999	0.015065582618390598
K+	1	1441.29	0.015144864549843576
K+	1	1442.96	0.01522750588517168
K+	1	1444.6199999999999	0.015312834743599882
K+	1	1446.29	0.015399843303965649
K+	1	1447.96	0.015485844043168877
K+	1	1449.6300000000001	0.01556848537849698
K+	2	1471.3099999999999	0.015704877175827098
K+	2	1472.98	0.015710252222027304
K+	2	1474.6500000000001	0.015736791512640798
K+	2	1476.3199999999999	0.015788190391930228
K+	2	1477.99	0.015867472323383206
K+	2	1479.6500000000001	0.015975309187774754
K+	2	1481.3199999999999	0.016113380687042437
K+	2	1482.99	0.016280007119248693
K+	2	1484.6600000000001	0.016473172842068444
K+	2	1486.3299999999999	0.016691534093951643
K+	2	1488	0.016931395530635648
K+	2	1489.6600000000001	0.017189733688632844
K+	2	1491.3299999999999	0.017462517283293087
K+	2	1493	0.017748066612678807
K+	2	1494.6700000000001	0.018042686332527369
K+	2	1496.3399999999999	0.018344024860126179
K+	2	1498	0.018651410314700221
K+	2	1499.6700000000001	0.018963498934699435
K+	2	1501.3399999999999	0.019279618839348804
K+	2	1503.01	0.019601113790198372
K+	2	1504.6800000000001	0.019926975966085607
K+	2	1506.3499999999999	0.020259892890110605
K+	2	1508.01	0.020599192681498343
K+	2	1509.6800000000001	0.020947226922961412
K+	2	1511.3499999999999	0.021303995614499804
K+	2	1513.02	0.021670842517663578
K+	2	1514.6900000000001	0.022048439513227755
K+	2	1516.3499999999999	0.022436450660804821
K+	2	1518.02	0.022836219721944828
K+	2	1519.6900000000001	0.023246604499330234
K+	2	1521.3599999999999	0.023668545626046079
K+	2	1523.03	0.024101572785549835
K+	2	1524.7	0.024546021918229018
K+	2	1526.3599999999999	0.025001221143308605
K+	2	1528.03	0.025469186103113675
K+	2	1529.7	0.025949244916869202
K+	2	1531.3699999999999	0.026443749167287769
K+	2	1533.04	0.026952698854369374
K+	2	1534.7	0.02747945338198915
K+	2	1536.3699999999999	0.028026028392472167
K+	2	1538.04	0.028595447349306045
K+	2	1539.71	0.02919106965636591
K+	2	1541.3800000000001	0.029816254717526879
K+	2	1543.04	0.030475369757826623
K+	2	1544.71	0.031172782002302803
K+	2	1546.3800000000001	0.03191285867599309
K+	2	1548.05	0.032698959182772602
K+	2	1549.72	0.033535114807291495
K+	2	1551.3900000000001	0.034423677132262354
K+	2	1553.05	0.035368005561560299
K+	2	1554.72	0.036368436035572868
K+	2	1556.3900000000001	0.037425304494687547
K+	2	1558.0599999999999	0.038537603117741792
K+	2	1559.73	0.039704660023960614
K+	2	1561.3900000000001	0.040923115809468863
K+	2	1563.0599999999999	0.042190618891553941
K+	2	1564.73	0.043505489568278308
K+	2	1566.4000000000001	0.04486436843576682
K+	2	1568.0699999999999	0.046266919553631977
K+	2	1569.74	0.047712135100711241
K+	2	1571.4000000000001	0.049203038540492211
K+	2	1573.0699999999999	0.050742317396074994
K+	2	1574.74	0.052336690475209856
K+	2	1576.4100000000001	0.053992876585647019
K+	2	1578.0799999999999	0.055722297700561953
K+	2	1579.74	0.057535703912355025
K+	2	1581.4100000000001	0.059447540657689306
K+	2	1583.0799999999999	0.061472253373227821
K+	2	1584.75	0.063625295316796143
K+	2	1586.4200000000001	0.065922455686607401
K+	2	1588.0899999999999	0.068380195561649662
K+	2	1589.75	0.071013968199748548
K+	2	1591.4200000000001	0.073838890918342087
K+	2	1593.0899999999999	0.076870081034868393
K+	2	1594.76	0.080122319926377986
K+	2	1596.4300000000001	0.08360770144682135
K+	2	1598.0899999999999	0.087341678854024024
K+	2	1599.76	0.091336010061548983
K+	2	1601.4300000000001	0.095604804565671733
K+	2	1603.0999999999999	0.10016217186266783
K+	2	1604.77	0.10502289332958782
K+	2	1606.4300000000001	0.11020242222425727
K+	2	1608.0999999999999	0.1157168836852768
K+	2	1609.77	0.12158408255318456
K+	2	1611.4400000000001	0.12782182366851877
K+	2	1613.1099999999999	0.13444925563336754
K+	2	1614.78	0.14148653487098176
K+	2	1616.4400000000001	0.14895381780461212
K+	2	1618.1099999999999	0.15687126085750933
K+	2	1619.78	0.16525935639331174
K+	2	1621.45	0.17413792489488256
K+	2	1623.1199999999999	0.18352577902392253
K+	2	1624.78	0.1934393798594197
K+	2	1626.45	0.20389485253997475
K+	2	1628.1199999999999	0.21490429091953803
K+	2	1629.79	0.22647676538857253
K+	2	1631.46	0.23861798693366582
K+	2	1633.1300000000001	0.25132325238939279
K+	2	1634.79	0.26459289769614097
K+	2	1636.46	0.27841012583453478
K+	2	1638.1300000000001	0.2927547803813233
K+	2	1639.8	0.30759326729775532
K+	2	1641.47	0.3228852737373295
K+	2	1643.1300000000001	0.33858779933044397
K+	2	1644.8	0.35462895283417123
K+	2	1646.47	0.37093885864790854
K+	2	1648.1400000000001	0.38743353167477779
K+	2	1649.8099999999999	0.40401554920240029
K+	2	1651.48	0.42057741030677204
K+	2	1653.1400000000001	0.43699817644838856
K+	2	1654.8099999999999	0.4531569090877452
K+	2	1656.48	0.4689158726659618
K+	2	1658.1500000000001	0.48414069102803342
K+	2	1659.8199999999999	0.49869026921120463
K+	2	1661.48	0.51242015284884501
K+	2	1663.1500000000001	0.52519932518982482
K+	2	1664.8199999999999	0.53690012888688921
K+	2	1666.49	0.54738818778503284
K+	2	1668.1600000000001	0.55655264155637685
K+	2	1669.8199999999999	0.56431286450791829
K+	2	1671.49	0.57057479333115335
K+	2	1673.1600000000001	0.57527795875632992
K+	2	1674.8299999999999	0.57838204793694648
K+	2	1676.5	0.57986018564200204
K+	2	1678.1700000000001	0.57971573127537157
K+	2	1679.8299999999999	0.57795876304868055
K+	2	1681.5	0.57463631261618087
K+	2	1683.1700000000001	0.56979205222824902
K+	2	1684.8399999999999	0.56349988877013768
K+	2	1686.51	0.55584716674260048
K+	2	1688.1700000000001	0.54692459005026539
K+	2	1689.8399999999999	0.53683294080938659
K+	2	1691.51	0.52568979815559325
K+	2	1693.1800000000001	0.51359594420513921
K+	2	1694.8499999999999	0.50067231749752905
K+	2	1696.52	0.48702977836064187
K+	2	1698.1800000000001	0.47277246831460662
K+	2	1699.8499999999999	0.45799445066792682
K+	2	1701.52	0.44280658574848164
K+	2	1703.1900000000001	0.4272928586531492
K+	2	1704.8599999999999	0.41153725447880768
K+	2	1706.52	0.39562375832233526
K+	2	1708.1900000000001	0.37961955826123439
K+	2	1709.8599999999999	0.36359520177688281
K+	2	1711.53	0.34761451754290784
K+	2	1713.2	0.33174133423293695
K+	2	1714.8699999999999	0.31602537102432193
K+	2	1716.53	0.30052508154448998
K+	2	1718.2	0.2852935443746682
K+	2	1719.8699999999999	0.27037443176523307
K+	2	1721.54	0.25581813477431159
K+	2	1723.21	0.24165824744065498
K+	2	1724.8699999999999	0.22793944983580242
K+	2	1726.54	0.21468962501191749
K+	2	1728.21	0.20193598414038869
K+	2	1729.8800000000001	0.18970069928679184
K+	2	1731.55	0.17799989558972756
K+	2	1733.21	0.16684331532043373
K+	2	1734.8800000000001	0.15623700540588553
K+	2	1736.55	0.14618029396530799
K+	2	1738.22	0.1366694856544384
K+	2	1739.8900000000001	0.12769517414242651
K+	2	1741.5599999999999	0.1192462733964843
K+	2	1743.22	0.1113083379799488
K+	2	1744.8900000000001	0.10386423493305681
K+	2	1746.5599999999999	0.096896495355657739
K+	2	1748.23	0.090385634705275802
K+	2	1749.9000000000001	0.084311832499047765
K+	2	1751.5599999999999	0.078655268254110414
K+	2	1753.23	0.073396121487600469
K+	2	1754.9000000000001	0.068513899835879688
K+	2	1756.5699999999999	0.063987774994922253
K+	2	1758.24	0.059799270243415019
K+	2	1759.9100000000001	0.05592755727733216
K+	2	1761.5699999999999	0.052352815613810465
K+	2	1763.24	0.049055560710374174
K+	2	1764.9100000000001	0.046015636143772534
K+	2	1766.5799999999999	0.043214229252304878
K+	2	1768.25	0.040631855493495427
K+	2	1769.9100000000001	0.038250374086418508
K+	2	1771.5799999999999	0.036050972369373442
K+	2	1773.25	0.034016853322984569
K+	2	1774.9200000000001	0.032130883987488777
K+	2	1776.5899999999999	0.030379290806998013
K+	2	1778.25	0.028746956464074234
K+	2	1779.9200000000001	0.027221451164379466
K+	2	1781.5899999999999	0.025791352934738269
K+	2	1783.26	0.024448263265462847
K+	2	1784.9300000000001	0.023182103944927812
K+	2	1786.5999999999999	0.02198763430308797
K+	2	1788.26	0.020858202720270568
K+	2	1789.9300000000001	0.019788568526430413
K+	2	1791.5999999999999	0.018775372317692374
K+	2	1793.27	0.017815926570956354
K+	2	1794.9400000000001	0.016906535941959712
K+	2	1796.5999999999999	0.016046192609539916
K+	2	1798.27	0.015231201229434317
K+	2	1799.9400000000001	0.01446021804009287
K+	2	1801.6099999999999	0.013730555518415479
K+	2	1803.28	0.01303885426052701
K+	2	1804.95	0.012383098624102393
K+	2	1806.6099999999999	0.011759929205266495
K+	2	1808.28	0.011164978778981659
K+	2	1809.95	0.010594887941372758
K+	2	1811.6199999999999	0.010046969169339687
K+	2	1813.29	0.0095165192974572734
K+	2	1814.95	0.0090001789218503887
K+	2	1816.6199999999999	0.008495596459806444
K+	2	1818.29	0.0079997484478378286
K+	2	1819.96	0.007511627064782006
K+	2	1821.6300000000001	0.0070295526087014049
K+	2	1823.3	0.0065548688411460852
K+	2	1824.96	0.0060885835832785798
K+	2	1826.6300000000001	0.0056320405966489399
K+	2	1828.3	0.0051885992851322922
K+	2	1829.97	0.0047626268737662996
K+	2	1831.6400000000001	0.0043581546472011151
K+	2	1833.3	0.0039785420093118636
K+	2	1834.97	0.0036291640062987465
K+	2	1836.6400000000001	0.0033137159824244036
K+	2	1838.3099999999999	0.0030342135800139106
K+	2	1839.98	0.0027943521433299065
K+	2	1841.6400000000001	0.002592787910822339
K+	2	1843.3099999999999	0.0024298568228787215
K+	2	1844.98	0.0023028713563989557
K+	2	1846.6500000000001	0.0022078002267328866
K+	2	1848.3199999999999	0.0021399402684553382
K+	2	1849.99	0.0020925726738160589
K+	2	1851.6500000000001	0.0020593145754523108
K+	2	1853.3199999999999	0.002032439344451303
K+	2	1854.99	0.0020048922326752674
K+	2	1856.6600000000001	0.001971298193924006
K+	2	1858.3299999999999	0.0019249384204472657
K+	2	1859.99	0.001862117567982408
K+	2	1861.6600000000001	0.0017811559345918676
K+	2	1863.3299999999999	0.001680709758725597
K+	2	1865	0.0015614509211586197
K+	2	1866.6700000000001	0.0014270747661535748
K+	2	1868.3399999999999	0.0012809406975855897
K+	2	1870	0.0011290956424298882
K+	2	1871.6700000000001	0.00097758652766169961
K+	2	1873.3399999999999	0.00083380404180630153
K+	2	1875.01	0.00070278729067638419
K+	2	1876.6800000000001	0.00059192696279722139
K+	2	1878.3399999999999	0.00050693404475653128
K+	2	1880.01	0.00045150388081694896
K+	2	1881.6800000000001	0.00042899587485360383
K+	2	1883.3499999999999	0.0004410897288040588
K+	2	1885.02	0.00048744950228079897
K+	2	1886.6900000000001	0.00056673143373377644
K+	2	1888.3499999999999	0.00067524017890034855
K+	2	1890.02	0.00080860851274285658
K+	2	1891.6900000000001	0.00096179732944860795
K+	2	1893.3599999999999	0.0011277518808798382
K+	2	1895.03	0.0012994174188987833
K+	2	1896.6900000000001	0.0014710829569177281
K+	2	1898.3599999999999	0.0016333421640863197
K+	2	1900.03	0.0017818278153668935
K+	2	1901.7	0.001909485162621685
K+	2	1903.3699999999999	0.0020116110404255205
K+	2	1905.03	0.0020841741641282447
K+	2	1906.7	0.0021251588914047831
K+	2	1908.3699999999999	0.0021325495799300606
K+	2	1910.04	0.0021066821700915896
K+	2	1911.71	0.0020482285426643948
K+	2	1913.3800000000001	0.0019605481015236028
K+	2	1915.04	0.0018459924293818032
K+	2	1916.71	0.0017089287512766565
K+	2	1918.3800000000001	0.0015550680537958811
K+	2	1920.05	0.001388105681202112
K+	2	1921.72	0.0012144245008580913
K+	2	1923.3800000000001	0.0010393995589640206
K+	2	1925.05	0.00086840590172010163
K+	2	1926.72	0.00070614669455151
K+	2	1928.3900000000001	0.00055766104327093424
K+	2	1930.0599999999999	0.00042563647097847808
K+	2	1931.73	0.00031343238154926537
K+	2	1933.3900000000001	0.00022340035769588665
K+	2	1935.0599999999999	0.0001562122801933642
K+	2	1936.73	0.00011220408942921089
K+	2	1938.4000000000001	9.0703904628404591e-05
K+	2	1940.0699999999999	9.0367964240891638e-05
K+	2	1941.73	0.00010884468555408513
K+	2	1943.4000000000001	0.00014277466469285932
K+	2	1945.0699999999999	0.00018980631894462542
K+	2	1946.74	0.00024691618482176875
K+	2	1948.4100000000001	0.00031007297767413961
K+	2	1950.0799999999999	0.00037591729362661215
K+	2	1951.74	0.00044209754996659578
K+	2	1953.4100000000001	0.00050592622359399246
K+	2	1955.0799999999999	0.00056505173179621164
K+	2	1956.75	0.00061846625341071822
K+	2	1958.4200000000001	0.00066516196727497133
K+	2	1960.0799999999999	0.00070379511183892116
K+	2	1961.75	0.00073503756787759371
K+	2	1963.4200000000001	0.00075855339500347765
K+	2	1965.0899999999999	0.0007750144739915953
K+	2	1966.76	0.00078475674522946153
K+	2	1968.4200000000001	0.00078878802987961312
K+	2	1970.0899999999999	0.00078744426832956136
K+	2	1971.76	0.0007803895201917969
K+	2	1973.4300000000001	0.00076829566624134194
K+	2	1975.0999999999999	0.0007514986468657132
K+	2	1976.77	0.00072999846206490504
K+	2	1978.4300000000001	0.00070278729067638419
K+	2	1980.0999999999999	0.00067020107308765999
K+	2	1981.77	0.00063190386891122309
K+	2	1983.4400000000001	0.00058755973775955676
K+	2	1985.1099999999999	0.00053784056040769089
K+	2	1986.77	0.00048241039646811036
K+	2	1988.4400000000001	0.00042328488826589119
K+	2	1990.1099999999999	0.00036046403580103147
K+	2	1991.78	0.00029663536217363473
K+	2	1993.45	0.00023280668854623989
K+	2	1995.1199999999999	0.00017200147840645597
K+	2	1996.78	0.00011657131446687548
K+	2	1998.45	6.9539660215109375e-05
K+	2	2000.1199999999999	3.2586217588722393e-05
K+	2	2001.79	9.0703904628402727e-06
K+	2	2003.46	0
K+	2	2005.1199999999999	7.7266289127884806e-06
K+	2	2006.79	3.2586217588722393e-05
K+	2	2008.46	7.4914706415310953e-05
K+	2	2010.1300000000001	0.00013471209539255602
K+	2	2011.8	0.00020929086142035589
K+	2	2013.47	0.00029797912372368654
K+	2	2015.1300000000001	0.0003977534188149314
K+	2	2016.8	0.00050491840243145549
K+	2	2018.47	0.00061645061108564232
K+	2	2020.1400000000001	0.00072899064090236807
K+	2	2021.8099999999999	0.00083917908800650314
K+	2	2023.47	0.00094332060813541441
K+	2	2025.1400000000001	0.0010400714397390464
K+	2	2026.8099999999999	0.0011267440597172995
K+	2	2028.48	0.0012023306469076381
K+	2	2030.1500000000001	0.0012671671416975719
K+	2	2031.8099999999999	0.0013219254248621284
K+	2	2033.48	0.0013672773771763297
K+	2	2035.1500000000001	0.0014052386409652555
K+	2	2036.8199999999999	0.0014384967393290039
K+	2	2038.49	0.0014683954338176263
K+	2	2040.1600000000001	0.0014979581879187359
K+	2	2041.8199999999999	0.0015281928227948713
K+	2	2043.49	0.0015604430999960827
K+	2	2045.1600000000001	0.0015963887214599309
K+	2	2046.8299999999999	0.0016353578064113956
K+	2	2048.5	0.0016766784740754452
K+	2	2050.1599999999999	0.0017196788436770597
K+	2	2051.8299999999999	0.0017620073325036502
K+	2	2053.5	0.001801312357842626
K+	2	2055.1700000000001	0.001836250158143937
K+	2	2056.8400000000001	0.001863125389144945
K+	2	2058.5100000000002	0.0018799224085205755
K+	2	2060.1700000000001	0.0018842896335582401
K+	2	2061.8400000000001	0.0018748833027078869
K+	2	2063.5100000000002	0.001850023714031953
K+	2	2065.1799999999998	0.0018087030463679033
K+	2	2066.8499999999999	0.0017505853593282211
K+	2	2068.5100000000002	0.0016756706529129082
K+	2	2070.1799999999998	0.0015849667482845037
K+	2	2071.8499999999999	0.0014804892877680813
K+	2	2073.52	0.0013639179733012038
K+	2	2075.1900000000001	0.0012376043875964623
K+	2	2076.8600000000001	0.0011065876364665431
K+	2	2078.52	0.00097355524301154803
K+	2	2080.1900000000001	0.00084354631304416777
K+	2	2081.8600000000001	0.00072092807160206479
K+	2	2083.5300000000002	0.00061141150527295376
K+	2	2085.1999999999998	0.00051936383909449734
K+	2	2086.8600000000001	0.00045049605965441199
K+	2	2088.5300000000002	0.00040984727276538631
K+	2	2090.1999999999998	0.00040010500152752018
K+	2	2091.8699999999999	0.00042563647097847808
K+	2	2093.54	0.00048845732344333784
K+	2	2095.1999999999998	0.00058890349930960863
K+	2	2096.8699999999999	0.00072764687935231631
K+	2	2098.54	0.0009019999404713629
K+	3	2900.9200000000001	0.018790489635130442
K+	3	2902.5900000000001	0.018783098946605164
K+	3	2904.2600000000002	0.018773356675367298
K+	3	2905.9299999999998	0.01876294252335441
K+	3	2907.5999999999999	0.018753200252116544
K+	3	2909.27	0.01874513768281624
K+	3	2910.9299999999998	0.018740770457778576
K+	3	2912.5999999999999	0.018742114219328625
K+	3	2914.27	0.018751520550178979
K+	3	2915.9400000000001	0.018770669152267199
K+	3	2917.6100000000001	0.018802247548693383
K+	3	2919.27	0.018848607322170124
K+	3	2920.9400000000001	0.018911428174634985
K+	3	2922.6100000000001	0.018992389808025523
K+	3	2924.2800000000002	0.019092500043504282
K+	3	2925.9499999999998	0.019213438583008818
K+	3	2927.6100000000001	0.01935486948615163
K+	3	2929.2800000000002	0.019517800574095249
K+	3	2930.9499999999998	0.019701224025677134
K+	3	2932.6199999999999	0.019904467960122265
K+	3	2934.29	0.020126860496655612
K+	3	2935.96	0.02036571411217708
K+	3	2937.6199999999999	0.020620356925911638
K+	3	2939.29	0.02088910923592173
K+	3	2940.96	0.021168611638332221
K+	3	2942.6300000000001	0.02145752037159307
K+	3	2944.3000000000002	0.021752811972216655
K+	3	2945.96	0.022052470797877907
K+	3	2947.6300000000001	0.022353809325476717
K+	3	2949.3000000000002	0.022653804091525478
K+	3	2950.9699999999998	0.022950103513311605
K+	3	2952.6399999999999	0.023239549751192475
K+	3	2954.3099999999999	0.023519388093990477
K+	3	2955.9699999999998	0.023786460702063
K+	3	2957.6399999999999	0.024038751933084978
K+	3	2959.3099999999999	0.024272902383181263
K+	3	2960.98	0.024486224529251775
K+	3	2962.6500000000001	0.024676366788583915
K+	3	2964.3099999999999	0.024841313518852607
K+	3	2965.98	0.024979720958507798
K+	3	2967.6500000000001	0.025090917226774478
K+	3	2969.3200000000002	0.025173222621715063
K+	3	2970.9899999999998	0.025227309024104597
K+	3	2972.6599999999999	0.025253848314718098
K+	3	2974.3200000000002	0.025254856135880632
K+	3	2975.9899999999998	0.025232012189529775
K+	3	2977.6599999999999	0.025188003998765619
K+	3	2979.3299999999999	0.025126862848238323
K+	3	2981	0.025052620022598036
K+	3	2982.6599999999999	0.024969978687269936
K+	3	2984.3299999999999	0.024883642007679195
K+	3	2986	0.024798985030026015
K+	3	2987.6700000000001	0.024720374979348064
K+	3	2989.3400000000001	0.024653522842233055
K+	3	2991	0.024602123962943624
K+	3	2992.6700000000001	0.024571217447292463
K+	3	2994.3400000000001	0.024563826758767192
K+	3	2996.0100000000002	0.024582303480080378
K+	3	2997.6799999999998	0.024628999193944633
K+	3	2999.3499999999999	0.024705257661909993
K+	3	3001.0100000000002	0.024810407003201446
K+	3	3002.6799999999998	0.024945119098594003
K+	3	3004.3499999999999	0.025107042365375077
K+	3	3006.02	0.025293825220832091
K+	3	3007.6900000000001	0.025504123903414992
K+	3	3009.3499999999999	0.025733571188086102
K+	3	3011.02	0.025980151432520363
K+	3	3012.6900000000001	0.02624084117323015
K+	3	3014.3600000000001	0.026511273185177799
K+	3	3016.0300000000002	0.026789431826038244
K+	3	3017.6999999999998	0.027072293632323864
K+	3	3019.3600000000001	0.027358514842484607
K+	3	3021.0300000000002	0.027645407933420376
K+	3	3022.6999999999998	0.027932301024356149
K+	3	3024.3699999999999	0.02821885817490441
K+	3	3026.04	0.028505415325452664
K+	3	3027.6999999999998	0.028791300595225899
K+	3	3029.3699999999999	0.029077857745774156
K+	3	3031.04	0.029366766479034998
K+	3	3032.71	0.029658698675783461
K+	3	3034.3800000000001	0.029955334037957096
K+	3	3036.0500000000002	0.030258016327105966
K+	3	3037.71	0.0305680893047801
K+	3	3039.3800000000001	0.030886896732529569
K+	3	3041.0500000000002	0.03121477455074188
K+	3	3042.7199999999998	0.031552394640192057
K+	3	3044.3899999999999	0.03189942106049258
K+	3	3046.0500000000002	0.032255517871255954
K+	3	3047.7199999999998	0.032619341310932116
K+	3	3049.3899999999999	0.032988875737195986
K+	3	3051.0599999999999	0.033362441448110007
K+	3	3052.73	0.033737686860961597
K+	3	3054.3899999999999	0.034111924452650655
K+	3	3056.0599999999999	0.034482466700077055
K+	3	3057.73	0.034846290139753211
K+	3	3059.4000000000001	0.03520070724857903
K+	3	3061.0700000000002	0.035543366443841887
K+	3	3062.7399999999998	0.035872588023604254
K+	3	3064.4000000000001	0.036187028226316045
K+	3	3066.0700000000002	0.036485679230814756
K+	3	3067.7399999999998	0.036767533215937849
K+	3	3069.4099999999999	0.037033598002847841
K+	3	3071.0799999999999	0.037283537651157217
K+	3	3072.7399999999998	0.037518359982028536
K+	3	3074.4099999999999	0.037739408757011837
K+	3	3076.0799999999999	0.03794735585688213
K+	3	3077.75	0.03814253722202697
K+	3	3079.4200000000001	0.03832764037554641
K+	3	3081.0900000000001	0.038501993436665466
K+	3	3082.75	0.038667276107321659
K+	3	3084.4200000000001	0.038823824327902552
K+	3	3086.0900000000001	0.038973317800345658
K+	3	3087.7600000000002	0.039115084643875982
K+	3	3089.4299999999998	0.039251812381593615
K+	3	3091.0900000000001	0.039383836953886073
K+	3	3092.7600000000002	0.039511830241528365
K+	3	3094.4299999999998	0.039638815708008146
K+	3	3096.0999999999999	0.039765465234100392
K+	3	3097.77	0.039893458521742704
K+	3	3099.4400000000001	0.040024811213260132
K+	3	3101.0999999999999	0.04016187489136528
K+	3	3102.77	0.040305993317608195
K+	3	3104.4400000000001	0.040457838372763885
K+	3	3106.1100000000001	0.040619425699157455
K+	3	3107.7800000000002	0.040791091237176405
K+	3	3109.4400000000001	0.040974178748370768
K+	3	3111.1100000000001	0.041168016351965549
K+	3	3112.7800000000002	0.041373275928735756
K+	3	3114.4499999999998	0.04158928559790636
K+	3	3116.1199999999999	0.041817053180639913
K+	3	3117.7800000000002	0.042056578676936407
K+	3	3119.4499999999998	0.042308198027183365
K+	3	3121.1199999999999	0.04257291905254329
K+	3	3122.79	0.042852085514566277
K+	3	3124.46	0.043146369294027313
K+	3	3126.1300000000001	0.043457786033251518
K+	3	3127.79	0.043788015434176417
K+	3	3129.46	0.044138737198739585
K+	3	3131.1300000000001	0.044510959148103553
K+	3	3132.8000000000002	0.044905689103430874
K+	3	3134.4699999999998	0.045322591124334025
K+	3	3136.1300000000001	0.045761665210813006
K+	3	3137.8000000000002	0.046220895720542741
K+	3	3139.4699999999998	0.046697259190035631
K+	3	3141.1399999999999	0.047188068096191561
K+	3	3142.8099999999999	0.047688283333197835
K+	3	3144.48	0.048193537676016807
K+	3	3146.1399999999999	0.04869778419767324
K+	3	3147.8099999999999	0.0491949759711919
K+	3	3149.48	0.04968074577153514
K+	3	3151.1500000000001	0.050148374790952702
K+	3	3152.8200000000002	0.050594503625569449
K+	3	3154.48	0.051015100990735231
K+	3	3156.1500000000001	0.051407143422962452
K+	3	3157.8200000000002	0.051768615279926024
K+	3	3159.4899999999998	0.052101532203951022
K+	3	3161.1599999999999	0.052405558254649945
K+	3	3162.8299999999999	0.052684052835897888
K+	3	3164.4899999999998	0.052941719113120067
K+	3	3166.1599999999999	0.053182252430579093
K+	3	3167.8299999999999	0.053412035655637728
K+	3	3169.5	0.053637787596046191
K+	3	3171.1700000000001	0.053865219238392242
K+	3	3172.8299999999999	0.054101385330813608
K+	3	3174.5	0.054351996859898014
K+	3	3176.1700000000001	0.054621756991070636
K+	3	3177.8400000000001	0.05491469700898164
K+	3	3179.5100000000002	0.055232496615568567
K+	3	3181.1700000000001	0.055577843333931523
K+	3	3182.8400000000001	0.055949393402520475
K+	3	3184.5100000000002	0.056346474940560387
K+	3	3186.1799999999998	0.056765392603788614
K+	3	3187.8499999999999	0.057203458869105051
K+	3	3189.52	0.057655298690309525
K+	3	3191.1799999999998	0.05811788860391439
K+	3	3192.8499999999999	0.058585181682944437
K+	3	3194.52	0.05905381852352453
K+	3	3196.1900000000001	0.059520775662167062
K+	3	3197.8600000000001	0.059982693694996897
K+	3	3199.52	0.060437892920076487
K+	3	3201.1900000000001	0.060887045218180849
K+	3	3202.8600000000001	0.061329478708534967
K+	3	3204.5300000000002	0.061768216854626433
K+	3	3206.1999999999998	0.062205275298780338
K+	3	3207.8699999999999	0.062643677504484296
K+	3	3209.5300000000002	0.063088126637163483
K+	3	3211.1999999999998	0.06354198210069302
K+	3	3212.8699999999999	0.064009275179723074
K+	3	3214.54	0.064493701218516247
K+	3	3216.21	0.064999291501722734
K+	3	3217.8699999999999	0.065528061671667581
K+	3	3219.54	0.066082363311063388
K+	3	3221.21	0.066664548002622753
K+	3	3222.8800000000001	0.06727427980595814
K+	3	3224.5500000000002	0.067912566542232114
K+	3	3226.21	0.068578064449894602
K+	3	3227.8800000000001	0.069269765707783065
K+	3	3229.5500000000002	0.069985654673572428
K+	3	3231.2199999999998	0.070723379764550121
K+	3	3232.8899999999999	0.07148025345761605
K+	3	3234.5599999999999	0.072252916348895052
K+	3	3236.2199999999998	0.073037337153737003
K+	3	3237.8899999999999	0.073830492408654275
K+	3	3239.5599999999999	0.074627678948221712
K+	3	3241.23	0.075425201428176658
K+	3	3242.9000000000001	0.076219364504256468
K+	3	3244.5599999999999	0.077006808772586019
K+	3	3246.23	0.077783502948515187
K+	3	3247.9000000000001	0.078546087628168809
K+	3	3249.5700000000002	0.079293219049996866
K+	3	3251.2399999999998	0.080020865929349191
K+	3	3252.9099999999999	0.080729028266225772
K+	3	3254.5700000000002	0.081415690418301545
K+	3	3256.2399999999998	0.082079844564413987
K+	3	3257.9099999999999	0.082722498525725607
K+	3	3259.5799999999999	0.083343316361848913
K+	3	3261.25	0.083943641834333949
K+	3	3262.9099999999999	0.084525154645118283
K+	3	3264.5799999999999	0.085089870436526993
K+	3	3266.25	0.08564215643359771
K+	3	3267.9200000000001	0.086184028278655553
K+	3	3269.5900000000001	0.086720189137125689
K+	3	3271.2600000000002	0.087255678114820795
K+	3	3272.9200000000001	0.087795534317553575
K+	3	3274.5900000000001	0.088345468731911708
K+	3	3276.2600000000002	0.088910856404095434
K+	3	3277.9299999999998	0.089498752082242505
K+	3	3279.5999999999999	0.090113858931778104
K+	3	3281.2600000000002	0.090761887939289923
K+	3	3282.9299999999998	0.09144787821059068
K+	3	3284.5999999999999	0.092176532911105544
K+	3	3286.27	0.092949195802384546
K+	3	3287.9400000000001	0.093769226288302823
K+	3	3289.5999999999999	0.094636624368860403
K+	3	3291.27	0.095551054103669722
K+	3	3292.9400000000001	0.096510499850405745
K+	3	3294.6100000000001	0.097511938145580845
K+	3	3296.2800000000002	0.098551673644932364
K+	3	3297.9499999999998	0.099626011004197712
K+	3	3299.6100000000001	0.10072957517717664
K+	3	3301.2800000000002	0.10185799893883149
K+	3	3302.9499999999998	0.10300758694489967
K+	3	3304.6199999999999	0.10417430791073096
K+	3	3306.29	0.10535715401516287
K+	3	3307.9499999999998	0.10655343773509529
K+	3	3309.6199999999999	0.10776450283207825
K+	3	3311.29	0.10899135712727431
K+	3	3312.96	0.11023568032262103
K+	3	3314.6300000000001	0.11150116776238103
K+	3	3316.3000000000002	0.11279185073120448
K+	3	3317.96	0.11411008081180397
K+	3	3319.6300000000001	0.11546022522921716
K+	3	3321.3000000000002	0.11684497150654415
K+	3	3322.9699999999998	0.11826465558417246
K+	3	3324.6399999999999	0.1197202852832646
K+	3	3326.3000000000002	0.12120984496149553
K+	3	3327.9699999999998	0.12273098303615264
K+	3	3329.6399999999999	0.1242779885206482
K+	3	3331.3099999999999	0.12584481448800702
K+	3	3332.98	0.12742474213047886
K+	3	3334.6500000000001	0.12900903699798832
K+	3	3336.3099999999999	0.13058896464046013
K+	3	3337.98	0.13215545466743145
K+	3	3339.6500000000001	0.13370044450960195
K+	3	3341.3200000000002	0.13521553565728384
K+	3	3342.9899999999998	0.13669400930272685
K+	3	3344.6500000000001	0.13813015445934326
K+	3	3346.3200000000002	0.13951993984248293
K+	3	3347.9899999999998	0.14086101386943328
K+	3	3349.6599999999999	0.14215203277864424
K+	3	3351.3299999999999	0.14339366845089085
K+	3	3352.9899999999998	0.14458894434966074
K+	3	3354.6599999999999	0.14574121987882901
K+	3	3356.3299999999999	0.14685587008459583
K+	3	3358	0.14793961377471151
K+	3	3359.6700000000001	0.14899883381653881
K+	3	3361.3400000000001	0.15004293654092801
K+	3	3363	0.15108099233834196
K+	3	3364.6700000000001	0.15212106377808099
K+	3	3366.3400000000001	0.15317423689293305
K+	3	3368.0100000000002	0.1542499180137484
K+	3	3369.6799999999998	0.15535818535215254
K+	3	3371.3400000000001	0.15650844523899571
K+	3	3373.0100000000002	0.15771077588590338
K+	3	3374.6799999999998	0.15897391174295078
K+	3	3376.3499999999999	0.1603065872602133
K+	3	3378.02	0.16171652906660375
K+	3	3379.6900000000001	0.16321079191025983
K+	3	3381.3499999999999	0.16479609459893185
K+	3	3383.02	0.16647613247688242
K+	3	3384.6900000000001	0.16825426494798668
K+	3	3386.3600000000001	0.17013284359495723
K+	3	3388.0300000000002	0.17211018871585643
K+	3	3389.6900000000001	0.17418596437029688
K+	3	3391.3600000000001	0.17635513145246581
K+	3	3393.0300000000002	0.17861265085655056
K+	3	3394.6999999999998	0.18095281159596344
K+	3	3396.3699999999999	0.18336687922062905
K+	3	3398.04	0.18584679116124714
K+	3	3399.6999999999998	0.18838448484851741
K+	3	3401.3699999999999	0.19097088989197702
K+	3	3403.04	0.19359827966271315
K+	3	3404.71	0.19625993535297562
K+	3	3406.3800000000001	0.19895048191656409
K+	3	3408.04	0.20166488024766599
K+	3	3409.71	0.20439909906163117
K+	3	3411.3800000000001	0.20715078677574697
K+	3	3413.0500000000002	0.20991859962846338
K+	3	3414.7199999999998	0.21270052197745531
K+	3	3416.3800000000001	0.21549521006117273
K+	3	3418.0500000000002	0.21830165605845309
K+	3	3419.7199999999998	0.22111784432697132
K+	3	3421.3899999999999	0.2239410873436273
K+	3	3423.0599999999999	0.2267697054064835
K+	3	3424.73	0.22959966723088976
K+	3	3426.3899999999999	0.23242862123413344
K+	3	3428.0599999999999	0.23525455177388954
K+	3	3429.73	0.2380737635058954
K+	3	3431.4000000000001	0.24089230335712619
K+	3	3433.0700000000002	0.24370412440060679
K+	3	3434.73	0.2465125860402122
K+	3	3436.4000000000001	0.24932776648756791
K+	3	3438.0700000000002	0.25215638455042411
K+	3	3439.7399999999998	0.2550017996326559
K+	3	3441.4099999999999	0.257880808753639
K+	3	3443.0799999999999	0.26079677131724849
K+	3	3444.7399999999998	0.26376312493898485
K+	3	3446.4099999999999	0.2667899478304735
K+	3	3448.0799999999999	0.2698839587994647
K+	3	3449.75	0.27305859546145883
K+	3	3451.4200000000001	0.27631049841258093
K+	3	3453.0799999999999	0.27964974586445629
K+	3	3454.75	0.28307633781708491
K+	3	3456.4200000000001	0.28659027427046685
K+	3	3458.0900000000001	0.29018819582072697
K+	3	3459.7600000000002	0.29387010246786516
K+	3	3461.4299999999998	0.29763599421188158
K+	3	3463.0900000000001	0.30147915224502586
K+	3	3464.7600000000002	0.30540293597117313
K+	3	3466.4299999999998	0.30940062658257322
K+	3	3468.0999999999999	0.31347894288697631
K+	3	3469.77	0.31763116607663217
K+	3	3471.4299999999998	0.32186401495929112
K+	3	3473.0999999999999	0.326174802011853
K+	3	3474.77	0.33056218347276767
K+	3	3476.4400000000001	0.33503019062668538
K+	3	3478.1100000000001	0.33956874526198083
K+	3	3479.77	0.34417784737865387
K+	3	3481.4400000000001	0.34884741876507913
K+	3	3483.1100000000001	0.35357074061350646
K+	3	3484.7800000000002	0.35833773471231045
K+	3	3486.4499999999998	0.36313496344599056
K+	3	3488.1199999999999	0.36794562979517115
K+	3	3489.7800000000002	0.37276301495210201
K+	3	3491.4499999999998	0.37756696249353239
K+	3	3493.1199999999999	0.38234739420783681
K+	3	3494.79	0.38709423188339004
K+	3	3496.46	0.39180411611631688
K+	3	3498.1199999999999	0.39646360929111679
K+	3	3499.79	0.40106935200391469
K+	3	3501.46	0.40562806306246085
K+	3	3503.1300000000001	0.41013974246675522
K+	3	3504.8000000000002	0.41459767140904757
K+	3	3506.4699999999998	0.4190186469087136
K+	3	3508.1300000000001	0.42340602836962826
K+	3	3509.8000000000002	0.42776653459954195
K+	3	3511.4699999999998	0.43210688440620493
K+	3	3513.1399999999999	0.43643043719349228
K+	3	3514.8099999999999	0.44075063057690439
K+	3	3516.4699999999998	0.44506410515256639
K+	3	3518.1399999999999	0.44938093913210342
K+	3	3519.8099999999999	0.4536977731116405
K+	3	3521.48	0.45802468530280294
K+	3	3523.1500000000001	0.46235831630171564
K+	3	3524.8200000000002	0.4667020255122537
K+	3	3526.48	0.47105581293441717
K+	3	3528.1500000000001	0.47542639737595627
K+	3	3529.8200000000002	0.47981041943299585
K+	3	3531.4899999999998	0.48422131672103641
K+	3	3533.1599999999999	0.48866580804782833
K+	3	3534.8200000000002	0.49314389341337139
K+	3	3536.4899999999998	0.49766901043316625
K+	3	3538.1599999999999	0.50225123731883825
K+	3	3539.8299999999999	0.50690401168588795
K+	3	3541.5	0.51164413055369096
K+	3	3543.1599999999999	0.51647159392224717
K+	3	3544.8299999999999	0.52139983940705725
K+	3	3546.5	0.52644230462362152
K+	3	3548.1700000000001	0.53159898957194007
K+	3	3549.8400000000001	0.53687325365588812
K+	3	3551.5100000000002	0.54226509687546554
K+	3	3553.1700000000001	0.54776444101904698
K+	3	3554.8400000000001	0.55336456727888217
K+	3	3556.5100000000002	0.55904531923172052
K+	3	3558.1799999999998	0.56479325926206125
K+	3	3559.8499999999999	0.57057815273502843
K+	3	3561.5100000000002	0.57637312441962096
K+	3	3563.1799999999998	0.58215801789258814
K+	3	3564.8499999999999	0.58788916090355336
K+	3	3566.52	0.59354639702926582
K+	3	3568.1900000000001	0.59909949163484921
K+	3	3569.8600000000001	0.60450813187380226
K+	3	3571.52	0.60976559893837468
K+	3	3573.1900000000001	0.61483829878981522
K+	3	3574.8600000000001	0.61971615321649831
K+	3	3576.5300000000002	0.62438236519904844
K+	3	3578.1999999999998	0.62883357533359052
K+	3	3579.8600000000001	0.63306306481237429
K+	3	3581.5300000000002	0.63707755244315001
K+	3	3583.1999999999998	0.64088039762979276
K+	3	3584.8699999999999	0.64447831918005283
K+	3	3586.54	0.64788475470943074
K+	3	3588.1999999999998	0.65110978242955186
K+	3	3589.8699999999999	0.65416348055204154
K+	3	3591.54	0.65706600550015049
K+	3	3593.21	0.65982743548550415
K+	3	3594.8800000000001	0.66245784871972779
K+	3	3596.5500000000002	0.66497068281832228
K+	3	3598.21	0.66736929718516225
K+	3	3599.8800000000001	0.66967384824349874
K+	3	3601.5500000000002	0.67188433599333186
K+	3	3603.2199999999998	0.67401083864628664
K+	3	3604.8899999999999	0.67607015322173891
K+	3	3606.5500000000002	0.67807235793131404
K+	3	3608.2199999999998	0.68002417158276229
K+	3	3609.8899999999999	0.68194911000320957
K+	3	3611.5599999999999	0.68385389200040614
K+	3	3613.23	0.68576539280535298
K+	3	3614.9000000000001	0.68769369062967522
K+	3	3616.5599999999999	0.68966566070437441
K+	3	3618.23	0.69170481885657598
K+	3	3619.9000000000001	0.69381116508628005
K+	3	3621.5700000000002	0.69601493402836268
K+	3	3623.2399999999998	0.69830940687507392
K+	3	3624.9000000000001	0.70071809945353936
K+	3	3626.5700000000002	0.70322757414825854
K+	3	3628.2399999999998	0.70583783095923147
K+	3	3629.9099999999999	0.70853543227095772
K+	3	3631.5799999999999	0.71130022166018647
K+	3	3633.25	0.71410868329979194
K+	3	3634.9099999999999	0.71694402017039838
K+	3	3636.5799999999999	0.71977599763712974
K+	3	3638.25	0.72257102166123466
K+	3	3639.9200000000001	0.72529885760783719
K+	3	3641.5900000000001	0.72794606786143645
K+	3	3643.25	0.73048241778715672
K+	3	3644.9200000000001	0.73289782917337243
K+	3	3646.5900000000001	0.73517550500070783
K+	3	3648.2600000000002	0.73730872646141299
K+	3	3649.9299999999998	0.73931093117098812
K+	3	3651.5900000000001	0.74117875972555824
K+	3	3653.2600000000002	0.74293236854837408
K+	3	3654.9299999999998	0.74459191406268632
K+	3	3656.5999999999999	0.7461775526917459
K+	3	3658.27	0.74770944085880342
K+	3	3659.9400000000001	0.74922453200648531
K+	3	3661.5999999999999	0.7507396231541672
K+	3	3663.27	0.75228494893672526
K+	3	3664.9400000000001	0.75387394696965992
K+	3	3666.6100000000001	0.75552341427234682
K+	3	3668.2800000000002	0.75724678846028648
K+	3	3669.9400000000001	0.75904406953347903
K+	3	3671.6100000000001	0.76092533570354959
K+	3	3673.2800000000002	0.76287043054724757
K+	3	3674.9499999999998	0.76487935406457297
K+	3	3676.6199999999999	0.76692859042839989
K+	3	3678.29	0.76900134261935282
K+	3	3679.9499999999998	0.77107745421418084
K+	3	3681.6199999999999	0.77314012819350819
K+	3	3683.29	0.77516248932633403
K+	3	3684.96	0.77712774059328293
K+	3	3686.6300000000001	0.77901908497497896
K+	3	3688.29	0.78082644425979675
K+	3	3689.96	0.78254309963998614
K+	3	3691.6300000000001	0.78416233230779697
K+	3	3693.3000000000002	0.78568078285935405
K+	3	3694.9699999999998	0.7871152483140329
K+	3	3696.6399999999999	0.78846236926795843
K+	3	3698.3000000000002	0.78973558333663119
K+	3	3699.9699999999998	0.79095840634717718
K+	3	3701.6399999999999	0.7921274788957211
K+	3	3703.3099999999999	0.79326295740551367
K+	3	3704.98	0.79438163889593072
K+	3	3706.6399999999999	0.79548016396309684
K+	3	3708.3099999999999	0.79657868903026308
K+	3	3709.98	0.79766713588580396
K+	3	3711.6500000000001	0.79874550452971949
K+	3	3713.3200000000002	0.79980035734650901
K+	3	3714.98	0.80082833493229755
K+	3	3716.6500000000001	0.80180928086383452
K+	3	3718.3200000000002	0.80271967931399357
K+	3	3719.9899999999998	0.80354273326339953
K+	3	3721.6599999999999	0.80425492688492628
K+	3	3723.3299999999999	0.8048394631591983
K+	3	3724.9899999999998	0.80527282625908947
K+	3	3726.6599999999999	0.80554157856909969
K+	3	3728.3299999999999	0.80563564187760306
K+	3	3730	0.80554493797297477
K+	3	3731.6700000000001	0.80527282625908947
K+	3	3733.3299999999999	0.80481258792819721
K+	3	3735	0.80417430119192335
K+	3	3736.6700000000001	0.80337140366576809
K+	3	3738.3400000000001	0.80241061415748205
K+	3	3740.0100000000002	0.80130872968644073
K+	3	3741.6799999999998	0.80006910965651923
K+	3	3743.3400000000001	0.79871526989484332
K+	3	3745.0100000000002	0.79725056980528841
K+	3	3746.6799999999998	0.79568172819560445
K+	3	3748.3499999999999	0.79401546387354183
K+	3	3750.02	0.79226185505072599
K+	3	3751.6799999999998	0.79041754232328176
K+	3	3753.3499999999999	0.78848588509508422
K+	3	3755.02	0.78646688336613346
K+	3	3756.6900000000001	0.78436053713642939
K+	3	3758.3600000000001	0.782166846405972
K+	3	3760.0300000000002	0.77988581117476152
K+	3	3761.6900000000001	0.77751407203892231
K+	3	3763.3600000000001	0.77505498840233
K+	3	3765.0300000000002	0.77250856026498438
K+	3	3766.6999999999998	0.76987142822301047
K+	3	3768.3699999999999	0.76714695168028324
K+	3	3770.0300000000002	0.7643317712329275
K+	3	3771.6999999999998	0.76142588688094337
K+	3	3773.3699999999999	0.75842593922045576
K+	3	3775.04	0.75533192825146456
K+	3	3776.71	0.75213377576234464
K+	3	3778.3699999999999	0.74883148175309555
K+	3	3780.04	0.74542504622371775
K+	3	3781.71	0.74190775036646062
K+	3	3783.3800000000001	0.73827959418132438
K+	3	3785.0500000000002	0.73453721826443397
K+	3	3786.7199999999998	0.73068734142353942
K+	3	3788.3800000000001	0.72672660425476565
K+	3	3790.0500000000002	0.72265500675811278
K+	3	3791.7199999999998	0.71847926774133097
K+	3	3793.3899999999999	0.71420610601217061
K+	3	3795.0599999999999	0.70982880276288129
K+	3	3796.7199999999998	0.70536079560896359
K+	3	3798.3899999999999	0.70080208455041737
K+	3	3800.0599999999999	0.69614931018336768
K+	3	3801.73	0.69140583191168969
K+	3	3803.4000000000001	0.68656157152375774
K+	3	3805.0700000000002	0.68161988842344734
K+	3	3806.73	0.67656734499525761
K+	3	3808.4000000000001	0.67140058183531359
K+	3	3810.0700000000002	0.66609944252036468
K+	3	3811.7399999999998	0.66065384883878508
K+	3	3813.4099999999999	0.65505036317507481
K+	3	3815.0700000000002	0.64926546970210763
K+	3	3816.7399999999998	0.64328573080438312
K+	3	3818.4099999999999	0.63709434946252563
K+	3	3820.0799999999999	0.63067116925328459
K+	3	3821.75	0.62399939315728403
K+	3	3823.4200000000001	0.61706558355902374
K+	3	3825.0799999999999	0.60986638105462843
K+	3	3826.75	0.60238498862472256
K+	3	3828.4200000000001	0.59463820328868178
K+	3	3830.0900000000001	0.58661258743100542
K+	3	3831.7600000000002	0.57832829747494452
K+	3	3833.4200000000001	0.56978869282437383
K+	3	3835.0900000000001	0.56101728930641959
K+	3	3836.7600000000002	0.55203424334433226
K+	3	3838.4299999999998	0.54286307076523799
K+	3	3840.0999999999999	0.53352056858851227
K+	3	3841.7600000000002	0.52403361204515608
K+	3	3843.4299999999998	0.51442235755842025
K+	3	3845.0999999999999	0.50471703976318083
K+	3	3846.77	0.49492773687106334
K+	3	3848.4400000000001	0.48507124590144335
K+	3	3850.1100000000001	0.47516436387369637
K+	3	3851.77	0.46520709078782257
K+	3	3853.4400000000001	0.45521286425932239
K+	3	3855.1100000000001	0.44518840309594604
K+	3	3856.7800000000002	0.43513370729769357
K+	3	3858.4499999999998	0.42505549567231515
K+	3	3860.1100000000001	0.41494704941206073
K+	3	3861.7800000000002	0.40482180613243057
K+	3	3863.4499999999998	0.39467304702567457
K+	3	3865.1199999999999	0.3845175691111683
K+	3	3866.79	0.37436209119666197
K+	3	3868.46	0.36422005089765624
K+	3	3870.1199999999999	0.35410488582965149
K+	3	3871.79	0.34403675241589854
K+	3	3873.46	0.33403916648352322
K+	3	3875.1300000000001	0.32412825317112609
K+	3	3876.8000000000002	0.3143389502790086
K+	3	3878.46	0.30469410175352152
K+	3	3880.1300000000001	0.29521722342179074
K+	3	3881.8000000000002	0.28593183111094211
K+	3	3883.4699999999998	0.27687151885972699
K+	3	3885.1399999999999	0.26804636487977063
K+	3	3886.8099999999999	0.25948660380594929
K+	3	3888.4699999999998	0.25120231384988828
K+	3	3890.1399999999999	0.24320693262708812
K+	3	3891.8099999999999	0.23551053834917418
K+	3	3893.48	0.2281205217046717
K+	3	3895.1500000000001	0.2210372186339683
K+	3	3896.8099999999999	0.21425894943512633
K+	3	3898.48	0.20778269064465821
K+	3	3900.1500000000001	0.20160138751442613
K+	3	3901.8200000000002	0.19570630559435481
K+	3	3903.4899999999998	0.19008803855359388
K+	3	3905.1500000000001	0.18473449253819291
K+	3	3906.8200000000002	0.17963458151536393
K+	3	3908.4899999999998	0.17477721945231905
K+	3	3910.1599999999999	0.17015266407782045
K+	3	3911.8299999999999	0.16574982935908014
K+	3	3913.5	0.16156166054796045
K+	3	3915.1599999999999	0.15757942319438592
K+	3	3916.8299999999999	0.15379707037138143
K+	3	3918.5	0.15021057079429678
K+	3	3920.1700000000001	0.14681354159576923
K+	3	3921.8400000000001	0.14360295931231123
K+	3	3923.5	0.14057412077849751
K+	3	3925.1700000000001	0.13772333065006551
K+	3	3926.8400000000001	0.13504521388081495
K+	3	3928.5100000000002	0.13253473136493318
K+	3	3930.1799999999998	0.13018348459273241
K+	3	3931.8499999999999	0.12798542663723739
K+	3	3933.5100000000002	0.12592947146566022
K+	3	3935.1799999999998	0.12400755650870056
K+	3	3936.8499999999999	0.12220792385279548
K+	3	3938.52	0.12051881558438207
K+	3	3940.1900000000001	0.11892981755144742
K+	3	3941.8499999999999	0.11742917184042859
K+	3	3943.52	0.11600713618008769
K+	3	3945.1900000000001	0.11465396829918689
K+	3	3946.8600000000001	0.11336160562842588
K+	3	3948.5300000000002	0.11212400124082941
K+	3	3950.1900000000001	0.11093544414980978
K+	3	3951.8600000000001	0.10979324683226692
K+	3	3953.5300000000002	0.1086953936458757
K+	3	3955.1999999999998	0.10764154865024864
K+	3	3956.8699999999999	0.10663171184538572
K+	3	3958.54	0.10566789887361203
K+	3	3960.1999999999998	0.10475279725802768
K+	3	3961.8699999999999	0.10388674293902017
K+	3	3963.54	0.10307309532046462
K+	3	3965.21	0.1023135341042986
K+	3	3966.8800000000001	0.10160839523090963
K+	3	3968.54	0.10095969434262278
K+	3	3970.21	0.10036675955866302
K+	3	3971.8800000000001	0.099829254938642836
K+	3	3973.5500000000002	0.099345836721012201
K+	3	3975.2199999999998	0.098915833024996042
K+	3	3976.8899999999999	0.098537228208269337
K+	3	3978.5500000000002	0.098208342568894491
K+	3	3980.2199999999998	0.09792682452415892
K+	3	3981.8899999999999	0.097691330312512578
K+	3	3983.5599999999999	0.097499844291630389
K+	3	3985.23	0.097351022699962306
K+	3	3986.8899999999999	0.097242849895183239
K+	3	3988.5599999999999	0.097173646175355635
K+	3	3990.23	0.097141395898154431
K+	3	3991.9000000000001	0.097143747480867029
K+	3	3993.5700000000002	0.097179021221555847
K+	3	3995.2399999999998	0.097243521775958269
K+	3	3996.9000000000001	0.097333217859424129
K+	3	3998.5700000000002	0.097443742246915779
Rb+	1	60.053600000000003	0.022190878237533102
Rb+	1	61.721800000000002	0.021989314005025535
Rb+	1	63.390000000000001	0.021952024622011634
Rb+	1	65.058099999999996	0.022042056645865015
Rb+	1	66.726299999999995	0.022230855143647105
Rb+	1	68.394400000000005	0.022496583990169579
Rb+	1	70.062600000000003	0.022823118046831837
Rb+	1	71.730699999999999	0.023198027519295915
Rb+	1	73.398899999999998	0.02361291389787399
Rb+	1	75.066999999999993	0.024061595879435835
Rb+	1	76.735200000000006	0.024541654693191355
Rb+	1	78.403400000000005	0.025050604380272963
Rb+	1	80.0715	0.025588444940680657
Rb+	1	81.739699999999999	0.026155512314801947
Rb+	1	83.407799999999995	0.026753822144961904
Rb+	1	85.075999999999993	0.027384382252323081
Rb+	1	86.744100000000003	0.028049880159985562
Rb+	1	88.412300000000002	0.028752331510274433
Rb+	1	90.080500000000001	0.029493751945514769
Rb+	1	91.748599999999996	0.030275485227256625
Rb+	1	93.416799999999995	0.031098539176662523
Rb+	1	95.084900000000005	0.031963249734119979
Rb+	1	96.753100000000003	0.032869616899629008
Rb+	1	98.421199999999999	0.033816632852027073
Rb+	1	100.089	0.034801610068214042
Rb+	1	101.758	0.035822196965477358
Rb+	1	103.426	0.036875706020716909
Rb+	1	105.09399999999999	0.037957434068507517
Rb+	1	106.762	0.039063349824199047
Rb+	1	108.43000000000001	0.040188414181978771
Rb+	1	110.098	0.041328259916809072
Rb+	1	111.76600000000001	0.042477176042102195
Rb+	1	113.435	0.043631467213595544
Rb+	1	115.10299999999999	0.044786094325476394
Rb+	1	116.771	0.045936690152707078
Rb+	1	118.43899999999999	0.04708023123180001
Rb+	1	120.107	0.048214030039655076
Rb+	1	121.77500000000001	0.049335734993559692
Rb+	1	123.444	0.050444002331963798
Rb+	1	125.11199999999999	0.051538160174092379
Rb+	1	126.78	0.052619216341107965
Rb+	1	128.44800000000001	0.053687506773398071
Rb+	1	130.11600000000001	0.054745718994062796
Rb+	1	131.78399999999999	0.055795868645427224
Rb+	1	133.453	0.056842322952529001
Rb+	1	135.12100000000001	0.057888105378855768
Rb+	1	136.78899999999999	0.058937247209057665
Rb+	1	138.45699999999999	0.059995459429722384
Rb+	1	140.125	0.061065765504337566
Rb+	1	141.79300000000001	0.062153204538715888
Rb+	1	143.46100000000001	0.063260464055957463
Rb+	1	145.13	0.064390567519549885
Rb+	1	146.798	0.065545866512205772
Rb+	1	148.46600000000001	0.066726025093537561
Rb+	1	150.13399999999999	0.067931043263545307
Rb+	1	151.80199999999999	0.069157897558741355
Rb+	1	153.47	0.070404236396413161
Rb+	1	155.13900000000001	0.071664684730360487
Rb+	1	156.80699999999999	0.072933195633608103
Rb+	1	158.47499999999999	0.074204394059955825
Rb+	1	160.143	0.075469881499715841
Rb+	1	161.81100000000001	0.076723275085525386
Rb+	1	163.47900000000001	0.077958191950021752
Rb+	1	165.148	0.079167241404679636
Rb+	1	166.816	0.080345720284073899
Rb+	1	168.48400000000001	0.081490269184329361
Rb+	1	170.15199999999999	0.082598872463120976
Rb+	1	171.81999999999999	0.083670522299286218
Rb+	1	173.488	0.084707570275537644
Rb+	1	175.15600000000001	0.085712367974587866
Rb+	1	176.82499999999999	0.086690290442637083
Rb+	1	178.49299999999999	0.087647048666272986
Rb+	1	180.161	0.088589025512858369
Rb+	1	181.82900000000001	0.089523611670918449
Rb+	1	183.49700000000001	0.090457861888591021
Rb+	1	185.16499999999999	0.091398494973626329
Rb+	1	186.834	0.092350550031837078
Rb+	1	188.50200000000001	0.093318058347873392
Rb+	1	190.16999999999999	0.094303707444835405
Rb+	1	191.83799999999999	0.095308169203498105
Rb+	1	193.506	0.096331107683474013
Rb+	1	195.17400000000001	0.097369835361663021
Rb+	1	196.84200000000001	0.098419985013027442
Rb+	1	198.511	0.099477525352917137
Rb+	1	200.179	0.10053540163319435
Rb+	1	201.84700000000001	0.10158991850959645
Rb+	1	203.51499999999999	0.10263368529359813
Rb+	1	205.18299999999999	0.10366334258132429
Rb+	1	206.851	0.10467385126696223
Rb+	1	208.52000000000001	0.10566252382741184
Rb+	1	210.18799999999999	0.10662868838189811
Rb+	1	211.85599999999999	0.10757234493042105
Rb+	1	213.524	0.10849517317491818
Rb+	1	215.19200000000001	0.10940120440003971
Rb+	1	216.86000000000001	0.11029379800966072
Rb+	1	218.529	0.11117900093075644
Rb+	1	220.197	0.11206252414991462
Rb+	1	221.86500000000001	0.11295142241527299
Rb+	1	223.53299999999999	0.11385107077303176
Rb+	1	225.20099999999999	0.1147681880309412
Rb+	1	226.869	0.11570915705636403
Rb+	1	228.53700000000001	0.1166783450743379
Rb+	1	230.20599999999999	0.11768213495222558
Rb+	1	231.874	0.11872422203428971
Rb+	1	233.542	0.11980830166479292
Rb+	1	235.21000000000001	0.12093840512838533
Rb+	1	236.87799999999999	0.12211755588855461
Rb+	1	238.54599999999999	0.12334877740878833
Rb+	1	240.215	0.12463509315257412
Rb+	1	241.88300000000001	0.12597818282184955
Rb+	1	243.55099999999999	0.12738039799932718
Rb+	1	245.21899999999999	0.12884241056578208
Rb+	1	246.887	0.13036522834237674
Rb+	1	248.55500000000001	0.13194817944833617
Rb+	1	250.22300000000001	0.1335902560624978
Rb+	1	251.892	0.1352891066021491
Rb+	1	253.56	0.13704103572302737
Rb+	1	255.22800000000001	0.13884134025970746
Rb+	1	256.89600000000002	0.1406859889275392
Rb+	1	258.56400000000002	0.14256893479954738
Rb+	1	260.23200000000003	0.14448547471030684
Rb+	1	261.90100000000001	0.14643090549439236
Rb+	1	263.56900000000002	0.14840085992676633
Rb+	1	265.23700000000002	0.15039265048432862
Rb+	1	266.90499999999997	0.1524066131074667
Rb+	1	268.57299999999998	0.15444207591540562
Rb+	1	270.24099999999999	0.15650239831202048
Rb+	1	271.91000000000003	0.1585909397011864
Rb+	1	273.57799999999997	0.16071341106949108
Rb+	1	275.24599999999998	0.16287720310545981
Rb+	1	276.91399999999999	0.16508869867645531
Rb+	1	278.58199999999999	0.16735495253061541
Rb+	1	280.25	0.16968369129685287
Rb+	1	281.91800000000001	0.17208062596175533
Rb+	1	283.58699999999999	0.17455113157152308
Rb+	1	285.255	0.17709890347041873
Rb+	1	286.923	0.17972662918154239
Rb+	1	288.59100000000001	0.18243565246644408
Rb+	1	290.25900000000001	0.18522597332512386
Rb+	1	291.92700000000002	0.18809759175758164
Rb+	1	293.596	0.1910478202407174
Rb+	1	295.26400000000001	0.19407565095336859
Rb+	1	296.93200000000002	0.19717839637243509
Rb+	1	298.60000000000002	0.20035370491520429
Rb+	1	300.26799999999997	0.20359855311818861
Rb+	1	301.93599999999998	0.20690890969673789
Rb+	1	303.60500000000002	0.21028208712775204
Rb+	1	305.27300000000002	0.21371371818619336
Rb+	1	306.94099999999997	0.21719809188547418
Rb+	1	308.60899999999998	0.22072983317939426
Rb+	1	310.27699999999999	0.22430255920059089
Rb+	1	311.94499999999999	0.22790820737976375
Rb+	1	313.613	0.23153938702838758
Rb+	1	315.28199999999998	0.23518769963677455
Rb+	1	316.94999999999999	0.23884273105291173
Rb+	1	318.61799999999999	0.24250448127679922
Rb+	1	320.286	0.24615951269293646
Rb+	1	321.95400000000001	0.24980446589744826
Rb+	1	323.62200000000001	0.25343934089033471
Rb+	1	325.291	0.25706413767159586
Rb+	1	326.959	0.26067549683735641
Rb+	1	328.62700000000001	0.26428013719536675
Rb+	1	330.29500000000002	0.26788477755337708
Rb+	1	331.96300000000002	0.27148941791138742
Rb+	1	333.63099999999997	0.27510749588489825
Rb+	1	335.29899999999998	0.2787423708777847
Rb+	1	336.96800000000002	0.28240076169779704
Rb+	1	338.63600000000002	0.2860893871526855
Rb+	1	340.30399999999997	0.28981496605020035
Rb+	1	341.97199999999998	0.29358085779421672
Rb+	1	343.63999999999999	0.29738370298085953
Rb+	1	345.30799999999999	0.30123022041787895
Rb+	1	346.97699999999998	0.30511369129752475
Rb+	1	348.64499999999998	0.3090307562159218
Rb+	1	350.31299999999999	0.3129814151730701
Rb+	1	351.98099999999999	0.3169555899573443
Rb+	1	353.649	0.32094992116486926
Rb+	1	355.31700000000001	0.32495768998789476
Rb+	1	356.98599999999999	0.32897620890332058
Rb+	1	358.654	0.33299741534184657
Rb+	1	360.322	0.33701190297262229
Rb+	1	361.99000000000001	0.34102303119952287
Rb+	1	363.65800000000002	0.34502408121479805
Rb+	1	365.32600000000002	0.34900497480682252
Rb+	1	366.99400000000003	0.35297243078334645
Rb+	1	368.66300000000001	0.35691973033661961
Rb+	1	370.33100000000002	0.36084015465889185
Rb+	1	371.99900000000002	0.36474042255791328
Rb+	1	373.66699999999997	0.36861381522593367
Rb+	1	375.33499999999998	0.37245361385520281
Rb+	1	377.00299999999999	0.37625981844572076
Rb+	1	378.67200000000003	0.38003914780523762
Rb+	1	380.33999999999997	0.38377816431825296
Rb+	1	382.00799999999998	0.38747686798476688
Rb+	1	383.67599999999999	0.3911285399970289
Rb+	1	385.34399999999999	0.39472982095116416
Rb+	1	387.012	0.3982874296549227
Rb+	1	388.68099999999998	0.40178456908892901
Rb+	1	390.34899999999999	0.40522459865705818
Rb+	1	392.017	0.408604158955435
Rb+	1	393.685	0.41191653117630939
Rb+	1	395.35300000000001	0.41517515293518176
Rb+	1	397.02100000000002	0.41836658661655152
Rb+	1	398.68900000000002	0.42150091043204424
Rb+	1	400.358	0.42457812438165976
Rb+	1	402.02600000000001	0.42760494727314835
Rb+	1	403.69400000000002	0.43058809791426039
Rb+	1	405.36200000000002	0.43352757630499572
Rb+	1	407.02999999999997	0.43643682006085494
Rb+	1	408.69799999999998	0.43931582918183798
Rb+	1	410.36700000000002	0.44217468187957032
Rb+	1	412.03500000000003	0.44501673755792703
Rb+	1	413.70299999999997	0.44784871502465839
Rb+	1	415.37099999999998	0.45067733308751456
Rb+	1	417.03899999999999	0.45349587293874538
Rb+	1	418.70699999999999	0.45630433457835085
Rb+	1	420.375	0.45910271800633085
Rb+	1	422.04399999999998	0.46189438262656068
Rb+	1	423.71199999999999	0.46467260963128998
Rb+	1	425.38	0.46742396140501824
Rb+	1	427.048	0.4701551567554958
Rb+	1	428.71600000000001	0.47284939866334696
Rb+	1	430.38400000000001	0.47549996832082148
Rb+	1	432.053	0.47809678751629398
Rb+	1	433.721	0.48062977803813905
Rb+	1	435.38900000000001	0.48309558048248163
Rb+	1	437.05700000000002	0.48548075723382117
Rb+	1	438.72500000000002	0.48776515186890695
Rb+	1	440.39299999999997	0.48994876438773893
Rb+	1	442.06200000000001	0.49200807896319121
Rb+	1	443.73000000000002	0.49394645499913897
Rb+	1	445.39800000000002	0.49574373607233146
Rb+	1	447.06599999999997	0.49739320337501841
Rb+	1	448.73399999999998	0.49888813809944954
Rb+	1	450.40199999999999	0.5002285402456248
Rb+	1	452.06999999999999	0.501404331601919
Rb+	1	453.73899999999998	0.50242894978383246
Rb+	1	455.40699999999998	0.50328895717586475
Rb+	1	457.07499999999999	0.50401458841289193
Rb+	1	458.74299999999999	0.50460248409103903
Rb+	1	460.411	0.50507280063355675
Rb+	1	462.07900000000001	0.50543561625207034
Rb+	1	463.74799999999999	0.50571444677370581
Rb+	1	465.416	0.50592608921783877
Rb+	1	467.084	0.50608062179609459
Rb+	1	468.75200000000001	0.50620491973947424
Rb+	1	470.42000000000002	0.5063023424518529
Rb+	1	472.08800000000002	0.50638968695260611
Rb+	1	473.75599999999997	0.50647367204948424
Rb+	1	475.42500000000001	0.50656773535798783
Rb+	1	477.09300000000002	0.50666851747424158
Rb+	1	478.76100000000002	0.5067760183982456
Rb+	1	480.42899999999997	0.50689695693775016
Rb+	1	482.09699999999998	0.50701453607337954
Rb+	1	483.76499999999999	0.50712875580513395
Rb+	1	485.43400000000003	0.50723961613301305
Rb+	1	487.10199999999998	0.50733367944151664
Rb+	1	488.76999999999998	0.50740086751901903
Rb+	1	490.43799999999999	0.50743110215389531
Rb+	1	492.10599999999999	0.50742774275002012
Rb+	1	493.774	0.50737399228801805
Rb+	1	495.44299999999998	0.50726985076788922
Rb+	1	497.11099999999999	0.50711195878575821
Rb+	1	498.779	0.50690031634162536
Rb+	1	500.447	0.50663492343549033
Rb+	1	502.11500000000001	0.50631913947122853
Rb+	1	503.78300000000002	0.50595296444883975
Rb+	1	505.45100000000002	0.50554647657994944
Rb+	1	507.12	0.50509631646068254
Rb+	1	508.78800000000001	0.50461256230266449
Rb+	1	510.45600000000002	0.50409521410589497
Rb+	1	512.12400000000002	0.50355099067812459
Rb+	1	513.79200000000003	0.50296981380772776
Rb+	1	515.46000000000004	0.50236176170632996
Rb+	1	517.12900000000002	0.50171003735455544
Rb+	1	518.79700000000003	0.50101128134852924
Rb+	1	520.46500000000003	0.50025877488050097
Rb+	1	522.13300000000004	0.49943236152721993
Rb+	1	523.80100000000004	0.49852868188481103
Rb+	1	525.46900000000005	0.49753093893389855
Rb+	1	527.13800000000003	0.49642905446285718
Rb+	1	528.80600000000004	0.4952163096639367
Rb+	1	530.47400000000005	0.49388598572938675
Rb+	1	532.14200000000005	0.492428004447582
Rb+	1	533.80999999999995	0.49085916283789804
Rb+	1	535.47799999999995	0.48917274209258482
Rb+	1	537.14599999999996	0.48738553923101768
Rb+	1	538.81500000000005	0.48551435127257248
Rb+	1	540.48299999999995	0.48357597523662466
Rb+	1	542.15099999999995	0.4815905675464251
Rb+	1	543.81899999999996	0.47959172224072505
Rb+	1	545.48699999999997	0.47759623633890014
Rb+	1	547.15499999999997	0.4756309850719514
Rb+	1	548.82399999999996	0.47372956247862996
Rb+	1	550.49199999999996	0.47190540617443649
Rb+	1	552.15999999999997	0.47018203198649683
Rb+	1	553.82799999999997	0.46857623693418654
Rb+	1	555.49599999999998	0.4670947398252559
Rb+	1	557.16399999999999	0.46574425946745523
Rb+	1	558.83199999999999	0.46452815526465957
Rb+	1	560.50099999999998	0.46343970840911874
Rb+	1	562.16899999999998	0.46247555949695751
Rb+	1	563.83699999999999	0.46162563031655063
Rb+	1	565.505	0.46086976444464722
Rb+	1	567.173	0.460197883669622
Rb+	1	568.84100000000001	0.45958983156822414
Rb+	1	570.50999999999999	0.45903888933270348
Rb+	1	572.178	0.4585148223281838
Rb+	1	573.846	0.45802098995854024
Rb+	1	575.51400000000001	0.457533876396647
Rb+	1	577.18200000000002	0.45704676283475371
Rb+	1	578.85000000000002	0.456549571061235
Rb+	1	580.51900000000001	0.45604230107609101
Rb+	1	582.18700000000001	0.45551487466769619
Rb+	1	583.85500000000002	0.45496729183605061
Rb+	1	585.52300000000002	0.45438947436952892
Rb+	1	587.19100000000003	0.45378478167200625
Rb+	1	588.85900000000004	0.45314985433960742
Rb+	1	590.52700000000004	0.45248133296845733
Rb+	1	592.19600000000003	0.45177249875080566
Rb+	1	593.86400000000003	0.45103342989827794
Rb+	1	595.53200000000004	0.45025740760312383
Rb+	1	597.20000000000005	0.44943435365371792
Rb+	1	598.86800000000005	0.44857434626168563
Rb+	1	600.53599999999994	0.44767738542702695
Rb+	1	602.20500000000004	0.44674011174586675
Rb+	1	603.87300000000005	0.44575580641045481
Rb+	1	605.54100000000005	0.44473454763241643
Rb+	1	607.20899999999995	0.44366961660400145
Rb+	1	608.87699999999995	0.44256101332520986
Rb+	1	610.54499999999996	0.44140201898829134
Rb+	1	612.21299999999997	0.44019263359324595
Rb+	1	613.88199999999995	0.43892613833232336
Rb+	1	615.54999999999995	0.43759581439777345
Rb+	1	617.21799999999996	0.43619158357797072
Rb+	1	618.88599999999997	0.43471344587291527
Rb+	1	620.55399999999997	0.43316140128260694
Rb+	1	622.22199999999998	0.43152537159542054
Rb+	1	623.89099999999996	0.42980871621523109
Rb+	1	625.55899999999997	0.42802151335366401
Rb+	1	627.22699999999998	0.42616712241459437
Rb+	1	628.89499999999998	0.42425562160964758
Rb+	1	630.56299999999999	0.42231388616982468
Rb+	1	632.23099999999999	0.42034863490287594
Rb+	1	633.89999999999998	0.41839010244367741
Rb+	1	635.56799999999998	0.41646180461935506
Rb+	1	637.23599999999999	0.41458053844928439
Rb+	1	638.904	0.41277653856834168
Rb+	1	640.572	0.41106996139977758
Rb+	1	642.24000000000001	0.40947760396296784
Rb+	1	643.90800000000002	0.40801626327728796
Rb+	1	645.577	0.40669265815048822
Rb+	1	647.245	0.40551350739031899
Rb+	1	648.91300000000001	0.40447209218902991
Rb+	1	650.58100000000002	0.40357177195049609
Rb+	1	652.24900000000002	0.40278231203984149
Rb+	1	653.91700000000003	0.40209699364931573
Rb+	1	655.58600000000001	0.40148222274016765
Rb+	1	657.25400000000002	0.40091112408139623
Rb+	1	658.92200000000003	0.40035010363425017
Rb+	1	660.59000000000003	0.39976892676385334
Rb+	1	662.25800000000004	0.39912728062370423
Rb+	1	663.92600000000004	0.39839493057892672
Rb+	1	665.59500000000003	0.39753492318689448
Rb+	1	667.26300000000003	0.39652710202435659
Rb+	1	668.93100000000004	0.39534459186031223
Rb+	1	670.59900000000005	0.39397395507926081
Rb+	1	672.26700000000005	0.39240847287345199
Rb+	1	673.93499999999995	0.39063806703126053
Rb+	1	675.60299999999995	0.388679534572062
Rb+	1	677.27200000000005	0.38654295370748176
Rb+	1	678.94000000000005	0.38424176205302041
Rb+	1	680.60799999999995	0.38181291305130421
Rb+	1	682.27599999999995	0.37927992252945913
Rb+	1	683.94399999999996	0.37667302512236128
Rb+	1	685.61199999999997	0.37403589308038726
Rb+	1	687.28099999999995	0.3713954016345381
Rb+	1	688.94899999999996	0.36878514482356511
Rb+	1	690.61699999999996	0.36623199787846927
Rb+	1	692.28499999999997	0.36376283603025161
Rb+	1	693.95299999999997	0.36139781570216278
Rb+	1	695.62099999999998	0.35914029629807803
Rb+	1	697.28899999999999	0.35700371543349785
Rb+	1	698.95799999999997	0.35499143251229726
Rb+	1	700.62599999999998	0.35309000991897588
Rb+	1	702.29399999999998	0.35130280705740879
Rb+	1	703.96199999999999	0.34960294869659497
Rb+	1	705.63	0.34798707543265933
Rb+	1	707.298	0.34643839024622614
Rb+	1	708.96699999999998	0.34494009611791993
Rb+	1	710.63499999999999	0.34347539602836491
Rb+	1	712.303	0.34202749295818557
Rb+	1	713.971	0.34058630869575651
Rb+	1	715.63900000000001	0.33913840562557712
Rb+	1	717.30700000000002	0.33767706493989724
Rb+	1	718.976	0.33619220842709152
Rb+	1	720.64400000000001	0.33468047668328477
Rb+	1	722.31200000000001	0.33313515090072676
Rb+	1	723.98000000000002	0.33155623107941745
Rb+	1	725.64800000000002	0.32993699841160667
Rb+	1	727.31600000000003	0.32828081230116951
Rb+	1	728.98400000000004	0.32658095394035569
Rb+	1	730.65300000000002	0.32484011085226527
Rb+	1	732.32100000000003	0.32305290799069819
Rb+	1	733.98900000000003	0.3212220328787545
Rb+	1	735.65700000000004	0.3193474855164341
Rb+	1	737.32500000000005	0.31741918769211169
Rb+	1	738.99300000000005	0.31544385821353754
Rb+	1	740.66200000000003	0.3134214970807116
Rb+	1	742.33000000000004	0.3113453854858837
Rb+	1	743.99800000000005	0.30921888283292887
Rb+	1	745.66600000000005	0.30704870792959738
Rb+	1	747.33399999999995	0.30483150137201415
Rb+	1	749.00199999999995	0.30257062256405431
Rb+	1	750.66999999999996	0.30027614971734312
Rb+	1	752.33900000000006	0.29795480163963095
Rb+	1	754.00699999999995	0.29560657833091786
Rb+	1	755.67499999999995	0.29324491740670411
Rb+	1	757.34299999999996	0.29087653767474025
Rb+	1	759.01099999999997	0.28850815794277629
Rb+	1	760.67899999999997	0.28614649701856265
Rb+	1	762.34799999999996	0.28380163311372458
Rb+	1	764.01599999999996	0.28147020682438706
Rb+	1	765.68399999999997	0.2791589369583003
Rb+	1	767.35199999999998	0.27687118291933943
Rb+	1	769.01999999999998	0.27460694470750441
Rb+	1	770.68799999999999	0.27235950351504506
Rb+	1	772.35699999999997	0.27012549993808616
Rb+	1	774.02499999999998	0.26790493397662785
Rb+	1	775.69299999999998	0.2656910868229197
Rb+	1	777.36099999999999	0.2634772396692116
Rb+	1	779.029	0.26126003311162832
Rb+	1	780.697	0.25903610774629482
Rb+	1	782.36500000000001	0.25679874476546088
Rb+	1	784.03399999999999	0.25455130357300149
Rb+	1	785.702	0.25229378416891673
Rb+	1	787.37	0.25002282714933149
Rb+	1	789.03800000000001	0.24773843251424571
Rb+	1	790.70600000000002	0.24545067847528482
Rb+	1	792.37400000000002	0.24315620562857368
Rb+	1	794.04300000000001	0.2408550139741123
Rb+	1	795.71100000000001	0.23855046291577578
Rb+	1	797.37900000000002	0.23624255245356413
Rb+	1	799.04700000000003	0.23393128258747736
Rb+	1	800.71500000000003	0.23160993450976519
Rb+	1	802.38300000000004	0.22927514881655256
Rb+	1	804.05200000000002	0.22692423798473929
Rb+	1	805.72000000000003	0.2245508191469627
Rb+	1	807.38800000000003	0.22214951725702256
Rb+	1	809.05600000000004	0.21971495726871865
Rb+	1	810.72400000000005	0.21724277195701333
Rb+	1	812.39200000000005	0.21472993785841898
Rb+	1	814.05999999999995	0.21217443933061056
Rb+	1	815.72900000000004	0.20957493261203794
Rb+	1	817.39700000000005	0.20693343334502631
Rb+	1	819.06500000000005	0.20425162123151311
Rb+	1	820.73299999999995	0.20153352755614856
Rb+	1	822.40099999999995	0.19878452736513288
Rb+	1	824.06899999999996	0.19600831600272864
Rb+	1	825.73800000000006	0.19321194821707366
Rb+	1	827.40599999999995	0.19040012717359309
Rb+	1	829.07399999999996	0.18757755603771212
Rb+	1	830.74199999999996	0.18474860203446844
Rb+	1	832.40999999999997	0.18191628862734957
Rb+	1	834.07799999999997	0.17908330333945574
Rb+	1	835.74599999999998	0.17625031805156186
Rb+	1	837.41499999999996	0.17341800464444304
Rb+	1	839.08299999999997	0.17058669905848675
Rb+	1	840.75099999999998	0.16775673723408052
Rb+	1	842.41899999999998	0.16492711135006177
Rb+	1	844.08699999999999	0.16209983704875564
Rb+	1	845.755	0.1592755862109371
Rb+	1	847.42399999999998	0.15645671041931877
Rb+	1	849.09199999999998	0.15364757689893832
Rb+	1	850.75999999999999	0.15085288881522088
Rb+	1	852.428	0.14807835715475423
Rb+	1	854.096	0.14533103666567609
Rb+	1	855.76400000000001	0.14261898991728678
Rb+	1	857.43299999999999	0.13995027947888658
Rb+	1	859.101	0.1373326319793883
Rb+	1	860.76900000000001	0.13477276622654222
Rb+	1	862.43700000000001	0.13227807290887356
Rb+	1	864.10500000000002	0.12985392707258256
Rb+	1	865.77300000000002	0.1275033521811568
Rb+	1	867.44100000000003	0.12523004357885897
Rb+	1	869.11000000000001	0.12303299344452648
Rb+	1	870.77800000000002	0.12091220177815935
Rb+	1	872.44600000000003	0.11886464511626998
Rb+	1	874.11400000000003	0.11688729999537074
Rb+	1	875.78200000000004	0.11497445542887394
Rb+	1	877.45000000000005	0.11312107231096685
Rb+	1	879.11900000000003	0.11132110371467428
Rb+	1	880.78700000000003	0.10956850271302099
Rb+	1	882.45500000000004	0.10785722237903174
Rb+	1	884.12300000000005	0.10618222360689385
Rb+	1	885.79100000000005	0.10453880323118216
Rb+	1	887.45899999999995	0.10292259402685899
Rb+	1	889.12699999999995	0.10133090847082424
Rb+	1	890.79600000000005	0.09976240280152783
Rb+	1	892.46400000000006	0.098214725436257241
Rb+	1	894.13199999999995	0.096688548255787432
Rb+	1	895.79999999999995	0.095184543140893488
Rb+	1	897.46799999999996	0.093704725733900415
Rb+	1	899.13599999999997	0.092250103855970808
Rb+	1	900.80499999999995	0.090824036910979761
Rb+	1	902.47299999999996	0.089429212422027407
Rb+	1	904.14099999999996	0.088067981971826303
Rb+	1	905.80899999999997	0.086743369023864064
Rb+	1	907.47699999999998	0.085457053280078271
Rb+	1	909.14499999999998	0.084210378502018984
Rb+	1	910.81399999999996	0.083004688451236208
Rb+	1	912.48199999999997	0.081839647187342476
Rb+	1	914.14999999999998	0.080713575008400193
Rb+	1	915.81799999999998	0.079625800033634356
Rb+	1	917.48599999999999	0.078572626918782321
Rb+	1	919.154	0.077551032200356473
Rb+	1	920.822	0.076557320534094156
Rb+	1	922.49099999999999	0.075587124694957736
Rb+	1	924.15899999999999	0.074636413398297047
Rb+	1	925.827	0.073701491299849445
Rb+	1	927.495	0.072777991174577283
Rb+	1	929.16300000000001	0.071864233320542967
Rb+	1	930.83100000000002	0.070957194274258908
Rb+	1	932.5	0.07005586621456257
Rb+	1	934.16800000000001	0.069160249141453953
Rb+	1	935.83600000000001	0.068270007114545533
Rb+	1	937.50400000000002	0.067385812014612342
Rb+	1	939.17200000000003	0.066509343543591948
Rb+	1	940.84000000000003	0.06564093764187183
Rb+	1	942.50900000000001	0.064782274011389598
Rb+	1	944.17700000000002	0.063933688592532747
Rb+	1	945.84500000000003	0.063095853266076279
Rb+	1	947.51300000000003	0.062267088330082661
Rb+	1	949.18100000000004	0.061447393784551892
Rb+	1	950.84900000000005	0.060634418046771367
Rb+	1	952.51700000000005	0.059825137653253493
Rb+	1	954.18600000000004	0.059017872902060682
Rb+	1	955.85400000000004	0.058208592508542809
Rb+	1	957.52200000000005	0.057395280830374776
Rb+	1	959.19000000000005	0.056574578463681455
Rb+	1	960.85799999999995	0.055744133825750282
Rb+	1	962.52599999999995	0.054902603155031184
Rb+	1	964.19500000000005	0.054049650511136665
Rb+	1	965.86300000000006	0.053184604013291691
Rb+	1	967.53099999999995	0.052307799601883774
Rb+	1	969.19899999999996	0.051421252919237985
Rb+	1	970.86699999999996	0.050527987428841944
Rb+	1	972.53499999999997	0.049630354713408244
Rb+	1	974.20299999999997	0.048732386057587042
Rb+	1	975.87199999999996	0.047839120567191001
Rb+	1	977.53999999999996	0.046954589526870288
Rb+	1	979.20799999999997	0.046085511744375168
Rb+	1	980.87599999999998	0.045235582563968257
Rb+	1	982.54399999999998	0.044412192674174851
Rb+	1	984.21199999999999	0.043620381180807612
Rb+	1	985.88099999999997	0.042865187189679271
Rb+	1	987.54899999999998	0.042151985746989987
Rb+	1	989.21699999999998	0.041485480018164975
Rb+	1	990.88499999999999	0.040868693466691822
Rb+	1	992.553	0.040303641734895604
Rb+	1	994.221	0.039792676405488912
Rb+	1	995.88999999999999	0.039334453716921708
Rb+	1	997.55799999999999	0.038927629907643937
Rb+	1	999.226	0.038568173693005449
Rb+	1	1000.89	0.038252053788356083
Rb+	1	1002.5599999999999	0.037972887326333096
Rb+	1	1004.23	0.037722947678023713
Rb+	1	1005.9	0.037494508214515131
Rb+	1	1007.5700000000001	0.037279170426119557
Rb+	1	1009.23	0.037068199862761643
Rb+	1	1010.9	0.036853533955141078
Rb+	1	1012.5700000000001	0.036627782014732602
Rb+	1	1014.24	0.036386240876111031
Rb+	1	1015.91	0.03612319955268866
Rb+	1	1017.58	0.035835970521365376
Rb+	1	1019.24	0.035524217841753677
Rb+	1	1020.91	0.035188277454241058
Rb+	1	1022.58	0.034830500941540124
Rb+	1	1024.25	0.034453911767138495
Rb+	1	1025.9200000000001	0.034064220917623858
Rb+	1	1027.5799999999999	0.033666131558421422
Rb+	1	1029.25	0.033264682795343836
Rb+	1	1030.9200000000001	0.03286592155536637
Rb+	1	1032.5899999999999	0.032474215063526664
Rb+	1	1034.26	0.032094602425637414
Rb+	1	1035.9300000000001	0.031730107105186228
Rb+	1	1037.5899999999999	0.031382744744498189
Rb+	1	1039.26	0.031055538807060901
Rb+	1	1040.9300000000001	0.030748153352486863
Rb+	1	1042.5999999999999	0.03046126026155109
Rb+	1	1044.27	0.030195195474641105
Rb+	1	1045.9300000000001	0.029948615230206851
Rb+	1	1047.5999999999999	0.029721855468635837
Rb+	1	1049.27	0.029512900547602989
Rb+	1	1050.9400000000001	0.029322086407495826
Rb+	1	1052.6099999999999	0.029148741167539318
Rb+	1	1054.28	0.02899252888734595
Rb+	1	1055.9400000000001	0.028853449566915729
Rb+	1	1057.6099999999999	0.028730831325473629
Rb+	1	1059.28	0.028624002282244619
Rb+	1	1060.95	0.028533298377616215
Rb+	1	1062.6199999999999	0.028457711790425874
Rb+	1	1064.28	0.028395898759123551
Rb+	1	1065.95	0.028347523343321742
Rb+	1	1067.6199999999999	0.028310569900695349
Rb+	1	1069.29	0.028283358729306828
Rb+	1	1070.96	0.028264882007993635
Rb+	1	1072.6199999999999	0.028252116273268159
Rb+	1	1074.29	0.028243717763580343
Rb+	1	1075.96	0.028236663015442576
Rb+	1	1077.6300000000001	0.028228600446142272
Rb+	1	1079.3	0.028217178472966845
Rb+	1	1080.97	0.028199037692041164
Rb+	1	1082.6300000000001	0.028171490580265128
Rb+	1	1084.3	0.028131849614538639
Rb+	1	1085.97	0.028076755390986578
Rb+	1	1087.6400000000001	0.02800385632689634
Rb+	1	1089.3099999999999	0.027910464899167833
Rb+	1	1090.97	0.027795237346251007
Rb+	1	1092.6400000000001	0.027655150204658245
Rb+	1	1094.3099999999999	0.027491211295552091
Rb+	1	1095.98	0.027302748738157512
Rb+	1	1097.6500000000001	0.027091106294024569
Rb+	1	1099.3199999999999	0.026858635545865841
Rb+	1	1100.98	0.026607688076393923
Rb+	1	1102.6500000000001	0.026342631110646473
Rb+	1	1104.3199999999999	0.026067495933273638
Rb+	1	1105.99	0.025786649769313098
Rb+	1	1107.6600000000001	0.025505131724577527
Rb+	1	1109.3199999999999	0.025228316845267135
Rb+	1	1110.99	0.024959228594869536
Rb+	1	1112.6600000000001	0.024702906079197413
Rb+	1	1114.3299999999999	0.024461364940575846
Rb+	1	1116	0.024237292702104934
Rb+	1	1117.6600000000001	0.024031697184947211
Rb+	1	1119.3299999999999	0.023845250269877712
Rb+	1	1121	0.023676944135733895
Rb+	1	1122.6700000000001	0.023525569397120707
Rb+	1	1124.3399999999999	0.023388505719015563
Rb+	1	1126.01	0.023263871835248386
Rb+	1	1127.6700000000001	0.023147300520781511
Rb+	1	1129.3399999999999	0.02303677613328986
Rb+	1	1131.01	0.022927931447735774
Rb+	1	1132.6800000000001	0.022818750821794173
Rb+	1	1134.3499999999999	0.022705202970814908
Rb+	1	1136.01	0.022584600371697884
Rb+	1	1137.6800000000001	0.022455935203280552
Rb+	1	1139.3499999999999	0.022317191823237846
Rb+	1	1141.02	0.022166354589244684
Rb+	1	1142.6900000000001	0.022003759441688579
Rb+	1	1144.3599999999999	0.021829406380569533
Rb+	1	1146.02	0.021643631346275057
Rb+	1	1147.6900000000001	0.021448114040742719
Rb+	1	1149.3599999999999	0.02124386228513505
Rb+	1	1151.03	0.021032219841002103
Rb+	1	1152.7	0.020816546112219007
Rb+	1	1154.3599999999999	0.020598856741110835
Rb+	1	1156.03	0.020381167370002663
Rb+	1	1157.7	0.02016616552199459
Rb+	1	1159.3699999999999	0.019956874660574234
Rb+	1	1161.04	0.019755310428066667
Rb+	1	1162.71	0.01956281658602194
Rb+	1	1164.3699999999999	0.019381744717152639
Rb+	1	1166.04	0.01921310264262131
Rb+	1	1167.71	0.019057226302815457
Rb+	1	1169.3800000000001	0.018914115697735087
Rb+	1	1171.05	0.01878377082738019
Rb+	1	1172.71	0.018664176049425704
Rb+	1	1174.3800000000001	0.018553987602321565
Rb+	1	1176.05	0.01845186172451773
Rb+	1	1177.72	0.018354439012139075
Rb+	1	1179.3900000000001	0.018260039763248026
Rb+	1	1181.05	0.018165304573969473
Rb+	1	1182.72	0.018068217801978325
Rb+	1	1184.3900000000001	0.017967099745337032
Rb+	1	1186.0599999999999	0.017860270702108022
Rb+	1	1187.73	0.017746386910741246
Rb+	1	1189.4000000000001	0.017625448371236703
Rb+	1	1191.0599999999999	0.017498126964369427
Rb+	1	1192.73	0.017364758630526916
Rb+	1	1194.4000000000001	0.017227694952421772
Rb+	1	1196.0699999999999	0.017089287512766577
Rb+	1	1197.74	0.016951887894273918
Rb+	1	1199.4000000000001	0.016818183620043899
Rb+	1	1201.0699999999999	0.016690862213176619
Rb+	1	1202.74	0.016572947137159691
Rb+	1	1204.4100000000001	0.016467461855480731
Rb+	1	1206.0799999999999	0.016375750129689788
Rb+	1	1207.75	0.016299491661724425
Rb+	1	1209.4100000000001	0.016240030213134693
Rb+	1	1211.0799999999999	0.016197029843533078
Rb+	1	1212.75	0.016171498374082119
Rb+	1	1214.4200000000001	0.016161756102844253
Rb+	1	1216.0899999999999	0.016166795208656944
Rb+	1	1217.75	0.016186279751132675
Rb+	1	1219.4200000000001	0.016218530028333886
Rb+	1	1221.0899999999999	0.016262202278710527
Rb+	1	1222.76	0.01631561680032503
Rb+	1	1224.4300000000001	0.016378101712402376
Rb+	1	1226.0999999999999	0.016448313253392514
Rb+	1	1227.76	0.016526251423295439
Rb+	1	1229.4300000000001	0.01661124434133613
Rb+	1	1231.0999999999999	0.016702956067127069
Rb+	1	1232.77	0.016801722541055782
Rb+	1	1234.4400000000001	0.016907207822734742
Rb+	1	1236.0999999999999	0.017018404091001412
Rb+	1	1237.77	0.017135647286243314
Rb+	1	1239.4400000000001	0.017256921766135368
Rb+	1	1241.1099999999999	0.017381219709515037
Rb+	1	1242.78	0.01750652547405724
Rb+	1	1244.4400000000001	0.017629479655886855
Rb+	1	1246.1099999999999	0.01774806661267881
Rb+	1	1247.78	0.017857583179007919
Rb+	1	1249.45	0.017956013712549113
Rb+	1	1251.1199999999999	0.018037647226714679
Rb+	1	1252.79	0.018099796198404513
Rb+	1	1254.45	0.018138093402580952
Rb+	1	1256.1199999999999	0.018150523196918917
Rb+	1	1257.79	0.018133390237155773
Rb+	1	1259.46	0.01808501482135396
Rb+	1	1261.1300000000001	0.018004725068738445
Rb+	1	1262.79	0.017891513158146695
Rb+	1	1264.46	0.017745715029966219
Rb+	1	1266.1300000000001	0.017569010386134586
Rb+	1	1267.8	0.017363078928589355
Rb+	1	1269.47	0.017130608180430627
Rb+	1	1271.1400000000001	0.016874621605146016
Rb+	1	1272.8	0.016599486427773189
Rb+	1	1274.47	0.016307890171412241
Rb+	1	1276.1400000000001	0.016004871941875866
Rb+	1	1277.8099999999999	0.01569446302381421
Rb+	1	1279.48	0.01538035876148992
Rb+	1	1281.1400000000001	0.01506659043955314
Rb+	1	1282.8099999999999	0.014756853402266512
Rb+	1	1284.48	0.014454842993892672
Rb+	1	1286.1500000000001	0.014163246737531724
Rb+	1	1287.8199999999999	0.013885424037058794
Rb+	1	1289.49	0.013623054594411444
Rb+	1	1291.1500000000001	0.013378489992302263
Rb+	1	1292.8199999999999	0.013153409932668812
Rb+	1	1294.49	0.012948486296286119
Rb+	1	1296.1600000000001	0.012765062844704233
Rb+	1	1297.8299999999999	0.01260246769714813
Rb+	1	1299.49	0.01246204461516786
Rb+	1	1301.1600000000001	0.012342449837213368
Rb+	1	1302.8299999999999	0.012243347422897148
Rb+	1	1304.5	0.01216372955105666
Rb+	1	1306.1700000000001	0.012101916519754338
Rb+	1	1307.8299999999999	0.012057236448215162
Rb+	1	1309.5	0.012027337753726537
Rb+	1	1311.1700000000001	0.01201121261512593
Rb+	1	1312.8399999999999	0.012006509449700756
Rb+	1	1314.51	0.012012556376675983
Rb+	1	1316.1800000000001	0.01202666587295151
Rb+	1	1317.8399999999999	0.012048837938527344
Rb+	1	1319.51	0.012077056931078405
Rb+	1	1321.1800000000001	0.012111994731379715
Rb+	1	1322.8499999999999	0.012152643518268742
Rb+	1	1324.52	0.012199003291745484
Rb+	1	1326.1800000000001	0.012252081872972474
Rb+	1	1327.8499999999999	0.012312215202337233
Rb+	1	1329.52	0.012380411101002292
Rb+	1	1331.1900000000001	0.012458013330517707
Rb+	1	1332.8599999999999	0.012545021890883473
Rb+	1	1334.53	0.012643116484037157
Rb+	1	1336.1900000000001	0.012752633050366266
Rb+	1	1337.8599999999999	0.012873907530258319
Rb+	1	1339.53	0.013006603983325801
Rb+	1	1341.2	0.013150722409568712
Rb+	1	1342.8699999999999	0.013304247166661976
Rb+	1	1344.53	0.013466506373830567
Rb+	1	1346.2	0.013636156269524436
Rb+	1	1347.8699999999999	0.013809837449868457
Rb+	1	1349.54	0.013986206153312577
Rb+	1	1351.21	0.014162910797144213
Rb+	1	1352.8800000000001	0.014336591977488234
Rb+	1	1354.54	0.014506241873182103
Rb+	1	1356.21	0.014668837020738205
Rb+	1	1357.8800000000001	0.014823033658606497
Rb+	1	1359.55	0.014966144263686868
Rb+	1	1361.22	0.015097161014816786
Rb+	1	1362.8800000000001	0.015215412031221225
Rb+	1	1364.55	0.015318881670575112
Rb+	1	1366.22	0.015407233992490926
Rb+	1	1367.8900000000001	0.015480468996968678
Rb+	1	1369.5599999999999	0.015538250743620845
Rb+	1	1371.22	0.015581587053609973
Rb+	1	1372.8900000000001	0.015610813867323572
Rb+	1	1374.5599999999999	0.015627274946311689
Rb+	1	1376.23	0.015632985932899402
Rb+	1	1377.9000000000001	0.015630298409799303
Rb+	1	1379.5699999999999	0.015621563959723974
Rb+	1	1381.23	0.015610477926936057
Rb+	1	1382.9000000000001	0.015599727834535653
Rb+	1	1384.5699999999999	0.015593009026785402
Rb+	1	1386.24	0.015593680907560428
Rb+	1	1387.9100000000001	0.01560409505957332
Rb+	1	1389.5699999999999	0.015627274946311689
Rb+	1	1391.24	0.015663892448550563
Rb+	1	1392.9100000000001	0.015714955387452479
Rb+	1	1394.5799999999999	0.015779455941854904
Rb+	1	1396.25	0.015855378469432753
Rb+	1	1397.9200000000001	0.015940035447085929
Rb+	1	1399.5799999999999	0.016029059649776772
Rb+	1	1401.25	0.016117411971692589
Rb+	1	1402.9200000000001	0.016200053307020693
Rb+	1	1404.5899999999999	0.016270600788398339
Rb+	1	1406.26	0.016323679369625334
Rb+	1	1407.9200000000001	0.016353578064113954
Rb+	1	1409.5899999999999	0.016356601527601568
Rb+	1	1411.26	0.016329390356213048
Rb+	1	1412.9300000000001	0.016269592967235805
Rb+	1	1414.5999999999999	0.016177545301057347
Rb+	1	1416.27	0.016053583298065194
Rb+	1	1417.9300000000001	0.015901066362134467
Rb+	1	1419.5999999999999	0.015723689837527807
Rb+	1	1421.27	0.01552716471083293
Rb+	1	1422.9400000000001	0.015317537909025061
Rb+	1	1424.6099999999999	0.01510152823985445
Rb+	1	1426.27	0.014886526391846379
Rb+	1	1427.9400000000001	0.014679587113138609
Rb+	1	1429.6099999999999	0.01448675733070637
Rb+	1	1431.28	0.014314755852299911
Rb+	1	1432.95	0.014168285843344416
Rb+	1	1434.6099999999999	0.014051378588490026
Rb+	1	1436.28	0.013967729431999386
Rb+	1	1437.95	0.013919689956585081
Rb+	1	1439.6199999999999	0.013907260162247114
Rb+	1	1441.29	0.013931111929760509
Rb+	1	1442.96	0.013990909318737754
Rb+	1	1444.6199999999999	0.014084972627241286
Rb+	1	1446.29	0.014211622153333539
Rb+	1	1447.96	0.014368506314301931
Rb+	1	1449.6300000000001	0.014553945408208892
Rb+	2	1471.3099999999999	0.018299680728974518
Rb+	2	1472.98	0.018591276985335466
Rb+	2	1474.6500000000001	0.018868091864645855
Rb+	2	1476.3199999999999	0.019127437843805595
Rb+	2	1477.99	0.01936629145932706
Rb+	2	1479.6500000000001	0.019582301128497671
Rb+	2	1481.3199999999999	0.019773451208992345
Rb+	2	1482.99	0.019937726058486014
Rb+	2	1484.6600000000001	0.02007512567697867
Rb+	2	1486.3299999999999	0.020184306302920268
Rb+	2	1488	0.020265603876698325
Rb+	2	1489.6600000000001	0.020319690279087855
Rb+	2	1491.3299999999999	0.020347573331251402
Rb+	2	1493	0.020351604615901554
Rb+	2	1494.6700000000001	0.020333799775363384
Rb+	2	1496.3399999999999	0.020298526034674559
Rb+	2	1498	0.020248470916935182
Rb+	2	1499.6700000000001	0.020188673527957935
Rb+	2	1501.3399999999999	0.020124172973555513
Rb+	2	1503.01	0.020061016180703141
Rb+	2	1504.6800000000001	0.02000323443405097
Rb+	2	1506.3499999999999	0.019958218422124283
Rb+	2	1508.01	0.019931343191123274
Rb+	2	1509.6800000000001	0.019926975966085607
Rb+	2	1511.3499999999999	0.019950827733599009
Rb+	2	1513.02	0.020006929778313611
Rb+	2	1514.6900000000001	0.020098977444492065
Rb+	2	1516.3499999999999	0.020229322314846959
Rb+	2	1518.02	0.020399644091315856
Rb+	2	1519.6900000000001	0.020610278714286261
Rb+	2	1521.3599999999999	0.020861226183758182
Rb+	2	1523.03	0.021150134917019031
Rb+	2	1524.7	0.021474653331356213
Rb+	2	1526.3599999999999	0.021832093903669633
Rb+	2	1528.03	0.022219433170471675
Rb+	2	1529.7	0.022630624204787109
Rb+	2	1531.3699999999999	0.023063987304678381
Rb+	2	1533.04	0.023513811483557769
Rb+	2	1534.7	0.023976267021007632
Rb+	2	1536.3699999999999	0.024449607027012901
Rb+	2	1538.04	0.024930673661930965
Rb+	2	1539.71	0.025418459104599271
Rb+	2	1541.3800000000001	0.025911955533855304
Rb+	2	1543.04	0.026412170770861578
Rb+	2	1544.71	0.026921456398330698
Rb+	2	1546.3800000000001	0.027441492118200222
Rb+	2	1548.05	0.027977317036282839
Rb+	2	1549.72	0.0285329624372287
Rb+	2	1551.3900000000001	0.029113803367238008
Rb+	2	1553.05	0.029725214872510963
Rb+	2	1554.72	0.030373243880022792
Rb+	2	1556.3900000000001	0.031064273257136236
Rb+	2	1558.0599999999999	0.031803678050051486
Rb+	2	1559.73	0.032595825483806233
Rb+	2	1561.3900000000001	0.033446762485375675
Rb+	2	1563.0599999999999	0.03435884063747241
Rb+	2	1564.73	0.035336091224746603
Rb+	2	1566.4000000000001	0.03638019394913581
Rb+	2	1568.0699999999999	0.037492828512577576
Rb+	2	1569.74	0.038673658974684416
Rb+	2	1571.4000000000001	0.039923357216231324
Rb+	2	1573.0699999999999	0.041240243535280767
Rb+	2	1574.74	0.042623310110670186
Rb+	2	1576.4100000000001	0.044070877240462041
Rb+	2	1578.0799999999999	0.045580593341943719
Rb+	2	1579.74	0.04715145059395269
Rb+	2	1581.4100000000001	0.048781433354163878
Rb+	2	1583.0799999999999	0.050468525980252213
Rb+	2	1584.75	0.05221306441260521
Rb+	2	1586.4200000000001	0.054014376770447833
Rb+	2	1588.0899999999999	0.055873806815330149
Rb+	2	1589.75	0.057794042070352242
Rb+	2	1591.4200000000001	0.059779785700939295
Rb+	2	1593.0899999999999	0.061836748693679007
Rb+	2	1594.76	0.06397500926019678
Rb+	2	1596.4300000000001	0.066204645612117988
Rb+	2	1598.0899999999999	0.068541111007268202
Rb+	2	1599.76	0.071001538405410583
Rb+	2	1601.4300000000001	0.073606084229795865
Rb+	2	1603.0999999999999	0.076377928367162423
Rb+	2	1604.77	0.079342266346573709
Rb+	2	1606.4300000000001	0.082526645279805771
Rb+	2	1608.0999999999999	0.085959620099797143
Rb+	2	1609.77	0.089670081679873948
Rb+	2	1611.4400000000001	0.09368658495297473
Rb+	2	1613.1099999999999	0.098036005150100525
Rb+	2	1614.78	0.10274320185992725
Rb+	2	1616.4400000000001	0.10783034714803072
Rb+	2	1618.1099999999999	0.11331457397417412
Rb+	2	1619.78	0.11921032777502046
Rb+	2	1621.45	0.1255273508218076
Rb+	2	1623.1199999999999	0.13226967439918574
Rb+	2	1624.78	0.13943931414947991
Rb+	2	1626.45	0.14703223878803995
Rb+	2	1628.1199999999999	0.15504340920905321
Rb+	2	1629.79	0.16346341908166931
Rb+	2	1631.46	0.17228252613465042
Rb+	2	1633.1300000000001	0.18148830057365853
Rb+	2	1634.79	0.19106898448513071
Rb+	2	1636.46	0.201012148074729
Rb+	2	1638.1300000000001	0.21130502560772793
Rb+	2	1639.8	0.22193451540901446
Rb+	2	1641.47	0.23288650798231314
Rb+	2	1643.1300000000001	0.24414722977173592
Rb+	2	1644.8	0.25569686029441951
Rb+	2	1646.47	0.26752196193486344
Rb+	2	1648.1400000000001	0.27959565946206671
Rb+	2	1649.8099999999999	0.29189107764502831
Rb+	2	1651.48	0.30437462244499697
Rb+	2	1653.1400000000001	0.31701605922709658
Rb+	2	1654.8099999999999	0.32976566881397523
Rb+	2	1656.48	0.34257843519370623
Rb+	2	1658.1500000000001	0.3553979203811875
Rb+	2	1659.8199999999999	0.36816701451054196
Rb+	2	1661.48	0.38081852950426687
Rb+	2	1663.1500000000001	0.39329199609261017
Rb+	2	1664.8199999999999	0.40551350739031899
Rb+	2	1666.49	0.41740915651214061
Rb+	2	1668.1600000000001	0.4289050365728222
Rb+	2	1669.8199999999999	0.43993395949486125
Rb+	2	1671.49	0.45041865898912986
Rb+	2	1673.1600000000001	0.46029530638200067
Rb+	2	1674.8299999999999	0.46948999478822084
Rb+	2	1676.5	0.47794225493803816
Rb+	2	1678.1700000000001	0.48558825815782525
Rb+	2	1679.8299999999999	0.49238097279333021
Rb+	2	1681.5	0.49825992957480092
Rb+	2	1683.1700000000001	0.503188175059611
Rb+	2	1684.8399999999999	0.50712203699738367
Rb+	2	1686.51	0.51003128075324289
Rb+	2	1688.1700000000001	0.51188567169231247
Rb+	2	1689.8399999999999	0.51267177219909199
Rb+	2	1691.51	0.51237278525420582
Rb+	2	1693.1800000000001	0.51098871085765385
Rb+	2	1694.8499999999999	0.50851954900943608
Rb+	2	1696.52	0.50497873732505316
Rb+	2	1698.1800000000001	0.50038643222775581
Rb+	2	1699.8499999999999	0.49477286835242001
Rb+	2	1701.52	0.48817499914167234
Rb+	2	1703.1900000000001	0.48063649684588927
Rb+	2	1704.8599999999999	0.47220439311932277
Rb+	2	1706.52	0.46294251663560004
Rb+	2	1708.1900000000001	0.45291805547222369
Rb+	2	1709.8599999999999	0.44220155711057135
Rb+	2	1711.53	0.43086020962814559
Rb+	2	1713.2	0.41897799812182446
Rb+	2	1714.8699999999999	0.40663218888073599
Rb+	2	1716.53	0.3938966887901329
Rb+	2	1718.2	0.3808454047352679
Rb+	2	1719.8699999999999	0.36755560300526896
Rb+	2	1721.54	0.35409783108151371
Rb+	2	1723.21	0.34053927704150472
Rb+	2	1724.8699999999999	0.32693705075111906
Rb+	2	1726.54	0.31335430900320915
Rb+	2	1728.21	0.29983942721357676
Rb+	2	1729.8800000000001	0.2864421245595738
Rb+	2	1731.55	0.27320607329157687
Rb+	2	1733.21	0.26017158625608749
Rb+	2	1734.8800000000001	0.24737561689573209
Rb+	2	1736.55	0.23485175924926194
Rb+	2	1738.22	0.2226305838919406
Rb+	2	1739.8900000000001	0.21074400516058187
Rb+	2	1741.5599999999999	0.19921789046502411
Rb+	2	1743.22	0.18807709939394338
Rb+	2	1744.8900000000001	0.17734413995330295
Rb+	2	1746.5599999999999	0.16703816074519104
Rb+	2	1748.23	0.15717528690820826
Rb+	2	1749.9000000000001	0.14776794823669256
Rb+	2	1751.5599999999999	0.13882588700188186
Rb+	2	1753.23	0.13035414230958883
Rb+	2	1754.9000000000001	0.12235305010020095
Rb+	2	1756.5699999999999	0.11482059473139317
Rb+	2	1758.24	0.1077497214550277
Rb+	2	1759.9100000000001	0.10112968017870418
Rb+	2	1761.5699999999999	0.094948041108084594
Rb+	2	1763.24	0.089188679104568361
Rb+	2	1764.9100000000001	0.083832445566067296
Rb+	2	1766.5799999999999	0.07885952000971809
Rb+	2	1768.25	0.074248402250719978
Rb+	2	1769.9100000000001	0.069976248342722092
Rb+	2	1771.5799999999999	0.066021222160536117
Rb+	2	1773.25	0.06236014381742367
Rb+	2	1774.9200000000001	0.058970169367033892
Rb+	2	1776.5899999999999	0.055830134564953511
Rb+	2	1778.25	0.052918875166769207
Rb+	2	1779.9200000000001	0.050218250391555322
Rb+	2	1781.5899999999999	0.04770843975644859
Rb+	2	1783.26	0.045374325944010967
Rb+	2	1784.9300000000001	0.04320045569641686
Rb+	2	1786.5999999999999	0.041174399219328299
Rb+	2	1788.26	0.039283726718407318
Rb+	2	1789.9300000000001	0.037519031862803566
Rb+	2	1791.5999999999999	0.035872252083216739
Rb+	2	1793.27	0.034335996691121556
Rb+	2	1794.9400000000001	0.03290421875954281
Rb+	2	1796.5999999999999	0.031571879182667788
Rb+	2	1798.27	0.030333602914296296
Rb+	2	1799.9400000000001	0.029186030550553216
Rb+	2	1801.6099999999999	0.0281227792240758
Rb+	2	1803.28	0.027140489530988923
Rb+	2	1804.95	0.02623244266354233
Rb+	2	1806.6099999999999	0.025392927635148319
Rb+	2	1808.28	0.024614217816894084
Rb+	2	1809.95	0.023889258460641861
Rb+	2	1811.6199999999999	0.023208777611696318
Rb+	2	1813.29	0.022563772067672103
Rb+	2	1814.95	0.021945305814261382
Rb+	2	1816.6199999999999	0.02134430846100132
Rb+	2	1818.29	0.020750701796266535
Rb+	2	1819.96	0.020157431071919262
Rb+	2	1821.6300000000001	0.019556433718659196
Rb+	2	1823.3	0.018942334690286146
Rb+	2	1824.96	0.018310766761762434
Rb+	2	1826.6300000000001	0.017659042409987967
Rb+	2	1828.3	0.016986825694575231
Rb+	2	1829.97	0.016294452555911738
Rb+	2	1831.6400000000001	0.015584610517097587
Rb+	2	1833.3	0.014862338683945469
Rb+	2	1834.97	0.014132004281493051
Rb+	2	1836.6400000000001	0.013399654236715559
Rb+	2	1838.3099999999999	0.012672343297750752
Rb+	2	1839.98	0.011956118391573864
Rb+	2	1841.6400000000001	0.011257698325935143
Rb+	2	1843.3099999999999	0.010581786266259767
Rb+	2	1844.98	0.0099337572587479411
Rb+	2	1846.6500000000001	0.0093159628861122466
Rb+	2	1848.3199999999999	0.0087310906714527878
Rb+	2	1849.99	0.0081804843763196161
Rb+	2	1851.6500000000001	0.0076631361795501951
Rb+	2	1853.3199999999999	0.0071773663792069568
Rb+	2	1854.99	0.0067218312137398558
Rb+	2	1856.6600000000001	0.0062921634581112242
Rb+	2	1858.3299999999999	0.0058860115296084769
Rb+	2	1859.99	0.0055000160243564855
Rb+	2	1861.6600000000001	0.005130481598092612
Rb+	2	1863.3299999999999	0.004774384787329243
Rb+	2	1865	0.0044303818305163273
Rb+	2	1866.6700000000001	0.0040957852045537674
Rb+	2	1868.3399999999999	0.003770594909441558
Rb+	2	1870	0.0034548109451797036
Rb+	2	1871.6700000000001	0.0031480973713806882
Rb+	2	1873.3399999999999	0.0028528057707571013
Rb+	2	1875.01	0.0025689361433089458
Rb+	2	1876.6800000000001	0.0023001838332988556
Rb+	2	1878.3399999999999	0.0020462129003393208
Rb+	2	1880.01	0.001810046807917955
Rb+	2	1881.6800000000001	0.0015926933771972941
Rb+	2	1883.3499999999999	0.0013948244889523654
Rb+	2	1885.02	0.0012174479643457059
Rb+	2	1886.6900000000001	0.0010608997437648287
Rb+	2	1888.3499999999999	0.00092484388682222097
Rb+	2	1890.02	0.00080894445313037136
Rb+	2	1891.6900000000001	0.00071185768113922639
Rb+	2	1893.3599999999999	0.00063358357084878779
Rb+	2	1895.03	0.00057244242032149088
Rb+	2	1896.6900000000001	0.00052776234878231356
Rb+	2	1898.3599999999999	0.00049853553506871691
Rb+	2	1900.03	0.00048442603879318805
Rb+	2	1901.7	0.00048409009840567511
Rb+	2	1903.3699999999999	0.00049786365429369103
Rb+	2	1905.03	0.00052507482568221373
Rb+	2	1906.7	0.0005660595529587524
Rb+	2	1908.3699999999999	0.00062048189573579585
Rb+	2	1910.04	0.00068800591362582939
Rb+	2	1911.71	0.00076896754701636977
Rb+	2	1913.3800000000001	0.0008637027362949259
Rb+	2	1915.04	0.00097120366029896299
Rb+	2	1916.71	0.0010911343786409642
Rb+	2	1918.3800000000001	0.0012231589509334203
Rb+	2	1920.05	0.0013666054964013056
Rb+	2	1921.72	0.0015201302534945699
Rb+	2	1923.3800000000001	0.0016820535202756487
Rb+	2	1925.05	0.0018513674755820067
Rb+	2	1926.72	0.0020263924174760773
Rb+	2	1928.3900000000001	0.0022044408228577609
Rb+	2	1930.0599999999999	0.0023845048705645219
Rb+	2	1931.73	0.0025645689182712812
Rb+	2	1933.3900000000001	0.0027419454428779405
Rb+	2	1935.0599999999999	0.0029146188020594222
Rb+	2	1936.73	0.0030809092938781655
Rb+	2	1938.4000000000001	0.0032381293952340687
Rb+	2	1940.0699999999999	0.0033839275234145427
Rb+	2	1941.73	0.0035166239764820228
Rb+	2	1943.4000000000001	0.0036342031121114372
Rb+	2	1945.0699999999999	0.0037346492879777099
Rb+	2	1946.74	0.0038162828021432739
Rb+	2	1948.4100000000001	0.0038760801911205192
Rb+	2	1950.0799999999999	0.0039130336337469063
Rb+	2	1951.74	0.0039254634280848719
Rb+	2	1953.4100000000001	0.003912697693359393
Rb+	2	1955.0799999999999	0.0038723848468578807
Rb+	2	1956.75	0.0038051967693553579
Rb+	2	1958.4200000000001	0.0037107975204643128
Rb+	2	1960.0799999999999	0.0035895230405722598
Rb+	2	1961.75	0.0034427170912292491
Rb+	2	1963.4200000000001	0.003272059374372843
Rb+	2	1965.0899999999999	0.0030805733534906526
Rb+	2	1966.76	0.0028702746709077581
Rb+	2	1968.4200000000001	0.0026455305516618214
Rb+	2	1970.0899999999999	0.0024103722804029925
Rb+	2	1971.76	0.0021678233206188866
Rb+	2	1973.4300000000001	0.0019225868377346789
Rb+	2	1975.0999999999999	0.0016790300567880358
Rb+	2	1976.77	0.0014408483220415943
Rb+	2	1978.4300000000001	0.0012124088585330174
Rb+	2	1980.0999999999999	0.00099606324897489511
Rb+	2	1981.77	0.00079517089724235354
Rb+	2	1983.4400000000001	0.00061241932643549258
Rb+	2	1985.1099999999999	0.00045049605965441389
Rb+	2	1986.77	0.00031074485844916733
Rb+	2	1988.4400000000001	0.00019518136514482887
Rb+	2	1990.1099999999999	0.00010481340090393535
Rb+	2	1991.78	4.1992548439077478e-05
Rb+	2	1993.45	6.7188077502533657e-06
Rb+	2	1995.1199999999999	0
Rb+	2	1996.78	2.2508005963345139e-05
Rb+	2	1998.45	7.4578766027799871e-05
Rb+	2	2000.1199999999999	0.00015554039941834016
Rb+	2	2001.79	0.00026472102535993826
Rb+	2	2003.46	0.00040144876307757194
Rb+	2	2005.1199999999999	0.00056337202985865063
Rb+	2	2006.79	0.00074914706415312631
Rb+	2	2008.46	0.00095507852169835644
Rb+	2	2010.1300000000001	0.001179150760169269
Rb+	2	2011.8	0.0014169965545281975
Rb+	2	2013.47	0.0016655924412875311
Rb+	2	2015.1300000000001	0.001920571195409603
Rb+	2	2016.8	0.0021779015322442637
Rb+	2	2018.47	0.0024342240479163879
Rb+	2	2020.1400000000001	0.002684835577000797
Rb+	2	2021.8099999999999	0.0029273845367849011
Rb+	2	2023.47	0.0031571677618435282
Rb+	2	2025.1400000000001	0.0033711617886890617
Rb+	2	2026.8099999999999	0.0035666790942214038
Rb+	2	2028.48	0.0037417040361154741
Rb+	2	2030.1500000000001	0.0038935490912711738
Rb+	2	2031.8099999999999	0.0040201986173634286
Rb+	2	2033.48	0.0041199729124546756
Rb+	2	2035.1500000000001	0.004192200095769886
Rb+	2	2036.8199999999999	0.0042355364057590139
Rb+	2	2038.49	0.0042489740212595184
Rb+	2	2040.1600000000001	0.0042325129422714006
Rb+	2	2041.8199999999999	0.0041854812880196346
Rb+	2	2043.49	0.0041095587604417835
Rb+	2	2045.1600000000001	0.0040050812999253629
Rb+	2	2046.8299999999999	0.0038737286084079303
Rb+	2	2048.5	0.0037178522686020792
Rb+	2	2050.1599999999999	0.0035401398036079067
Rb+	2	2051.8299999999999	0.0033442865576880539
Rb+	2	2053.5	0.0031349956962676961
Rb+	2	2055.1700000000001	0.0029169703847720112
Rb+	2	2056.8400000000001	0.002695921609788713
Rb+	2	2058.5100000000002	0.0024789041194555649
Rb+	2	2060.1700000000001	0.0022723007811353089
Rb+	2	2061.8400000000001	0.0020824944621906836
Rb+	2	2063.5100000000002	0.0019165399107594532
Rb+	2	2065.1799999999998	0.0017814918749793824
Rb+	2	2066.8499999999999	0.0016823894606631615
Rb+	2	2068.5100000000002	0.0016256155351735313
Rb+	2	2070.1799999999998	0.0016131857408355633
Rb+	2	2071.8499999999999	0.0016487954219119004
Rb+	2	2073.52	0.0017334523995650793
Rb+	2	2075.1900000000001	0.0018664847930200724
Rb+	2	2076.8600000000001	0.0020458769599518076
Rb+	2	2078.52	0.0022679335560976447
Rb+	2	2080.1900000000001	0.0025276154756448941
Rb+	2	2081.8600000000001	0.0028188757916183292
Rb+	2	2083.5300000000002	0.0031353316366552093
Rb+	2	2085.1999999999998	0.0034692563818427458
Rb+	2	2086.8600000000001	0.0038135952790431722
Rb+	2	2088.5300000000002	0.0041612935801187264
Rb+	2	2090.1999999999998	0.0045059684177066661
Rb+	2	2091.8699999999999	0.004842580685994303
Rb+	2	2093.54	0.0051660912791689495
Rb+	2	2095.1999999999998	0.0054738126741305021
Rb+	2	2096.8699999999999	0.0057640651689413978
Rb+	2	2098.54	0.0060358409424391005
Rb+	3	2900.9200000000001	0.023630920302644666
Rb+	3	2902.5900000000001	0.023602163805473586
Rb+	3	2904.2600000000002	0.023562522839747101
Rb+	3	2905.9299999999998	0.023509444258520105
Rb+	3	2907.5999999999999	0.023443264002180119
Rb+	3	2909.27	0.023363310189952118
Rb+	3	2910.9299999999998	0.023270590642998638
Rb+	3	2912.5999999999999	0.023164769420932166
Rb+	3	2914.27	0.023048869987240313
Rb+	3	2915.9400000000001	0.022924572043860648
Rb+	3	2917.6100000000001	0.022794563113893263
Rb+	3	2919.27	0.022662538541600809
Rb+	3	2920.9400000000001	0.022532193671245915
Rb+	3	2922.6100000000001	0.022406551966316201
Rb+	3	2924.2800000000002	0.022289980651849325
Rb+	3	2925.9499999999998	0.022185167250945388
Rb+	3	2927.6100000000001	0.022095807107867033
Rb+	3	2929.2800000000002	0.022024251805326849
Rb+	3	2930.9499999999998	0.021971509164487365
Rb+	3	2932.6199999999999	0.021939258887286157
Rb+	3	2934.29	0.021928172854498239
Rb+	3	2935.96	0.021937579185348593
Rb+	3	2937.6199999999999	0.021967141939449705
Rb+	3	2939.29	0.022014845474476494
Rb+	3	2940.96	0.022080353850041454
Rb+	3	2942.6300000000001	0.022161315483431993
Rb+	3	2944.3000000000002	0.022256386613098061
Rb+	3	2945.96	0.022364559417877124
Rb+	3	2947.6300000000001	0.022483818255444099
Rb+	3	2949.3000000000002	0.022614835006574019
Rb+	3	2950.9699999999998	0.022756937790491854
Rb+	3	2952.6399999999999	0.022909790666810093
Rb+	3	2954.3099999999999	0.023074401456691273
Rb+	3	2955.9699999999998	0.023251442040910418
Rb+	3	2957.6399999999999	0.023441584300242558
Rb+	3	2959.3099999999999	0.023645029798920199
Rb+	3	2960.98	0.023862719170028371
Rb+	3	2962.6500000000001	0.024093510216249534
Rb+	3	2964.3099999999999	0.0243377388779712
Rb+	3	2965.98	0.024593053572480785
Rb+	3	2967.6500000000001	0.024857438657453212
Rb+	3	2969.3200000000002	0.025129214430950914
Rb+	3	2970.9899999999998	0.025404349608323749
Rb+	3	2972.6599999999999	0.025679484785696573
Rb+	3	2974.3200000000002	0.02595159649958179
Rb+	3	2975.9899999999998	0.026216989405716755
Rb+	3	2977.6599999999999	0.026472640040613848
Rb+	3	2979.3299999999999	0.026716532761948006
Rb+	3	2981	0.026946651927394146
Rb+	3	2982.6599999999999	0.027162997536952269
Rb+	3	2984.3299999999999	0.027365905531009888
Rb+	3	2986	0.027556719671117048
Rb+	3	2987.6700000000001	0.02773812748037386
Rb+	3	2989.3400000000001	0.027912480541492906
Rb+	3	2991	0.028084482019899364
Rb+	3	2992.6700000000001	0.028256819438693331
Rb+	3	2994.3400000000001	0.028433860022912479
Rb+	3	2996.0100000000002	0.028619635057206955
Rb+	3	2997.6799999999998	0.028815824243514317
Rb+	3	2999.3499999999999	0.029024779164547165
Rb+	3	3001.0100000000002	0.029247843581855539
Rb+	3	3002.6799999999998	0.02948468155505193
Rb+	3	3004.3499999999999	0.029733949322586287
Rb+	3	3006.02	0.029994303122908558
Rb+	3	3007.6900000000001	0.030263055432918649
Rb+	3	3009.3499999999999	0.030538526550678999
Rb+	3	3011.02	0.030816349251151929
Rb+	3	3012.6900000000001	0.031094171951624859
Rb+	3	3014.3600000000001	0.03136997900977271
Rb+	3	3016.0300000000002	0.031643098544820461
Rb+	3	3017.6999999999998	0.031911514914443044
Rb+	3	3019.3600000000001	0.032175564059027953
Rb+	3	3021.0300000000002	0.03243625379973774
Rb+	3	3022.6999999999998	0.032694927898122457
Rb+	3	3024.3699999999999	0.032953266056119652
Rb+	3	3026.04	0.033212947975666901
Rb+	3	3027.6999999999998	0.033476325239476787
Rb+	3	3029.3699999999999	0.033744405668711848
Rb+	3	3031.04	0.034018197084534629
Rb+	3	3032.71	0.034298707308107662
Rb+	3	3034.3800000000001	0.034584928518268408
Rb+	3	3036.0500000000002	0.034876524774629353
Rb+	3	3037.71	0.035171480434865433
Rb+	3	3039.3800000000001	0.035467443916264045
Rb+	3	3041.0500000000002	0.035762735516887627
Rb+	3	3042.7199999999998	0.036054667713636086
Rb+	3	3044.3899999999999	0.036340888923796832
Rb+	3	3046.0500000000002	0.036619047564657274
Rb+	3	3047.7199999999998	0.036888807695829896
Rb+	3	3049.3899999999999	0.03714949743653969
Rb+	3	3051.0599999999999	0.037400444906011611
Rb+	3	3052.73	0.037642657925408197
Rb+	3	3054.3899999999999	0.037877144315892002
Rb+	3	3056.0599999999999	0.038104911898625547
Rb+	3	3057.73	0.03832898413709647
Rb+	3	3059.4000000000001	0.038549361031304741
Rb+	3	3061.0700000000002	0.038767722283187936
Rb+	3	3062.7399999999998	0.038985411654296115
Rb+	3	3064.4000000000001	0.039201757263854241
Rb+	3	3066.0700000000002	0.0394167591118623
Rb+	3	3067.7399999999998	0.039628737496382758
Rb+	3	3069.4099999999999	0.039835676775090527
Rb+	3	3071.0799999999999	0.040035561305660543
Rb+	3	3072.7399999999998	0.040224695743830141
Rb+	3	3074.4099999999999	0.040400056626111729
Rb+	3	3076.0799999999999	0.040558956429405192
Rb+	3	3077.75	0.040699379511385456
Rb+	3	3079.4200000000001	0.040817966468177411
Rb+	3	3081.0900000000001	0.04091471729978105
Rb+	3	3082.75	0.040988960125421331
Rb+	3	3084.4200000000001	0.041043046527810857
Rb+	3	3086.0900000000001	0.041077984328112174
Rb+	3	3087.7600000000002	0.041098140751362928
Rb+	3	3089.4299999999998	0.041107547082213286
Rb+	3	3091.0900000000001	0.041111914307250946
Rb+	3	3092.7600000000002	0.041117625293838653
Rb+	3	3094.4299999999998	0.041130055088176624
Rb+	3	3096.0999999999999	0.041156594378790122
Rb+	3	3097.77	0.041203290092654381
Rb+	3	3099.4400000000001	0.0412758532163571
Rb+	3	3101.0999999999999	0.041378650974935961
Rb+	3	3102.77	0.041517394354978671
Rb+	3	3104.4400000000001	0.041694770879585327
Rb+	3	3106.1100000000001	0.041912796191081007
Rb+	3	3107.7800000000002	0.042173149991403286
Rb+	3	3109.4400000000001	0.042475832280552149
Rb+	3	3111.1100000000001	0.042820507118140096
Rb+	3	3112.7800000000002	0.043204486981067006
Rb+	3	3114.4499999999998	0.043626428107782854
Rb+	3	3116.1199999999999	0.044082635154024968
Rb+	3	3117.7800000000002	0.044569748715918268
Rb+	3	3119.4499999999998	0.04508440938958759
Rb+	3	3121.1199999999999	0.045621914009607772
Rb+	3	3122.79	0.046178567231716164
Rb+	3	3124.46	0.046751345592425171
Rb+	3	3126.1300000000001	0.047335209985922083
Rb+	3	3127.79	0.047927472889106822
Rb+	3	3129.46	0.048524438957716735
Rb+	3	3131.1300000000001	0.049122748787876688
Rb+	3	3132.8000000000002	0.049719714856486602
Rb+	3	3134.4699999999998	0.050311641819283826
Rb+	3	3136.1300000000001	0.050894498391618206
Rb+	3	3137.8000000000002	0.051465932990777161
Rb+	3	3139.4699999999998	0.052020906510948005
Rb+	3	3141.1399999999999	0.052555723607868081
Rb+	3	3142.8099999999999	0.053066017056499742
Rb+	3	3144.48	0.053547083691417786
Rb+	3	3146.1399999999999	0.053994892227972109
Rb+	3	3147.8099999999999	0.054405075441125009
Rb+	3	3149.48	0.054774273927001356
Rb+	3	3151.1500000000001	0.055100472043276109
Rb+	3	3152.8200000000002	0.055381318207236657
Rb+	3	3154.48	0.055616140538107976
Rb+	3	3156.1500000000001	0.055805946857052591
Rb+	3	3157.8200000000002	0.055953760627558156
Rb+	3	3159.4899999999998	0.056061933432337209
Rb+	3	3161.1599999999999	0.056135168436814958
Rb+	3	3162.8299999999999	0.056179848508354134
Rb+	3	3164.4899999999998	0.056201012752767433
Rb+	3	3166.1599999999999	0.056206387798967639
Rb+	3	3167.8299999999999	0.056202356514317472
Rb+	3	3169.5	0.056195973646954736
Rb+	3	3171.1700000000001	0.056192614243079621
Rb+	3	3172.8299999999999	0.056199333050829872
Rb+	3	3174.5	0.056220497295243158
Rb+	3	3176.1700000000001	0.056260474201357165
Rb+	3	3177.8400000000001	0.056322959113434504
Rb+	3	3179.5100000000002	0.056409967673800271
Rb+	3	3181.1700000000001	0.056524187405554559
Rb+	3	3182.8400000000001	0.056665954249084889
Rb+	3	3184.5100000000002	0.056837283846716324
Rb+	3	3186.1799999999998	0.057037840258061336
Rb+	3	3187.8499999999999	0.057266279721569918
Rb+	3	3189.52	0.057524281939179613
Rb+	3	3191.1799999999998	0.057810167208952851
Rb+	3	3192.8499999999999	0.058123935530889626
Rb+	3	3194.52	0.058464915024214928
Rb+	3	3196.1900000000001	0.058833105688928744
Rb+	3	3197.8600000000001	0.059227835644256065
Rb+	3	3199.52	0.059650448651746929
Rb+	3	3201.1900000000001	0.060099600949851291
Rb+	3	3202.8600000000001	0.060575628478956665
Rb+	3	3204.5300000000002	0.061078531239063046
Rb+	3	3206.1999999999998	0.061607973289782923
Rb+	3	3207.8699999999999	0.062162946809953754
Rb+	3	3209.5300000000002	0.062742443978413026
Rb+	3	3211.1999999999998	0.063343441331673078
Rb+	3	3212.8699999999999	0.063965266988958921
Rb+	3	3214.54	0.064602545904070344
Rb+	3	3216.21	0.065253262434682283
Rb+	3	3217.8699999999999	0.065912713415369542
Rb+	3	3219.54	0.06657619568070694
Rb+	3	3221.21	0.067240013886431874
Rb+	3	3222.8800000000001	0.067900136747894149
Rb+	3	3224.5500000000002	0.06855219704005612
Rb+	3	3226.21	0.069193843180205217
Rb+	3	3227.8800000000001	0.06982272358562884
Rb+	3	3229.5500000000002	0.070437494494776917
Rb+	3	3231.2199999999998	0.071037819967261939
Rb+	3	3232.8899999999999	0.071623700003083948
Rb+	3	3234.5599999999999	0.072197150244567965
Rb+	3	3236.2199999999998	0.072759850393651598
Rb+	3	3237.8899999999999	0.073314823913822422
Rb+	3	3239.5599999999999	0.073864422387793061
Rb+	3	3241.23	0.074412677100213639
Rb+	3	3242.9000000000001	0.074962947454959294
Rb+	3	3244.5599999999999	0.075519264736680192
Rb+	3	3246.23	0.076084652408863918
Rb+	3	3247.9000000000001	0.076662805815773116
Rb+	3	3249.5700000000002	0.077257420301670446
Rb+	3	3251.2399999999998	0.077871855270431015
Rb+	3	3252.9099999999999	0.078507790423992391
Rb+	3	3254.5700000000002	0.079169257047004712
Rb+	3	3256.2399999999998	0.079857262960630546
Rb+	3	3257.9099999999999	0.080573151926419923
Rb+	3	3259.5799999999999	0.081317259884760365
Rb+	3	3261.25	0.082089250895264337
Rb+	3	3262.9099999999999	0.082888117136769329
Rb+	3	3264.5799999999999	0.083710835145787726
Rb+	3	3266.25	0.084555053339606917
Rb+	3	3267.9200000000001	0.085415732612414225
Rb+	3	3269.5900000000001	0.086289177619947019
Rb+	3	3271.2600000000002	0.087168669554455042
Rb+	3	3272.9200000000001	0.088050513071675635
Rb+	3	3274.5900000000001	0.088928661244633611
Rb+	3	3276.2600000000002	0.089798746848291283
Rb+	3	3277.9299999999998	0.090657746419161023
Rb+	3	3279.5999999999999	0.091503644314917781
Rb+	3	3281.2600000000002	0.092334760833623991
Rb+	3	3282.9299999999998	0.093152775677217206
Rb+	3	3284.5999999999999	0.093959032607247472
Rb+	3	3286.27	0.094756891027589912
Rb+	3	3287.9400000000001	0.095551725984444752
Rb+	3	3289.5999999999999	0.096346896881687114
Rb+	3	3291.27	0.09714945846745475
Rb+	3	3292.9400000000001	0.097964785787947858
Rb+	3	3294.6100000000001	0.0987972460682041
Rb+	3	3296.2800000000002	0.099652550294811224
Rb+	3	3297.9499999999998	0.10053237816970674
Rb+	3	3299.6100000000001	0.10144076097754084
Rb+	3	3301.2800000000002	0.10237736277792601
Rb+	3	3302.9499999999998	0.10334151169008721
Rb+	3	3304.6199999999999	0.10433219989286191
Rb+	3	3306.29	0.10534673986314999
Rb+	3	3307.9499999999998	0.1063807643759138
Rb+	3	3309.6199999999999	0.10743057808689072
Rb+	3	3311.29	0.1084924856518181
Rb+	3	3312.96	0.10956178390527073
Rb+	3	3314.6300000000001	0.1106344415625985
Rb+	3	3316.3000000000002	0.11170877892186383
Rb+	3	3317.96	0.11278177251957912
Rb+	3	3319.6300000000001	0.11385409423651938
Rb+	3	3321.3000000000002	0.11492574407268462
Rb+	3	3322.9699999999998	0.1159990736107874
Rb+	3	3324.6399999999999	0.11707677037392786
Rb+	3	3326.3000000000002	0.11816353752753117
Rb+	3	3327.9699999999998	0.1192647501177975
Rb+	3	3329.6399999999999	0.12038578319092709
Rb+	3	3331.3099999999999	0.12153301961428266
Rb+	3	3332.98	0.12271149849367691
Rb+	3	3334.6500000000001	0.12392659487531002
Rb+	3	3336.3099999999999	0.12518334786499472
Rb+	3	3337.98	0.12648444498583103
Rb+	3	3339.6500000000001	0.12783156593975664
Rb+	3	3341.3200000000002	0.12922437478638391
Rb+	3	3342.9899999999998	0.13066152776416287
Rb+	3	3344.6500000000001	0.13213966546921838
Rb+	3	3346.3200000000002	0.13365274097457519
Rb+	3	3347.9899999999998	0.13519470735325803
Rb+	3	3349.6599999999999	0.13675884579751676
Rb+	3	3351.3299999999999	0.13833507809572596
Rb+	3	3352.9899999999998	0.13991634949974782
Rb+	3	3354.6599999999999	0.14149392555950702
Rb+	3	3356.3299999999999	0.14306175934802839
Rb+	3	3358	0.14461346799794916
Rb+	3	3359.6700000000001	0.14614468428423164
Rb+	3	3361.3400000000001	0.14765339256455079
Rb+	3	3363	0.14914093660045663
Rb+	3	3364.6700000000001	0.15060866015349922
Rb+	3	3366.3400000000001	0.15206093044871624
Rb+	3	3368.0100000000002	0.15350413035347044
Rb+	3	3369.6799999999998	0.15494565055628703
Rb+	3	3371.3400000000001	0.15639288174569138
Rb+	3	3373.0100000000002	0.15785556619292129
Rb+	3	3374.6799999999998	0.15934210240766458
Rb+	3	3376.3499999999999	0.16085988107844659
Rb+	3	3378.02	0.16241562101301749
Rb+	3	3379.6900000000001	0.16401536913835255
Rb+	3	3381.3499999999999	0.16566214891793937
Rb+	3	3383.02	0.16735831193449055
Rb+	3	3384.6900000000001	0.16910352224761854
Rb+	3	3386.3600000000001	0.17089610015538587
Rb+	3	3388.0300000000002	0.17273235031352982
Rb+	3	3389.6900000000001	0.1746072336162377
Rb+	3	3391.3600000000001	0.17651537501730935
Rb+	3	3393.0300000000002	0.17844904788783192
Rb+	3	3394.6999999999998	0.18040153342005522
Rb+	3	3396.3699999999999	0.18236577686584149
Rb+	3	3398.04	0.18433405159627786
Rb+	3	3399.6999999999998	0.18629997474400165
Rb+	3	3401.3699999999999	0.18825884314358771
Rb+	3	3403.04	0.19020561768922331
Rb+	3	3404.71	0.19213660303664579
Rb+	3	3406.3800000000001	0.19405112730508017
Rb+	3	3408.04	0.19594784673297636
Rb+	3	3409.71	0.19782810508188445
Rb+	3	3411.3800000000001	0.19969257423257947
Rb+	3	3413.0500000000002	0.20154528546971151
Rb+	3	3414.7199999999998	0.20338892631638072
Rb+	3	3416.3800000000001	0.20522786399762477
Rb+	3	3418.0500000000002	0.20706612979809377
Rb+	3	3419.7199999999998	0.20890809094282542
Rb+	3	3421.3899999999999	0.21075912247801992
Rb+	3	3423.0599999999999	0.21262392756910242
Rb+	3	3424.73	0.21450653750072313
Rb+	3	3426.3899999999999	0.21641434296140721
Rb+	3	3428.0599999999999	0.2183523830569675
Rb+	3	3429.73	0.22032804847592916
Rb+	3	3431.4000000000001	0.22234906584720504
Rb+	3	3433.0700000000002	0.22442416962087045
Rb+	3	3434.73	0.22656310206816324
Rb+	3	3436.4000000000001	0.22877795704303389
Rb+	3	3438.0700000000002	0.2310791486974953
Rb+	3	3439.7399999999998	0.23347776306433532
Rb+	3	3441.4099999999999	0.23599059716292969
Rb+	3	3443.0799999999999	0.23862772920490366
Rb+	3	3444.7399999999998	0.2413958779980076
Rb+	3	3446.4099999999999	0.24431184056161706
Rb+	3	3448.0799999999999	0.24738233570348234
Rb+	3	3449.75	0.25061072282747854
Rb+	3	3451.4200000000001	0.25400036133748083
Rb+	3	3453.0799999999999	0.25755461063736423
Rb+	3	3454.75	0.26127347072712886
Rb+	3	3456.4200000000001	0.26515022279902439
Rb+	3	3458.0900000000001	0.26917478864142547
Rb+	3	3459.7600000000002	0.273343808850457
Rb+	3	3461.4299999999998	0.27764048640674333
Rb+	3	3463.0900000000001	0.28205810250253416
Rb+	3	3464.7600000000002	0.28657986011845393
Rb+	3	3466.4299999999998	0.29118896223512697
Rb+	3	3468.0999999999999	0.29586861183317764
Rb+	3	3469.77	0.3006087307009806
Rb+	3	3471.4299999999998	0.30539252181916021
Rb+	3	3473.0999999999999	0.31019646936059053
Rb+	3	3474.77	0.31501049511364626
Rb+	3	3476.4400000000001	0.31981780205895177
Rb+	3	3478.1100000000001	0.32460159317713139
Rb+	3	3479.77	0.3293423839257093
Rb+	3	3481.4400000000001	0.33403211173538544
Rb+	3	3483.1100000000001	0.33865465146755891
Rb+	3	3484.7800000000002	0.3431965655067295
Rb+	3	3486.4499999999998	0.34765449444902186
Rb+	3	3488.1199999999999	0.35201836008281062
Rb+	3	3489.7800000000002	0.35628816240809597
Rb+	3	3491.4499999999998	0.36046390142487772
Rb+	3	3493.1199999999999	0.36455565534478135
Rb+	3	3494.79	0.36856678357168188
Rb+	3	3496.46	0.37251744252883029
Rb+	3	3498.1199999999999	0.37642778863947701
Rb+	3	3499.79	0.38032133773074817
Rb+	3	3501.46	0.38421488682201937
Rb+	3	3503.1300000000001	0.38814538935591697
Rb+	3	3504.8000000000002	0.39213300175569166
Rb+	3	3506.4699999999998	0.39621467746396988
Rb+	3	3508.1300000000001	0.40040721350012731
Rb+	3	3509.8000000000002	0.40474084449903996
Rb+	3	3511.4699999999998	0.40924244569170898
Rb+	3	3513.1399999999999	0.41392209528975971
Rb+	3	3514.8099999999999	0.41879659031256766
Rb+	3	3516.4699999999998	0.42388608718338378
Rb+	3	3518.1399999999999	0.42919394530608301
Rb+	3	3519.8099999999999	0.43472016468066549
Rb+	3	3521.48	0.44046474530713114
Rb+	3	3523.1500000000001	0.44643440599323025
Rb+	3	3524.8200000000002	0.45260899031571211
Rb+	3	3526.48	0.45898513887070147
Rb+	3	3528.1500000000001	0.4655494140426979
Rb+	3	3529.8200000000002	0.4722883782162009
Rb+	3	3531.4899999999998	0.47918523437183486
Rb+	3	3533.1599999999999	0.48621646668247376
Rb+	3	3534.8200000000002	0.49337199693649247
Rb+	3	3536.4899999999998	0.50062159049901467
Rb+	3	3538.1599999999999	0.5079518097545398
Rb+	3	3539.8299999999999	0.51533242006819191
Rb+	3	3541.5	0.52274998382447035
Rb+	3	3543.1599999999999	0.53017762579237415
Rb+	3	3544.8299999999999	0.53759854895252779
Rb+	3	3546.5	0.54498923747780537
Rb+	3	3548.1700000000001	0.5523396131565812
Rb+	3	3549.8400000000001	0.55962280075785464
Rb+	3	3551.5100000000002	0.56683880028162559
Rb+	3	3553.1700000000001	0.57397417411239349
Rb+	3	3554.8400000000001	0.58101884403853299
Rb+	3	3556.5100000000002	0.5879694506561689
Rb+	3	3558.1799999999998	0.59482599396530134
Rb+	3	3559.8499999999999	0.6015851145620551
Rb+	3	3561.5100000000002	0.60826025006193063
Rb+	3	3563.1799999999998	0.61485140046492814
Rb+	3	3564.8499999999999	0.62136528457879769
Rb+	3	3566.52	0.62781198061516474
Rb+	3	3568.1900000000001	0.63419484797790437
Rb+	3	3569.8600000000001	0.64052060547476675
Rb+	3	3571.52	0.64679261250962727
Rb+	3	3573.1900000000001	0.65301422848636081
Rb+	3	3574.8600000000001	0.65918209400109251
Rb+	3	3576.5300000000002	0.66529284964994684
Rb+	3	3578.1999999999998	0.67134649543292413
Rb+	3	3579.8600000000001	0.67732623433064865
Rb+	3	3581.5300000000002	0.68323206634312028
Rb+	3	3583.1999999999998	0.68906063206646417
Rb+	3	3584.8699999999999	0.69479177507742929
Rb+	3	3586.54	0.70042885477989092
Rb+	3	3588.1999999999998	0.70596851176997388
Rb+	3	3589.8699999999999	0.71141074604767818
Rb+	3	3591.54	0.71675219820912872
Rb+	3	3593.21	0.72201302467757633
Rb+	3	3594.8800000000001	0.72718986604914571
Rb+	3	3596.5500000000002	0.732289441131587
Rb+	3	3598.21	0.73733526575202657
Rb+	3	3599.8800000000001	0.74232062110271368
Rb+	3	3601.5500000000002	0.74725558539527392
Rb+	3	3603.2199999999998	0.75214351803358248
Rb+	3	3604.8899999999999	0.75698441901763913
Rb+	3	3606.5500000000002	0.76176149132806859
Rb+	3	3608.2199999999998	0.76646801615712024
Rb+	3	3609.8899999999999	0.77108047767766841
Rb+	3	3611.5599999999999	0.77557536006258709
Rb+	3	3613.23	0.77992578808087543
Rb+	3	3614.9000000000001	0.78410824590540751
Rb+	3	3616.5599999999999	0.78808578009355679
Rb+	3	3618.23	0.79184159362594775
Rb+	3	3619.9000000000001	0.79534881127157953
Rb+	3	3621.5700000000002	0.79859063601107616
Rb+	3	3623.2399999999998	0.80157042724831307
Rb+	3	3624.9000000000001	0.80426802856003932
Rb+	3	3626.5700000000002	0.806710315177256
Rb+	3	3628.2399999999998	0.80890064650383819
Rb+	3	3629.9099999999999	0.81086253836691191
Rb+	3	3631.5799999999999	0.81263294420910337
Rb+	3	3633.25	0.81424209866528885
Rb+	3	3634.9099999999999	0.81572695517809446
Rb+	3	3636.5799999999999	0.81712446719014697
Rb+	3	3638.25	0.81847830695182278
Rb+	3	3639.9200000000001	0.81981870909799803
Rb+	3	3641.5900000000001	0.82117926766742422
Rb+	3	3643.25	0.82258685789110197
Rb+	3	3644.9200000000001	0.824075073807783
Rb+	3	3646.5900000000001	0.82564391541746684
Rb+	3	3648.2600000000002	0.82731353914340455
Rb+	3	3649.9299999999998	0.82908730438947109
Rb+	3	3651.5900000000001	0.8309584923479163
Rb+	3	3653.2600000000002	0.83292710301874018
Rb+	3	3654.9299999999998	0.83497297997869202
Rb+	3	3656.5999999999999	0.83709276382389664
Rb+	3	3658.27	0.83926629813110321
Rb+	3	3659.9400000000001	0.84147342647706103
Rb+	3	3661.5999999999999	0.8436939924385195
Rb+	3	3663.27	0.84591455839997787
Rb+	3	3664.9400000000001	0.84811832734206061
Rb+	3	3666.6100000000001	0.85028850224539199
Rb+	3	3668.2800000000002	0.85242172370609715
Rb+	3	3669.9400000000001	0.85450455410867532
Rb+	3	3671.6100000000001	0.85653699345312662
Rb+	3	3673.2800000000002	0.85851232293170077
Rb+	3	3674.9499999999998	0.86043726135214815
Rb+	3	3676.6199999999999	0.86230844931059325
Rb+	3	3678.29	0.86413596501866197
Rb+	3	3679.9499999999998	0.86591980847635397
Rb+	3	3681.6199999999999	0.86766333908754434
Rb+	3	3683.29	0.86935983804448302
Rb+	3	3684.96	0.87102610236654554
Rb+	3	3686.6300000000001	0.87264533503435637
Rb+	3	3688.29	0.87421417664404033
Rb+	3	3689.96	0.87573598659947238
Rb+	3	3691.6300000000001	0.87719732728515232
Rb+	3	3693.3000000000002	0.87858812048945445
Rb+	3	3694.9699999999998	0.87991172561625419
Rb+	3	3696.6399999999999	0.8811513456461757
Rb+	3	3698.3000000000002	0.88230698057921919
Rb+	3	3699.9699999999998	0.88337191160763406
Rb+	3	3701.6399999999999	0.88433941992367038
Rb+	3	3703.3099999999999	0.88521958373895338
Rb+	3	3704.98	0.88600904364960809
Rb+	3	3706.6399999999999	0.8867077996556344
Rb+	3	3708.3099999999999	0.88731921116090717
Rb+	3	3709.98	0.88784327816542696
Rb+	3	3711.6500000000001	0.88829007888081868
Rb+	3	3713.3200000000002	0.88865289449933238
Rb+	3	3714.98	0.88894516263646828
Rb+	3	3716.6500000000001	0.88915680508060124
Rb+	3	3718.3200000000002	0.88929118123560624
Rb+	3	3719.9899999999998	0.88934829110148339
Rb+	3	3721.6599999999999	0.88932813467823268
Rb+	3	3723.3299999999999	0.88922063375422866
Rb+	3	3724.9899999999998	0.88903586654109668
Rb+	3	3726.6599999999999	0.88875703601946132
Rb+	3	3728.3299999999999	0.88839422040094762
Rb+	3	3730	0.88793734147393055
Rb+	3	3731.6700000000001	0.88739311804616006
Rb+	3	3733.3299999999999	0.88675147190601089
Rb+	3	3735	0.88602248126510852
Rb+	3	3736.6700000000001	0.88519606791182759
Rb+	3	3738.3400000000001	0.88426551303841761
Rb+	3	3740.0100000000002	0.88323417604875398
Rb+	3	3741.6799999999998	0.88209197873121092
Rb+	3	3743.3400000000001	0.88082884287416363
Rb+	3	3745.0100000000002	0.87943469026598631
Rb+	3	3746.6799999999998	0.87788936448342825
Rb+	3	3748.3499999999999	0.87618278731486421
Rb+	3	3750.02	0.87429816174091834
Rb+	3	3751.6799999999998	0.87221533133834028
Rb+	3	3753.3499999999999	0.86991413968387887
Rb+	3	3755.02	0.86738786796978395
Rb+	3	3756.6900000000001	0.8646230785805552
Rb+	3	3758.3600000000001	0.86160969330456705
Rb+	3	3760.0300000000002	0.85834435273794452
Rb+	3	3761.6900000000001	0.85484049449618793
Rb+	3	3763.3600000000001	0.85109475917542232
Rb+	3	3765.0300000000002	0.84713066260277348
Rb+	3	3766.6999999999998	0.84295828298986686
Rb+	3	3768.3699999999999	0.83861121437545361
Rb+	3	3770.0300000000002	0.83409953497115918
Rb+	3	3771.6999999999998	0.82945012000798468
Rb+	3	3773.3699999999999	0.82468984471693108
Rb+	3	3775.04	0.81983214671349869
Rb+	3	3776.71	0.81489382301706326
Rb+	3	3778.3699999999999	0.8098950300508756
Rb+	3	3780.04	0.80483240841106052
Rb+	3	3781.71	0.79972275511699364
Rb+	3	3783.3800000000001	0.79456607016867509
Rb+	3	3785.0500000000002	0.78935899416222965
Rb+	3	3786.7199999999998	0.78410488650153232
Rb+	3	3788.3800000000001	0.7788003877827081
Rb+	3	3790.0500000000002	0.77344213860188205
Rb+	3	3791.7199999999998	0.76804021717067916
Rb+	3	3793.3899999999999	0.76259126408522471
Rb+	3	3795.0599999999999	0.75709527934551835
Rb+	3	3796.7199999999998	0.75156570056706073
Rb+	3	3798.3899999999999	0.74600588715372695
Rb+	3	3800.0599999999999	0.74041583910551712
Rb+	3	3801.73	0.7347989158263063
Rb+	3	3803.4000000000001	0.72915511731609439
Rb+	3	3805.0700000000002	0.72347436536325616
Rb+	3	3806.73	0.7177499411600412
Rb+	3	3808.4000000000001	0.71195832887932375
Rb+	3	3810.0700000000002	0.70607937209785299
Rb+	3	3811.7399999999998	0.70008955498850312
Rb+	3	3813.4099999999999	0.69395192410864781
Rb+	3	3815.0700000000002	0.68762952601566041
Rb+	3	3816.7399999999998	0.68108876667078977
Rb+	3	3818.4099999999999	0.67428261441978432
Rb+	3	3820.0799999999999	0.66717747522389259
Rb+	3	3821.75	0.65973639564048814
Rb+	3	3823.4200000000001	0.65192578163082004
Rb+	3	3825.0799999999999	0.64371875796388689
Rb+	3	3826.75	0.635091808812563
Rb+	3	3828.4200000000001	0.6260348559652229
Rb+	3	3830.0900000000001	0.61654789942186683
Rb+	3	3831.7600000000002	0.60662757977861936
Rb+	3	3833.4200000000001	0.59629405345873154
Rb+	3	3835.0900000000001	0.58556747688545374
Rb+	3	3836.7600000000002	0.57447472528978727
Rb+	3	3838.4299999999998	0.56305275211435846
Rb+	3	3840.0999999999999	0.5513485890134191
Rb+	3	3841.7600000000002	0.53939918942959553
Rb+	3	3843.4299999999998	0.52725830382488958
Rb+	3	3845.0999999999999	0.51496960444967821
Rb+	3	3846.77	0.50258348236208827
Rb+	3	3848.4400000000001	0.49014360981249622
Rb+	3	3850.1100000000001	0.47768358083965345
Rb+	3	3851.77	0.46525378650168675
Rb+	3	3853.4400000000001	0.45287774262572217
Rb+	3	3855.1100000000001	0.44058568384663571
Rb+	3	3856.7800000000002	0.42839440718380301
Rb+	3	3858.4499999999998	0.41632406906047481
Rb+	3	3860.1100000000001	0.40439146649602686
Rb+	3	3861.7800000000002	0.39260331829820933
Rb+	3	3863.4499999999998	0.38096970267864755
Rb+	3	3865.1199999999999	0.36949397904121678
Rb+	3	3866.79	0.35818622559754221
Rb+	3	3868.46	0.34704980175149913
Rb+	3	3870.1199999999999	0.33609142631083772
Rb+	3	3871.79	0.32532722441415857
Rb+	3	3873.46	0.31476189922688697
Rb+	3	3875.1300000000001	0.30441157588762335
Rb+	3	3876.8000000000002	0.29428969201186839
Rb+	3	3878.46	0.28441304461899758
Rb+	3	3880.1300000000001	0.27480514953613688
Rb+	3	3881.8000000000002	0.26547944437878679
Rb+	3	3883.4699999999998	0.256456085570198
Rb+	3	3885.1399999999999	0.24776194834137161
Rb+	3	3886.8099999999999	0.2394037515000578
Rb+	3	3888.4699999999998	0.23140837027725766
Rb+	3	3890.1399999999999	0.22378050783839626
Rb+	3	3891.8099999999999	0.2165332658585867
Rb+	3	3893.48	0.20967033968209153
Rb+	3	3895.1500000000001	0.20319206524929834
Rb+	3	3896.8099999999999	0.1970940753351694
Rb+	3	3898.48	0.19136696360885438
Rb+	3	3900.1500000000001	0.18599762839524034
Rb+	3	3901.8200000000002	0.18096826485378897
Rb+	3	3903.4899999999998	0.17625938844202471
Rb+	3	3905.1500000000001	0.17184916303475914
Rb+	3	3906.8200000000002	0.16771373686447888
Rb+	3	3908.4899999999998	0.16383060192522061
Rb+	3	3910.1599999999999	0.16017691427063344
Rb+	3	3911.8299999999999	0.15673285341785415
Rb+	3	3913.5	0.15347994264556949
Rb+	3	3915.1599999999999	0.15040306463634148
Rb+	3	3916.8299999999999	0.14748978959583214
Rb+	3	3918.5	0.14473205495474109
Rb+	3	3920.1700000000001	0.1421217981437681
Rb+	3	3921.8400000000001	0.13965666758020054
Rb+	3	3923.5	0.13733397574093834
Rb+	3	3925.1700000000001	0.13515271480481897
Rb+	3	3926.8400000000001	0.13311288477184241
Rb+	3	3928.5100000000002	0.13121448564200863
Rb+	3	3930.1799999999998	0.12945650959415511
Rb+	3	3931.8499999999999	0.12783660504556932
Rb+	3	3933.5100000000002	0.12635242041353859
Rb+	3	3935.1799999999998	0.12499757283070023
Rb+	3	3936.8499999999999	0.12376735913162905
Rb+	3	3938.52	0.12265270892586221
Rb+	3	3940.1900000000001	0.12164421588254933
Rb+	3	3941.8499999999999	0.12073213773045259
Rb+	3	3943.52	0.11990572437717158
Rb+	3	3945.1900000000001	0.11915321790914331
Rb+	3	3946.8600000000001	0.11846386823396744
Rb+	3	3948.5300000000002	0.11782726119963105
Rb+	3	3950.1900000000001	0.11723399047528377
Rb+	3	3951.8600000000001	0.11667498567046279
Rb+	3	3953.5300000000002	0.11614184827548027
Rb+	3	3955.1999999999998	0.11562819542297348
Rb+	3	3956.8699999999999	0.11512865206674223
Rb+	3	3958.54	0.1146378431605863
Rb+	3	3960.1999999999998	0.11415140147946805
Rb+	3	3961.8699999999999	0.11366663950028734
Rb+	3	3963.54	0.11318019781916908
Rb+	3	3965.21	0.11268938891301315
Rb+	3	3966.8800000000001	0.11219219713949448
Rb+	3	3968.54	0.11168727873706304
Rb+	3	3970.21	0.11117295400378123
Rb+	3	3971.8800000000001	0.11064922293964906
Rb+	3	3973.5500000000002	0.11011474178311649
Rb+	3	3975.2199999999998	0.1095715261765086
Rb+	3	3976.8899999999999	0.10902024800060041
Rb+	3	3978.5500000000002	0.108463594778492
Rb+	3	3980.2199999999998	0.10790626967560858
Rb+	3	3981.8899999999999	0.10735163209582527
Rb+	3	3983.5599999999999	0.10680606490650477
Rb+	3	3985.23	0.10627595097500987
Rb+	3	3986.8899999999999	0.10576868098986583
Rb+	3	3988.5599999999999	0.10529164563959792
Rb+	3	3990.23	0.10485257155311893
Rb+	3	3991.9000000000001	0.10445918535934166
Rb+	3	3993.5700000000002	0.10411820586601638
Rb+	3	3995.2399999999998	0.10383635188089328
Rb+	3	3996.9000000000001	0.1036183265693976
Rb+	3	3998.5700000000002	0.10346816121617947
Cs+	1	60.053600000000003	0.0074410795834043558
Cs+	1	61.721800000000002	0.0076157685849109142
Cs+	1	63.390000000000001	0.0079224821587099304
Cs+	1	65.058099999999996	0.008328970027600191
Cs+	1	66.726299999999995	0.0088093647817432241
Cs+	1	68.394400000000005	0.0093448537594383284
Cs+	1	70.062600000000003	0.0099213274644099712
Cs+	1	71.730699999999999	0.010527027983095211
Cs+	1	73.398899999999998	0.011154900567356282
Cs+	1	75.066999999999993	0.011799906111380499
Cs+	1	76.735200000000006	0.012457677390130192
Cs+	1	78.403400000000005	0.013125862820892776
Cs+	1	80.0715	0.013803790522893229
Cs+	1	81.739699999999999	0.014490452674969009
Cs+	1	83.407799999999995	0.015185513336732601
Cs+	1	85.075999999999993	0.015888972508184013
Cs+	1	86.744100000000003	0.01660116612971075
Cs+	1	88.412300000000002	0.017323102022475355
Cs+	1	90.080500000000001	0.018055452067252845
Cs+	1	91.748599999999996	0.018799895965980796
Cs+	1	93.416799999999995	0.019557105599434223
Cs+	1	95.084900000000005	0.020329096609938205
Cs+	1	96.753100000000003	0.021116540878267771
Cs+	1	98.421199999999999	0.021922125927523014
Cs+	1	100.089	0.022746523638478962
Cs+	1	101.758	0.023591077772685667
Cs+	1	103.426	0.024457132091693184
Cs+	1	105.09399999999999	0.025345694416664042
Cs+	1	106.762	0.026256428807210731
Cs+	1	108.43000000000001	0.027190343084495795
Cs+	1	110.098	0.028147101308131712
Cs+	1	111.76600000000001	0.029126031597343467
Cs+	1	113.435	0.030126798011743536
Cs+	1	115.10299999999999	0.031148728670556902
Cs+	1	116.771	0.032191689197628555
Cs+	1	118.43899999999999	0.033255612404881001
Cs+	1	120.107	0.034339692035384194
Cs+	1	121.77500000000001	0.035445271850688201
Cs+	1	123.444	0.03657268779118053
Cs+	1	125.11199999999999	0.037722947678023713
Cs+	1	126.78	0.038897059332380295
Cs+	1	128.44800000000001	0.040095358694637782
Cs+	1	130.11600000000001	0.041318853585958715
Cs+	1	131.78399999999999	0.042566536185180553
Cs+	1	133.453	0.043838406492303306
Cs+	1	135.12100000000001	0.045132112924614373
Cs+	1	136.78899999999999	0.046444296078238641
Cs+	1	138.45699999999999	0.04777193248968848
Cs+	1	140.125	0.0491096471127637
Cs+	1	141.79300000000001	0.050453072722426634
Cs+	1	143.46100000000001	0.051795826451314551
Cs+	1	145.13	0.053131525432064688
Cs+	1	146.798	0.054455466499251898
Cs+	1	148.46600000000001	0.055762274606675953
Cs+	1	150.13399999999999	0.0570472465889117
Cs+	1	151.80199999999999	0.058307023042083996
Cs+	1	153.47	0.05953958832386777
Cs+	1	155.13900000000001	0.06074326273232545
Cs+	1	156.80699999999999	0.061918046267457061
Cs+	1	158.47499999999999	0.063064610810037613
Cs+	1	160.143	0.064184972002392163
Cs+	1	161.81100000000001	0.065281817367620842
Cs+	1	163.47900000000001	0.066357162548048729
Cs+	1	165.148	0.067415374768713454
Cs+	1	166.816	0.068459477493102647
Cs+	1	168.48400000000001	0.069493502005866459
Cs+	1	170.15199999999999	0.070522487412817594
Cs+	1	171.81999999999999	0.071548785296668638
Cs+	1	173.488	0.072577434763232251
Cs+	1	175.15600000000001	0.073612467097158615
Cs+	1	176.82499999999999	0.074656233881160286
Cs+	1	178.49299999999999	0.075712766399887457
Cs+	1	180.161	0.076784752176440207
Cs+	1	181.82900000000001	0.077873870912756091
Cs+	1	183.49700000000001	0.078981130429997659
Cs+	1	185.16499999999999	0.080107874489714959
Cs+	1	186.834	0.081253431211132959
Cs+	1	188.50200000000001	0.082416792773089137
Cs+	1	190.16999999999999	0.083595943533258416
Cs+	1	191.83799999999999	0.084788867849315705
Cs+	1	193.506	0.085993214138548407
Cs+	1	195.17400000000001	0.087204951116306412
Cs+	1	196.84200000000001	0.088422063140264587
Cs+	1	198.511	0.089640854866160358
Cs+	1	200.179	0.090859646592056115
Cs+	1	201.84700000000001	0.092075750794851766
Cs+	1	203.51499999999999	0.093287151832222248
Cs+	1	205.18299999999999	0.094493849704167548
Cs+	1	206.851	0.09569315688758756
Cs+	1	208.52000000000001	0.096886081203644864
Cs+	1	210.18799999999999	0.098071278890789357
Cs+	1	211.85599999999999	0.099249421829796083
Cs+	1	213.524	0.10042017408027754
Cs+	1	215.19200000000001	0.10158353564223371
Cs+	1	216.86000000000001	0.1027395065156646
Cs+	1	218.529	0.1038874148197952
Cs+	1	220.197	0.10502793243540053
Cs+	1	221.86500000000001	0.10616005154131802
Cs+	1	223.53299999999999	0.10728444401832274
Cs+	1	225.20099999999999	0.10840043798563963
Cs+	1	226.869	0.10950836938365624
Cs+	1	228.53700000000001	0.11060857415276004
Cs+	1	230.20599999999999	0.11170206011411359
Cs+	1	231.874	0.11278983508887942
Cs+	1	233.542	0.11387425065977014
Cs+	1	235.21000000000001	0.11495765840949831
Cs+	1	236.87799999999999	0.11604308180155155
Cs+	1	238.54599999999999	0.11713488806096756
Cs+	1	240.215	0.11823710847239643
Cs+	1	241.88300000000001	0.11935612590320094
Cs+	1	243.55099999999999	0.12049697945919377
Cs+	1	245.21899999999999	0.12166672388851268
Cs+	1	246.887	0.1228710701777454
Cs+	1	248.55500000000001	0.12411572931347963
Cs+	1	250.22300000000001	0.12540708416307811
Cs+	1	251.892	0.12674916601119099
Cs+	1	253.56	0.12814533426169342
Cs+	1	255.22800000000001	0.1295972686165229
Cs+	1	256.89600000000002	0.13110530501606704
Cs+	1	258.56400000000002	0.13266809969877572
Cs+	1	260.23200000000003	0.13428162137999877
Cs+	1	261.90100000000001	0.13594251065586113
Cs+	1	263.56900000000002	0.13764371277822501
Cs+	1	265.23700000000002	0.13938018864127769
Cs+	1	266.90499999999997	0.14114488349688145
Cs+	1	268.57299999999998	0.14293309417961109
Cs+	1	270.24099999999999	0.14473978158365389
Cs+	1	271.91000000000003	0.14656259412629732
Cs+	1	273.57799999999997	0.14840220368831639
Cs+	1	275.24599999999998	0.15025995403126113
Cs+	1	276.91399999999999	0.15214122020133178
Cs+	1	278.58199999999999	0.15405238506589103
Cs+	1	280.25	0.15600218307501423
Cs+	1	281.91800000000001	0.15800136432110179
Cs+	1	283.58699999999999	0.16005967107539154
Cs+	1	285.255	0.16218886125144649
Cs+	1	286.923	0.16439766929934191
Cs+	1	288.59100000000001	0.16669415778837812
Cs+	1	290.25900000000001	0.16908437364553036
Cs+	1	291.92700000000002	0.17157066845351121
Cs+	1	293.596	0.17415270627193313
Cs+	1	295.26400000000001	0.17682779957769609
Cs+	1	296.93200000000002	0.17959023738421226
Cs+	1	298.60000000000002	0.18242893365869384
Cs+	1	300.26799999999997	0.18533817741455305
Cs+	1	301.93599999999998	0.18830453103628944
Cs+	1	303.60500000000002	0.19131455690840243
Cs+	1	305.27300000000002	0.19436153622314181
Cs+	1	306.94099999999997	0.19743203136500712
Cs+	1	308.60899999999998	0.20051932352624802
Cs+	1	310.27699999999999	0.20361333449523916
Cs+	1	311.94499999999999	0.20671070486810544
Cs+	1	313.613	0.20981143464484686
Cs+	1	315.28199999999998	0.21291216442158825
Cs+	1	316.94999999999999	0.21601625360220481
Cs+	1	318.61799999999999	0.21912370218669647
Cs+	1	320.286	0.22224122898281351
Cs+	1	321.95400000000001	0.22536883399055591
Cs+	1	323.62200000000001	0.22851323601767398
Cs+	1	325.291	0.23167779446804279
Cs+	1	326.959	0.23485914993778723
Cs+	1	328.62700000000001	0.23807074004240777
Cs+	1	330.29500000000002	0.24130248657027911
Cs+	1	331.96300000000002	0.24456446773302659
Cs+	1	333.63099999999997	0.2478466053190248
Cs+	1	335.29899999999998	0.25115897753989919
Cs+	1	336.96800000000002	0.25449150618402427
Cs+	1	338.63600000000002	0.2578509100591504
Cs+	1	340.30399999999997	0.26123047035752728
Cs+	1	341.97199999999998	0.26463354648303
Cs+	1	343.63999999999999	0.26805677903178354
Cs+	1	345.30799999999999	0.27150016800378785
Cs+	1	346.97699999999998	0.27497379161066821
Cs+	1	348.64499999999998	0.27847429044854966
Cs+	1	350.31299999999999	0.28200502392130722
Cs+	1	351.98099999999999	0.2855659920289409
Cs+	1	353.649	0.28916055417532582
Cs+	1	355.31700000000001	0.29279206976433714
Cs+	1	356.98599999999999	0.29645717939209976
Cs+	1	358.654	0.30016260186636384
Cs+	1	360.322	0.3038982589755041
Cs+	1	361.99000000000001	0.3076675101233956
Cs+	1	363.65800000000002	0.31147035531003842
Cs+	1	365.32600000000002	0.31529335691993193
Cs+	1	366.99400000000003	0.31913651495307621
Cs+	1	368.66300000000001	0.3229897511978459
Cs+	1	370.33100000000002	0.32684298744261553
Cs+	1	371.99900000000002	0.33069622368738522
Cs+	1	373.66699999999997	0.33453232697239166
Cs+	1	375.33499999999998	0.33834525037065982
Cs+	1	377.00299999999999	0.34212122032630166
Cs+	1	378.67200000000003	0.34586359624319213
Cs+	1	380.33999999999997	0.34955558110195573
Cs+	1	382.00799999999998	0.35319045609484218
Cs+	1	383.67599999999999	0.35676150241410121
Cs+	1	385.34399999999999	0.36026200125198266
Cs+	1	387.012	0.3636852338007362
Cs+	1	388.68099999999998	0.36703120006036177
Cs+	1	390.34899999999999	0.37028646241535901
Cs+	1	392.017	0.37345438026960293
Cs+	1	393.685	0.37653495362309358
Cs+	1	395.35300000000001	0.37952482307195579
Cs+	1	397.02100000000002	0.38242062921231451
Cs+	1	398.68900000000002	0.38522573144804484
Cs+	1	400.358	0.38794684858689699
Cs+	1	402.02600000000001	0.39058062122499587
Cs+	1	403.69400000000002	0.39313712757396685
Cs+	1	405.36200000000002	0.39561636763380997
Cs+	1	407.02999999999997	0.39802506021227541
Cs+	1	408.69799999999998	0.40036992411711342
Cs+	1	410.36700000000002	0.40264424054057379
Cs+	1	412.03500000000003	0.40486144709815702
Cs+	1	413.70299999999997	0.40701818438598797
Cs+	1	415.37099999999998	0.40911445240406669
Cs+	1	417.03899999999999	0.41115025115239318
Cs+	1	418.70699999999999	0.41312894003484241
Cs+	1	420.375	0.41504380024366433
Cs+	1	422.04399999999998	0.4168914723749837
Cs+	1	423.71199999999999	0.41867195642880051
Cs+	1	425.38	0.42038861180898995
Cs+	1	427.048	0.42202800090005149
Cs+	1	428.71600000000001	0.42360020191361053
Cs+	1	430.38400000000001	0.42510521484966707
Cs+	1	432.053	0.42653632090047072
Cs+	1	433.721	0.42790359827764712
Cs+	1	435.38900000000001	0.42921376578894627
Cs+	1	437.05700000000002	0.43046682343436832
Cs+	1	438.72500000000002	0.43165941181003809
Cs+	1	440.39299999999997	0.43280832793533119
Cs+	1	442.06200000000001	0.43390349359862235
Cs+	1	443.73000000000002	0.43496170581928706
Cs+	1	445.39800000000002	0.43597624578957517
Cs+	1	447.06599999999997	0.43694375410561148
Cs+	1	448.73399999999998	0.43787430897902141
Cs+	1	450.40199999999999	0.43876791040980495
Cs+	1	452.06999999999999	0.43961448018633675
Cs+	1	453.73899999999998	0.44042073711636703
Cs+	1	455.40699999999998	0.44119004060377093
Cs+	1	457.07499999999999	0.44191231243692303
Cs+	1	458.74299999999999	0.44260099023132388
Cs+	1	460.411	0.44325607398697342
Cs+	1	462.07900000000001	0.44388092310774696
Cs+	1	463.74799999999999	0.44448561580526957
Cs+	1	465.416	0.44507351148341667
Cs+	1	467.084	0.44565804775768864
Cs+	1	468.75200000000001	0.44624594343583568
Cs+	1	470.42000000000002	0.44685399553723354
Cs+	1	472.08800000000002	0.44747884465800697
Cs+	1	473.75599999999997	0.44814064722140684
Cs+	1	475.42500000000001	0.44883940322743304
Cs+	1	477.09300000000002	0.4495818314838359
Cs+	1	478.76100000000002	0.45036793199061548
Cs+	1	480.42899999999997	0.45119770474777166
Cs+	1	482.09699999999998	0.4520677903514293
Cs+	1	483.76499999999999	0.45297146999383819
Cs+	1	485.43400000000003	0.4538953060594979
Cs+	1	487.10199999999998	0.45482922033678291
Cs+	1	488.76999999999998	0.45575641580631776
Cs+	1	490.43799999999999	0.45666681425647693
Cs+	1	492.10599999999999	0.45753018105238435
Cs+	1	493.774	0.45834315679016491
Cs+	1	495.44299999999998	0.45907550683494236
Cs+	1	497.11099999999999	0.45972387178284174
Cs+	1	498.779	0.4602748140183624
Cs+	1	500.447	0.46070817711825368
Cs+	1	502.11500000000001	0.4610306798902658
Cs+	1	503.78300000000002	0.4612356035266485
Cs+	1	505.45100000000002	0.46132294802740176
Cs+	1	507.12	0.46129943220027586
Cs+	1	508.78800000000001	0.46118185306464643
Cs+	1	510.45600000000002	0.46097692942826374
Cs+	1	512.12400000000002	0.46070481771437855
Cs+	1	513.79200000000003	0.46038567434624156
Cs+	1	515.46000000000004	0.46003629634322846
Cs+	1	517.12900000000002	0.45968355893634022
Cs+	1	518.79700000000003	0.4593375403372022
Cs+	1	520.46500000000003	0.45902175637294035
Cs+	1	522.13300000000004	0.45875636346680543
Cs+	1	523.80100000000004	0.45855143983042268
Cs+	1	525.46900000000005	0.45841034486766741
Cs+	1	527.13800000000003	0.45834987559791512
Cs+	1	528.80600000000004	0.45835995380954048
Cs+	1	530.47400000000005	0.45845065771416893
Cs+	1	532.14200000000005	0.45860854969629983
Cs+	1	533.80999999999995	0.45882355154430787
Cs+	1	535.47799999999995	0.4590889444504429
Cs+	1	537.14599999999996	0.45937785318370372
Cs+	1	538.81500000000005	0.45968355893634022
Cs+	1	540.48299999999995	0.45997582707347612
Cs+	1	542.15099999999995	0.46024121997961115
Cs+	1	543.81899999999996	0.46045958123149433
Cs+	1	545.48699999999997	0.46059731679037452
Cs+	1	547.15499999999997	0.4606477078485014
Cs+	1	548.82399999999996	0.46058387917487398
Cs+	1	550.49199999999996	0.46038903375011669
Cs+	1	552.15999999999997	0.46004637455485381
Cs+	1	553.82799999999997	0.45954582337746003
Cs+	1	555.49599999999998	0.45888402081406021
Cs+	1	557.16399999999999	0.45804752924915376
Cs+	1	558.83199999999999	0.45704306749049106
Cs+	1	560.50099999999998	0.45587063553807206
Cs+	1	562.16899999999998	0.45453359279577188
Cs+	1	563.83699999999999	0.4530487362829661
Cs+	1	565.505	0.45142950361515533
Cs+	1	567.173	0.44969605121559025
Cs+	1	568.84100000000001	0.44786181669977138
Cs+	1	570.50999999999999	0.44595031589482464
Cs+	1	572.178	0.44398170522400071
Cs+	1	573.846	0.44198285991830066
Cs+	1	575.51400000000001	0.43996385818934985
Cs+	1	577.18200000000002	0.43796165347977473
Cs+	1	578.85000000000002	0.43598296459732538
Cs+	1	580.51900000000001	0.43405130736912789
Cs+	1	582.18700000000001	0.43217676000680755
Cs+	1	583.85500000000002	0.43037611952973992
Cs+	1	585.52300000000002	0.42866618295730075
Cs+	1	587.19100000000003	0.42704359088561478
Cs+	1	588.85900000000004	0.42552514033405781
Cs+	1	590.52700000000004	0.42411083130262972
Cs+	1	592.19600000000003	0.42280066379133052
Cs+	1	593.86400000000003	0.42159127839628507
Cs+	1	595.53200000000004	0.42048603452136862
Cs+	1	597.20000000000005	0.41947149455108057
Cs+	1	598.86800000000005	0.41853758027379545
Cs+	1	600.53599999999994	0.41767421347788802
Cs+	1	602.20500000000004	0.41686459714398266
Cs+	1	603.87300000000005	0.41609193425270369
Cs+	1	605.54100000000005	0.41533942778467542
Cs+	1	607.20899999999995	0.41458356191277207
Cs+	1	608.87699999999995	0.41381089902149298
Cs+	1	610.54499999999996	0.41300464209146276
Cs+	1	612.21299999999997	0.41214799410330555
Cs+	1	613.88199999999995	0.41122415803764589
Cs+	1	615.54999999999995	0.4102297744906086
Cs+	1	617.21799999999996	0.40915812465444334
Cs+	1	618.88599999999997	0.4080058491252751
Cs+	1	620.55399999999997	0.40678302611472916
Cs+	1	622.22199999999998	0.40548965562280559
Cs+	1	623.89099999999996	0.4041458940727552
Cs+	1	625.55899999999997	0.40276517908007831
Cs+	1	627.22699999999998	0.40135758885640049
Cs+	1	628.89499999999998	0.39994663922884754
Cs+	1	630.56299999999999	0.39854912721679503
Cs+	1	632.23099999999999	0.3971784904357436
Cs+	1	633.89999999999998	0.39585152590506878
Cs+	1	635.56799999999998	0.39457831183639597
Cs+	1	637.23599999999999	0.39336556703747544
Cs+	1	638.904	0.39221665091218233
Cs+	1	640.572	0.39113156346051658
Cs+	1	642.24000000000001	0.39011030468247826
Cs+	1	643.90800000000002	0.38913607755869167
Cs+	1	645.577	0.38819880387753147
Cs+	1	647.245	0.38729176483124744
Cs+	1	648.91300000000001	0.38640152280433898
Cs+	1	650.58100000000002	0.38550792137355544
Cs+	1	652.24900000000002	0.38460424173114655
Cs+	1	653.91700000000003	0.38367368685773656
Cs+	1	655.58600000000001	0.38270953794557538
Cs+	1	657.25400000000002	0.38170507618691268
Cs+	1	658.92200000000003	0.38066030158174846
Cs+	1	660.59000000000003	0.37956513591845736
Cs+	1	662.25800000000004	0.37842965740866474
Cs+	1	663.92600000000004	0.37725722545624574
Cs+	1	665.59500000000003	0.37604448065732515
Cs+	1	667.26300000000003	0.37479814181965337
Cs+	1	668.93100000000004	0.37353500596260591
Cs+	1	670.59900000000005	0.37225843249005808
Cs+	1	672.26700000000005	0.37096842140200958
Cs+	1	673.93499999999995	0.36966833210233579
Cs+	1	675.60299999999995	0.36837160220653714
Cs+	1	677.27200000000005	0.36706815350298816
Cs+	1	678.94000000000005	0.36577142360718951
Cs+	1	680.60799999999995	0.36446797490364052
Cs+	1	682.27599999999995	0.36316788560396679
Cs+	1	683.94399999999996	0.36185771809266754
Cs+	1	685.61199999999997	0.36053747236974298
Cs+	1	687.28099999999995	0.35920378903131794
Cs+	1	688.94899999999996	0.35785330867351722
Cs+	1	690.61699999999996	0.35647595308471552
Cs+	1	692.28499999999997	0.35507172226491279
Cs+	1	693.95299999999997	0.35362717859860859
Cs+	1	695.62099999999998	0.35214568148967795
Cs+	1	697.28899999999999	0.35061379332262044
Cs+	1	698.95799999999997	0.34903151409743605
Cs+	1	700.62599999999998	0.34739212500637445
Cs+	1	702.29399999999998	0.34568890724168555
Cs+	1	703.96199999999999	0.34391850139949409
Cs+	1	705.63	0.34207418867204986
Cs+	1	707.298	0.34016268786710308
Cs+	1	708.96699999999998	0.33817728017690357
Cs+	1	710.63499999999999	0.33612132500532632
Cs+	1	712.303	0.33399482235237149
Cs+	1	713.971	0.3318048269661768
Cs+	1	715.63900000000001	0.32955402636984232
Cs+	1	717.30700000000002	0.32725955352313113
Cs+	1	718.976	0.32492476782991847
Cs+	1	720.64400000000001	0.32255638809795462
Cs+	1	722.31200000000001	0.32017121134661508
Cs+	1	723.98000000000002	0.31777595638365014
Cs+	1	725.64800000000002	0.31538742022843547
Cs+	1	727.31600000000003	0.31300896228484615
Cs+	1	728.98400000000004	0.31065737957225786
Cs+	1	730.65300000000002	0.30833939089842083
Cs+	1	732.32100000000003	0.30606171507108537
Cs+	1	733.98900000000003	0.30382435209025133
Cs+	1	735.65700000000004	0.30164409897529448
Cs+	1	737.32500000000005	0.29952095572621479
Cs+	1	738.99300000000005	0.29745492234301218
Cs+	1	740.66200000000003	0.29545271763343706
Cs+	1	742.33000000000004	0.29351434159748929
Cs+	1	743.99800000000005	0.29163643483129376
Cs+	1	745.66600000000005	0.28981899733485056
Cs+	1	747.33399999999995	0.28806538851203473
Cs+	1	749.00199999999995	0.28636217074734577
Cs+	1	750.66999999999996	0.28471270344465888
Cs+	1	752.33900000000006	0.28310354898847345
Cs+	1	754.00699999999995	0.28152462916716414
Cs+	1	755.67499999999995	0.27996922517298078
Cs+	1	757.34299999999996	0.27842053998654764
Cs+	1	759.01099999999997	0.2768718548001145
Cs+	1	760.67899999999997	0.27530301319043055
Cs+	1	762.34799999999996	0.27370393694587059
Cs+	1	764.01599999999996	0.27205446964318358
Cs+	1	765.68399999999997	0.27034789247461954
Cs+	1	767.35199999999998	0.2685640490169276
Cs+	1	769.01999999999998	0.26670293927010769
Cs+	1	770.68799999999999	0.26475448502253457
Cs+	1	772.35699999999997	0.26270860806258278
Cs+	1	774.02499999999998	0.26056530839025227
Cs+	1	775.69299999999998	0.25832794540941828
Cs+	1	777.36099999999999	0.25599651912008076
Cs+	1	779.029	0.25357774832998997
Cs+	1	780.697	0.25108171125077128
Cs+	1	782.36500000000001	0.24851512669017489
Cs+	1	784.03399999999999	0.2458947916675765
Cs+	1	785.702	0.24322742499072639
Cs+	1	787.37	0.24052310487124987
Cs+	1	789.03800000000001	0.23780198773239769
Cs+	1	790.70600000000002	0.23506407357416992
Cs+	1	792.37400000000002	0.23232615941594212
Cs+	1	794.04300000000001	0.22959160466158945
Cs+	1	795.71100000000001	0.22687384692661244
Cs+	1	797.37900000000002	0.22417624561488614
Cs+	1	799.04700000000003	0.22150551953416087
Cs+	1	800.71500000000003	0.21886502808831174
Cs+	1	802.38300000000004	0.21626149008508902
Cs+	1	804.05200000000002	0.21369490552449263
Cs+	1	805.72000000000003	0.21117535261814807
Cs+	1	807.38800000000003	0.20870619076993038
Cs+	1	809.05600000000004	0.20628741997983957
Cs+	1	810.72400000000005	0.20392575905562588
Cs+	1	812.39200000000005	0.20162792680503963
Cs+	1	814.05999999999995	0.19939728263195589
Cs+	1	815.72900000000004	0.19723382653637467
Cs+	1	817.39700000000005	0.19514091792217109
Cs+	1	819.06500000000005	0.19311855678934517
Cs+	1	820.73299999999995	0.19116338373402175
Cs+	1	822.40099999999995	0.18927203935232575
Cs+	1	824.06899999999996	0.18743444543263177
Cs+	1	825.73800000000006	0.18564724257106469
Cs+	1	827.40599999999995	0.18389363374824885
Cs+	1	829.07399999999996	0.18216690015643403
Cs+	1	830.74199999999996	0.18045024477624458
Cs+	1	832.40999999999997	0.17872888623062996
Cs+	1	834.07799999999997	0.17699005878486465
Cs+	1	835.74599999999998	0.17522032482344824
Cs+	1	837.41499999999996	0.17340658267126763
Cs+	1	839.08299999999997	0.1715387541166975
Cs+	1	840.75099999999998	0.16960810470966253
Cs+	1	842.41899999999998	0.16760791564241243
Cs+	1	844.08699999999999	0.16553449157068462
Cs+	1	845.755	0.16338716061370398
Cs+	1	847.42399999999998	0.16116693059263312
Cs+	1	849.09199999999998	0.1588778327921222
Cs+	1	850.75999999999999	0.15652557819875887
Cs+	1	852.428	0.154118565322231
Cs+	1	854.096	0.15166586455300143
Cs+	1	855.76400000000001	0.14917923380463308
Cs+	1	857.43299999999999	0.14666975910991387
Cs+	1	859.101	0.14415020620356928
Cs+	1	860.76900000000001	0.14163233299916225
Cs+	1	862.43700000000001	0.13912856929103076
Cs+	1	864.10500000000002	0.13665000111196268
Cs+	1	865.77300000000002	0.13420670667358348
Cs+	1	867.44100000000003	0.13180742042596841
Cs+	1	869.11000000000001	0.12945886117686772
Cs+	1	870.77800000000002	0.12716673991286917
Cs+	1	872.44600000000003	0.12493340821668532
Cs+	1	874.11400000000003	0.12276121767102878
Cs+	1	875.78200000000004	0.12064983233551201
Cs+	1	877.45000000000005	0.11859690062742244
Cs+	1	879.11900000000003	0.11659939908327245
Cs+	1	880.78700000000003	0.11465296047802438
Cs+	1	882.45500000000004	0.11275321758664054
Cs+	1	884.12300000000005	0.11089445942253326
Cs+	1	885.79100000000005	0.10907097499911481
Cs+	1	887.45899999999995	0.10727806115096
Cs+	1	889.12699999999995	0.10551000689148113
Cs+	1	890.79600000000005	0.10376345281680305
Cs+	1	892.46400000000006	0.10203470358266316
Cs+	1	894.13199999999995	0.10032107166596131
Cs+	1	895.79999999999995	0.09862188518592252
Cs+	1	897.46799999999996	0.096936472261771739
Cs+	1	899.13599999999997	0.095265504774284013
Cs+	1	900.80499999999995	0.093610998365784404
Cs+	1	902.47299999999996	0.091976312440148034
Cs+	1	904.14099999999996	0.090364134520474995
Cs+	1	905.80899999999997	0.088779503712578006
Cs+	1	907.47699999999998	0.087226451301107205
Cs+	1	909.14499999999998	0.085710016391875282
Cs+	1	910.81399999999996	0.084233894329144854
Cs+	1	912.48199999999997	0.082803124218728652
Cs+	1	914.14999999999998	0.081419721702951711
Cs+	1	915.81799999999998	0.080086374304914151
Cs+	1	917.48599999999999	0.078804761726553527
Cs+	1	919.154	0.077573876146707327
Cs+	1	920.822	0.076393045684600508
Cs+	1	922.49099999999999	0.075259246876745428
Cs+	1	924.15899999999999	0.074168784378879485
Cs+	1	925.827	0.073116619085189988
Cs+	1	927.495	0.072098383770639263
Cs+	1	929.16300000000001	0.071106687746702035
Cs+	1	930.83100000000002	0.070135484086403063
Cs+	1	932.5	0.069179061803154654
Cs+	1	934.16800000000001	0.068230702089206563
Cs+	1	935.83600000000001	0.06728435801758352
Cs+	1	937.50400000000002	0.066334318601697861
Cs+	1	939.17200000000003	0.065377224437674422
Cs+	1	940.84000000000003	0.064408372360088062
Cs+	1	942.50900000000001	0.063424738905451125
Cs+	1	944.17700000000002	0.062424980312213593
Cs+	1	945.84500000000003	0.061408760639987937
Cs+	1	947.51300000000003	0.060374736127224118
Cs+	1	949.18100000000004	0.059325594297022236
Cs+	1	950.84900000000005	0.058262678910932328
Cs+	1	952.51700000000005	0.057189349372829532
Cs+	1	954.18600000000004	0.056109972907751514
Cs+	1	955.85400000000004	0.055029588621510951
Cs+	1	957.52200000000005	0.053953571560308056
Cs+	1	959.19000000000005	0.052888976472280587
Cs+	1	960.85799999999995	0.051842858105566311
Cs+	1	962.52599999999995	0.050821935267915487
Cs+	1	964.19500000000005	0.049834270528628405
Cs+	1	965.86300000000006	0.04888658269545533
Cs+	1	967.53099999999995	0.047985926516534015
Cs+	1	969.19899999999996	0.047139020799614711
Cs+	1	970.86699999999996	0.046349560888960084
Cs+	1	972.53499999999997	0.045622585890382789
Cs+	1	974.20299999999997	0.044959439565432892
Cs+	1	975.87199999999996	0.044360457854497909
Cs+	1	977.53999999999996	0.04382429699602778
Cs+	1	979.20799999999997	0.043346925705372352
Cs+	1	980.87599999999998	0.042922968936331435
Cs+	1	982.54399999999998	0.042546379761929799
Cs+	1	984.21199999999999	0.042207415910929573
Cs+	1	985.88099999999997	0.04189700699286792
Cs+	1	987.54899999999998	0.041605074796119461
Cs+	1	989.21699999999998	0.041320197347508768
Cs+	1	990.88499999999999	0.041032968316185484
Cs+	1	992.553	0.040731965728974175
Cs+	1	994.221	0.040409462956962079
Cs+	1	995.88999999999999	0.040056053669298805
Cs+	1	997.55799999999999	0.039666026879396667
Cs+	1	999.226	0.03923434348144296
Cs+	1	1000.89	0.038757644071562555
Cs+	1	1002.5599999999999	0.038234248947817913
Cs+	1	1004.23	0.03766449405059652
Cs+	1	1005.9	0.037050395022223466
Cs+	1	1007.5700000000001	0.036395983147348904
Cs+	1	1009.23	0.035705289710622964
Cs+	1	1010.9	0.034985033519795927
Cs+	1	1012.5700000000001	0.034241597442230522
Cs+	1	1014.24	0.033483044047227038
Cs+	1	1015.91	0.032717435904085795
Cs+	1	1017.58	0.031953507462882114
Cs+	1	1019.24	0.031200463490233844
Cs+	1	1020.91	0.030466097803131274
Cs+	1	1022.58	0.02975927922780474
Cs+	1	1024.25	0.029087398452779516
Cs+	1	1025.9200000000001	0.028458182106968391
Cs+	1	1027.5799999999999	0.027877341176959086
Cs+	1	1029.25	0.027350586649339308
Cs+	1	1030.9200000000001	0.026881277927984192
Cs+	1	1032.5899999999999	0.02647210253599383
Cs+	1	1034.26	0.026124404234918276
Cs+	1	1035.9300000000001	0.025836503322819969
Cs+	1	1037.5899999999999	0.025607056038148852
Cs+	1	1039.26	0.02543135921547976
Cs+	1	1040.9300000000001	0.025303029987449939
Cs+	1	1042.5999999999999	0.02521568548669666
Cs+	1	1044.27	0.025160591263144592
Cs+	1	1045.9300000000001	0.025128005045555867
Cs+	1	1047.5999999999999	0.025107512681917597
Cs+	1	1049.27	0.025089707841379431
Cs+	1	1050.9400000000001	0.025064512312315986
Cs+	1	1052.6099999999999	0.025022183823489395
Cs+	1	1054.28	0.024955331686374385
Cs+	1	1055.9400000000001	0.024857237093220703
Cs+	1	1057.6099999999999	0.024723532818990684
Cs+	1	1059.28	0.024551195400196714
Cs+	1	1060.95	0.024339552956063767
Cs+	1	1062.6199999999999	0.024089949248141899
Cs+	1	1064.28	0.023805743680306229
Cs+	1	1065.95	0.023490967537206909
Cs+	1	1067.6199999999999	0.023152675566981709
Cs+	1	1069.29	0.022796242815830828
Cs+	1	1070.96	0.022431075614604619
Cs+	1	1072.6199999999999	0.022063892771053334
Cs+	1	1074.29	0.021702756854477277
Cs+	1	1075.96	0.021355394493789235
Cs+	1	1077.6300000000001	0.02102818855635195
Cs+	1	1079.3	0.020727857849915675
Cs+	1	1080.97	0.020459105539905584
Cs+	1	1082.6300000000001	0.020226634791746859
Cs+	1	1084.3	0.020033133128539597
Cs+	1	1085.97	0.019880952132996382
Cs+	1	1087.6400000000001	0.019771099626279758
Cs+	1	1089.3099999999999	0.019702903727614698
Cs+	1	1090.97	0.019675356615838663
Cs+	1	1092.6400000000001	0.01968543482746404
Cs+	1	1094.3099999999999	0.019730114899003219
Cs+	1	1095.98	0.01980502960541853
Cs+	1	1097.6500000000001	0.019904803900509777
Cs+	1	1099.3199999999999	0.02002372679768924
Cs+	1	1100.98	0.020155415429594186
Cs+	1	1102.6500000000001	0.020293486928861869
Cs+	1	1104.3199999999999	0.020431894368517063
Cs+	1	1105.99	0.02056358300042201
Cs+	1	1107.6600000000001	0.020683513718764011
Cs+	1	1109.3199999999999	0.02078731929850541
Cs+	1	1110.99	0.020868952812670972
Cs+	1	1112.6600000000001	0.020925726738160604
Cs+	1	1114.3299999999999	0.020954953551874201
Cs+	1	1116	0.020954617611486689
Cs+	1	1117.6600000000001	0.020922367334285479
Cs+	1	1119.3299999999999	0.020858538660658083
Cs+	1	1121	0.020762795650216988
Cs+	1	1122.6700000000001	0.020635474243349709
Cs+	1	1124.3399999999999	0.020477246320831269
Cs+	1	1126.01	0.020289455644211717
Cs+	1	1127.6700000000001	0.020074453796203644
Cs+	1	1129.3399999999999	0.019833248597969592
Cs+	1	1131.01	0.019569535393772191
Cs+	1	1132.6800000000001	0.019285665766324032
Cs+	1	1134.3499999999999	0.018985335059887757
Cs+	1	1136.01	0.018672910499501028
Cs+	1	1137.6800000000001	0.018353095250589022
Cs+	1	1139.3499999999999	0.018030592478576912
Cs+	1	1141.02	0.017710105348889883
Cs+	1	1142.6900000000001	0.017398016728890665
Cs+	1	1144.3599999999999	0.017098693843616928
Cs+	1	1146.02	0.016817847679656384
Cs+	1	1147.6900000000001	0.016559509521659185
Cs+	1	1149.3599999999999	0.016327710654275483
Cs+	1	1151.03	0.016126146421767917
Cs+	1	1152.7	0.015956160585686534
Cs+	1	1154.3599999999999	0.015818760967193875
Cs+	1	1156.03	0.015714955387452476
Cs+	1	1157.7	0.015642728204137264
Cs+	1	1159.3699999999999	0.015600735655698189
Cs+	1	1161.04	0.015585282397872609
Cs+	1	1162.71	0.015592673086397887
Cs+	1	1164.3699999999999	0.015617868615461333
Cs+	1	1166.04	0.015656165819637774
Cs+	1	1167.71	0.015701853712339484
Cs+	1	1169.3800000000001	0.015748885366591255
Cs+	1	1171.05	0.015791549795805354
Cs+	1	1172.71	0.015824807894169103
Cs+	1	1174.3800000000001	0.015843284615482296
Cs+	1	1176.05	0.01584261273470727
Cs+	1	1177.72	0.015818425026806363
Cs+	1	1179.3900000000001	0.015769041789842009
Cs+	1	1181.05	0.015692111441101622
Cs+	1	1182.72	0.015586626159422662
Cs+	1	1184.3900000000001	0.015452585944805128
Cs+	1	1186.0599999999999	0.015290998618411562
Cs+	1	1187.73	0.015103879822567038
Cs+	1	1189.4000000000001	0.01489324519959663
Cs+	1	1191.0599999999999	0.014663461974538002
Cs+	1	1192.73	0.014416545789716233
Cs+	1	1194.4000000000001	0.014157535750944009
Cs+	1	1196.0699999999999	0.013889791262096458
Cs+	1	1197.74	0.013617007667436216
Cs+	1	1199.4000000000001	0.013343216251613438
Cs+	1	1201.0699999999999	0.013071776418503246
Cs+	1	1202.74	0.012806047571980771
Cs+	1	1204.4100000000001	0.012549725056308646
Cs+	1	1206.0799999999999	0.012305160454199467
Cs+	1	1207.75	0.012075713169528353
Cs+	1	1209.4100000000001	0.011864070725395406
Cs+	1	1211.0799999999999	0.011673592525675755
Cs+	1	1212.75	0.0115069660934695
Cs+	1	1214.4200000000001	0.011368558653814304
Cs+	1	1216.0899999999999	0.011261057729810269
Cs+	1	1217.75	0.011187486784945007
Cs+	1	1219.4200000000001	0.011151541163481157
Cs+	1	1221.0899999999999	0.01115590838851882
Cs+	1	1222.76	0.011202604102383074
Cs+	1	1224.4300000000001	0.011292972066623965
Cs+	1	1226.0999999999999	0.011427348221629011
Cs+	1	1227.76	0.011605060686623182
Cs+	1	1229.4300000000001	0.011824093819281407
Cs+	1	1231.0999999999999	0.012081088215728555
Cs+	1	1232.77	0.012371004770151938
Cs+	1	1234.4400000000001	0.012688804376738869
Cs+	1	1236.0999999999999	0.013026424466189046
Cs+	1	1237.77	0.013376138409589674
Cs+	1	1239.4400000000001	0.013729547697252943
Cs+	1	1241.1099999999999	0.014076910057940982
Cs+	1	1242.78	0.014410162922353495
Cs+	1	1244.4400000000001	0.014719564019252609
Cs+	1	1246.1099999999999	0.014997722660113051
Cs+	1	1247.78	0.015236912216022032
Cs+	1	1249.45	0.015431421700391836
Cs+	1	1251.1199999999999	0.015577219828572306
Cs+	1	1252.79	0.015670611256300811
Cs+	1	1254.45	0.015711260043189842
Cs+	1	1256.1199999999999	0.015698830248851874
Cs+	1	1257.79	0.015636345336774528
Cs+	1	1259.46	0.01552615688967039
Cs+	1	1261.1300000000001	0.015374311834514692
Cs+	1	1262.79	0.015186185217507626
Cs+	1	1264.46	0.014968159906011941
Cs+	1	1266.1300000000001	0.014727290648165399
Cs+	1	1267.8	0.014470296251718251
Cs+	1	1269.47	0.014203895524420749
Cs+	1	1271.1400000000001	0.013934471333635635
Cs+	1	1272.8	0.013667734665950622
Cs+	1	1274.47	0.013408388686790885
Cs+	1	1276.1400000000001	0.013161136561581603
Cs+	1	1277.8099999999999	0.0129293376941979
Cs+	1	1279.48	0.012716351488514903
Cs+	1	1281.1400000000001	0.012524529527245202
Cs+	1	1282.8099999999999	0.012355551512326359
Cs+	1	1284.48	0.012211097145695935
Cs+	1	1286.1500000000001	0.012092846129291495
Cs+	1	1287.8199999999999	0.012001806284275577
Cs+	1	1289.49	0.011938313551035694
Cs+	1	1291.1500000000001	0.01190303981034687
Cs+	1	1292.8199999999999	0.011894977241046567
Cs+	1	1294.49	0.011913453962359761
Cs+	1	1296.1600000000001	0.011956790272348887
Cs+	1	1297.8299999999999	0.012022298647913847
Cs+	1	1299.49	0.012106619685179513
Cs+	1	1301.1600000000001	0.01220538615910822
Cs+	1	1302.8299999999999	0.012313558963887281
Cs+	1	1304.5	0.012425091172541468
Cs+	1	1306.1700000000001	0.012534607738870581
Cs+	1	1307.8299999999999	0.012635053914736852
Cs+	1	1309.5	0.012721054653940082
Cs+	1	1311.1700000000001	0.012786898969892551
Cs+	1	1312.8399999999999	0.012827211816394067
Cs+	1	1314.51	0.012839641610732032
Cs+	1	1316.1800000000001	0.0128201570682563
Cs+	1	1317.8399999999999	0.012768422248579358
Cs+	1	1319.51	0.01268376527092618
Cs+	1	1321.1800000000001	0.01256786583723433
Cs+	1	1322.8499999999999	0.012423747410991419
Cs+	1	1324.52	0.012254433455685063
Cs+	1	1326.1800000000001	0.012064627136740436
Cs+	1	1327.8499999999999	0.011860375381132767
Cs+	1	1329.52	0.011646381354287234
Cs+	1	1331.1900000000001	0.011428691983179062
Cs+	1	1332.8599999999999	0.011213018254395964
Cs+	1	1334.53	0.011005071154525658
Cs+	1	1336.1900000000001	0.010809553848993318
Cs+	1	1337.8599999999999	0.010630833562836606
Cs+	1	1339.53	0.010472605640318168
Cs+	1	1341.2	0.010336885723763073
Cs+	1	1342.8699999999999	0.010225689455496399
Cs+	1	1344.53	0.010139016835518143
Cs+	1	1346.2	0.010076195983053286
Cs+	1	1347.8699999999999	0.010035547196164259
Cs+	1	1349.54	0.010014382951750965
Cs+	1	1351.21	0.010008000084388227
Cs+	1	1352.8800000000001	0.010012367309425889
Cs+	1	1354.54	0.010022109580663754
Cs+	1	1356.21	0.010031515911514109
Cs+	1	1357.8800000000001	0.010035883136551772
Cs+	1	1359.55	0.010030172149964059
Cs+	1	1361.22	0.01000967978632579
Cs+	1	1362.8800000000001	0.0099720544629243752
Cs+	1	1364.55	0.0099152805374347446
Cs+	1	1366.22	0.0098393580098568943
Cs+	1	1367.8900000000001	0.0097449587609658508
Cs+	1	1369.5599999999999	0.0096361140754117631
Cs+	1	1371.22	0.0095161833570697602
Cs+	1	1372.8900000000001	0.0093915494733025819
Cs+	1	1374.5599999999999	0.0092675874703104285
Cs+	1	1376.23	0.0091520239770060911
Cs+	1	1377.9000000000001	0.009051241860752306
Cs+	1	1379.5699999999999	0.0089716239889118168
Cs+	1	1381.23	0.0089188813480723383
Cs+	1	1382.9000000000001	0.0088973811632715293
Cs+	1	1384.5699999999999	0.0089098109576094958
Cs+	1	1386.24	0.0089578504330238007
Cs+	1	1387.9100000000001	0.0090404917683519024
Cs+	1	1389.5699999999999	0.0091550474404937035
Cs+	1	1391.24	0.0092981580455740748
Cs+	1	1392.9100000000001	0.0094631047758427685
Cs+	1	1394.5799999999999	0.009643504763937041
Cs+	1	1396.25	0.0098319673213316163
Cs+	1	1397.9200000000001	0.010020765819113705
Cs+	1	1399.5799999999999	0.010202509568758027
Cs+	1	1401.25	0.010369807881739307
Cs+	1	1402.9200000000001	0.01051661383108232
Cs+	1	1404.5899999999999	0.010638896132136911
Cs+	1	1406.26	0.010733967261802979
Cs+	1	1407.9200000000001	0.010800483458530477
Cs+	1	1409.5899999999999	0.010840124424256964
Cs+	1	1411.26	0.010855241741695032
Cs+	1	1412.9300000000001	0.010850202635882343
Cs+	1	1414.5999999999999	0.010830382153019099
Cs+	1	1416.27	0.010802835041243065
Cs+	1	1417.9300000000001	0.010772936346754441
Cs+	1	1419.5999999999999	0.010747740817690997
Cs+	1	1421.27	0.010732959440640443
Cs+	1	1422.9400000000001	0.010731951619477903
Cs+	1	1424.6099999999999	0.010748748638853535
Cs+	1	1426.27	0.010783350498767334
Cs+	1	1427.9400000000001	0.010836093139606814
Cs+	1	1429.6099999999999	0.010903953097884361
Cs+	1	1431.28	0.010983906910112362
Cs+	1	1432.95	0.011069907649315591
Cs+	1	1434.6099999999999	0.01115725215006887
Cs+	1	1436.28	0.011239221604621949
Cs+	1	1437.95	0.011310776907162135
Cs+	1	1439.6199999999999	0.01136553519032669
Cs+	1	1441.29	0.011400472990628003
Cs+	1	1442.96	0.011412566844578455
Cs+	1	1444.6199999999999	0.011401144871403026
Cs+	1	1446.29	0.011366878951876741
Cs+	1	1447.96	0.011312120668712185
Cs+	1	1449.6300000000001	0.01124190912772205
Cs+	2	1471.3099999999999	0.011660826790950277
Cs+	2	1472.98	0.011926555637472754
Cs+	2	1474.6500000000001	0.012222519118871364
Cs+	2	1476.3199999999999	0.012545357831270984
Cs+	2	1477.99	0.012890032668858924
Cs+	2	1479.6500000000001	0.013252848287372544
Cs+	2	1481.3199999999999	0.013629101521386671
Cs+	2	1482.99	0.014014089205476124
Cs+	2	1484.6600000000001	0.014403780054990753
Cs+	2	1486.3299999999999	0.014794814666055435
Cs+	2	1488	0.015181817992469964
Cs+	2	1489.6600000000001	0.015561766570746729
Cs+	2	1491.3299999999999	0.015929621295073037
Cs+	2	1493	0.016282022761573766
Cs+	2	1494.6700000000001	0.016614603745211252
Cs+	2	1496.3399999999999	0.016923332961335344
Cs+	2	1498	0.017205522886845938
Cs+	2	1499.6700000000001	0.017456806296705374
Cs+	2	1501.3399999999999	0.017676175369751111
Cs+	2	1503.01	0.017861614463658072
Cs+	2	1504.6800000000001	0.018012787638038742
Cs+	2	1506.3499999999999	0.018130030833280644
Cs+	2	1508.01	0.018216031572483873
Cs+	2	1509.6800000000001	0.018273141438361021
Cs+	2	1511.3499999999999	0.018305391715562228
Cs+	2	1513.02	0.018318157450287708
Cs+	2	1514.6900000000001	0.0183178215099002
Cs+	2	1516.3499999999999	0.018310094880987407
Cs+	2	1518.02	0.018302704192462129
Cs+	2	1519.6900000000001	0.018302704192462129
Cs+	2	1521.3599999999999	0.018317485569512685
Cs+	2	1523.03	0.018354774952526586
Cs+	2	1524.7	0.018420283328091546
Cs+	2	1526.3599999999999	0.018521737325120351
Cs+	2	1528.03	0.01866551981097575
Cs+	2	1529.7	0.018858013653020478
Cs+	2	1531.3699999999999	0.019104593897454735
Cs+	2	1533.04	0.019410299650091212
Cs+	2	1534.7	0.019780841897517623
Cs+	2	1536.3699999999999	0.020219580043609093
Cs+	2	1538.04	0.020731217253790801
Cs+	2	1539.71	0.021318105110775337
Cs+	2	1541.3800000000001	0.021982259256887769
Cs+	2	1543.04	0.022724351572903128
Cs+	2	1544.71	0.023544717999208927
Cs+	2	1546.3800000000001	0.02444134289348009
Cs+	2	1548.05	0.025411202792229002
Cs+	2	1549.72	0.026450938291580534
Cs+	2	1551.3900000000001	0.027554166524171954
Cs+	2	1553.05	0.028714504622640517
Cs+	2	1554.72	0.029925905660010993
Cs+	2	1556.3900000000001	0.031179971126595575
Cs+	2	1558.0599999999999	0.032469175957713974
Cs+	2	1559.73	0.033787070097925954
Cs+	2	1561.3900000000001	0.035126464422938736
Cs+	2	1563.0599999999999	0.036481983886552126
Cs+	2	1564.73	0.037850269084890996
Cs+	2	1566.4000000000001	0.039227960614080216
Cs+	2	1568.0699999999999	0.040615058474119795
Cs+	2	1569.74	0.042012906426559769
Cs+	2	1571.4000000000001	0.043424191994500254
Cs+	2	1573.0699999999999	0.044853618343366423
Cs+	2	1574.74	0.046307568340521008
Cs+	2	1576.4100000000001	0.047793768614876796
Cs+	2	1578.0799999999999	0.049320281735734113
Cs+	2	1579.74	0.050896849974330798
Cs+	2	1581.4100000000001	0.052533887482679752
Cs+	2	1583.0799999999999	0.054241472472406363
Cs+	2	1584.75	0.056031362857073559
Cs+	2	1586.4200000000001	0.057913636848306728
Cs+	2	1588.0899999999999	0.05990139612121885
Cs+	2	1589.75	0.062005390768210336
Cs+	2	1591.4200000000001	0.064239730285556726
Cs+	2	1593.0899999999999	0.066617516348370986
Cs+	2	1594.76	0.069153530333703708
Cs+	2	1596.4300000000001	0.071864905201317997
Cs+	2	1598.0899999999999	0.074767430149426967
Cs+	2	1599.76	0.077880589720506335
Cs+	2	1601.4300000000001	0.081224876278194399
Cs+	2	1603.0999999999999	0.084821118126516909
Cs+	2	1604.77	0.088691487331049715
Cs+	2	1606.4300000000001	0.092857820016981119
Cs+	2	1608.0999999999999	0.097343296071049523
Cs+	2	1609.77	0.10216840785689317
Cs+	2	1611.4400000000001	0.10735499149970038
Cs+	2	1613.1099999999999	0.11292051589962182
Cs+	2	1614.78	0.11888278589719567
Cs+	2	1616.4400000000001	0.12525523910792241
Cs+	2	1618.1099999999999	0.1320499693857525
Cs+	2	1619.78	0.13927571118076129
Cs+	2	1621.45	0.14693985518147401
Cs+	2	1623.1199999999999	0.15504609673215333
Cs+	2	1624.78	0.16359678741551184
Cs+	2	1626.45	0.17259259911232458
Cs+	2	1628.1199999999999	0.18203252400142897
Cs+	2	1629.79	0.19191253079817489
Cs+	2	1631.46	0.20222926009868722
Cs+	2	1633.1300000000001	0.21297935249909078
Cs+	2	1634.79	0.22415272978776027
Cs+	2	1636.46	0.23573595434919514
Cs+	2	1638.1300000000001	0.24771558856789488
Cs+	2	1639.8	0.26007819482835898
Cs+	2	1641.47	0.2727968978995865
Cs+	2	1643.1300000000001	0.28583810374282609
Cs+	2	1644.8	0.29916485891545141
Cs+	2	1646.47	0.31274020997483604
Cs+	2	1648.1400000000001	0.3265003282473527
Cs+	2	1649.8099999999999	0.34039112733061166
Cs+	2	1651.48	0.3543360128162602
Cs+	2	1653.1400000000001	0.3682674606864082
Cs+	2	1654.8099999999999	0.3820846888248019
Cs+	2	1656.48	0.39570707153843832
Cs+	2	1658.1500000000001	0.40903046730718856
Cs+	2	1659.8199999999999	0.42195073461092358
Cs+	2	1661.48	0.43436373192951461
Cs+	2	1663.1500000000001	0.44616195833895755
Cs+	2	1664.8199999999999	0.45723791291524835
Cs+	2	1666.49	0.46749417294600842
Cs+	2	1668.1600000000001	0.47682659691110874
Cs+	2	1669.8199999999999	0.48515119971367132
Cs+	2	1671.49	0.49238735566069297
Cs+	2	1673.1600000000001	0.49846115786692097
Cs+	2	1674.8299999999999	0.50332221527422849
Cs+	2	1676.5	0.50693021503611391
Cs+	2	1678.1700000000001	0.50925828192157641
Cs+	2	1679.8299999999999	0.51028961891124003
Cs+	2	1681.5	0.51003094481285538
Cs+	2	1683.1700000000001	0.50850241604967306
Cs+	2	1684.8399999999999	0.50574098606431928
Cs+	2	1686.51	0.50178696770329589
Cs+	2	1688.1700000000001	0.49669411142860465
Cs+	2	1689.8399999999999	0.49052624591387312
Cs+	2	1691.51	0.48335727804435402
Cs+	2	1693.1800000000001	0.47525775530142489
Cs+	2	1694.8499999999999	0.46631166278196406
Cs+	2	1696.52	0.45658954796734902
Cs+	2	1698.1800000000001	0.44616867714670783
Cs+	2	1699.8499999999999	0.43512967601304336
Cs+	2	1701.52	0.42353973264385825
Cs+	2	1703.1900000000001	0.41147611332828032
Cs+	2	1704.8599999999999	0.39900264673993707
Cs+	2	1706.52	0.3861831615524558
Cs+	2	1708.1900000000001	0.37308148643946393
Cs+	2	1709.8599999999999	0.35975809067071374
Cs+	2	1711.53	0.34627008411208238
Cs+	2	1713.2	0.33268163137758472
Cs+	2	1714.8699999999999	0.31904581104844781
Cs+	2	1716.53	0.30541670952706113
Cs+	2	1718.2	0.29186151489092721
Cs+	2	1719.8699999999999	0.27842389939042272
Cs+	2	1721.54	0.26517441050692531
Cs+	2	1723.21	0.25215000168306134
Cs+	2	1724.8699999999999	0.23941786099633339
Cs+	2	1726.54	0.22701830129324285
Cs+	2	1728.21	0.21499835422804159
Cs+	2	1729.8800000000001	0.20338825443560571
Cs+	2	1731.55	0.19222831476243676
Cs+	2	1733.21	0.18153869163178543
Cs+	2	1734.8800000000001	0.17133685394380244
Cs+	2	1736.55	0.16163523149282569
Cs+	2	1738.22	0.15243583992118034
Cs+	2	1739.8900000000001	0.1437329682422786
Cs+	2	1741.5599999999999	0.13551754606565766
Cs+	2	1743.22	0.12777244043155442
Cs+	2	1744.8900000000001	0.12047850273788056
Cs+	2	1746.5599999999999	0.11361188121712279
Cs+	2	1748.23	0.10714805222099262
Cs+	2	1749.9000000000001	0.10106081239926408
Cs+	2	1751.5599999999999	0.095325302163261266
Cs+	2	1753.23	0.089917669745470746
Cs+	2	1754.9000000000001	0.084814735259154159
Cs+	2	1756.5699999999999	0.079997350102223308
Cs+	2	1758.24	0.075447037553364987
Cs+	2	1759.9100000000001	0.071148008414366082
Cs+	2	1761.5699999999999	0.067087832890888655
Cs+	2	1763.24	0.063253745248207205
Cs+	2	1764.9100000000001	0.059635331334308865
Cs+	2	1766.5799999999999	0.056222848877955749
Cs+	2	1768.25	0.053006555607909997
Cs+	2	1769.9100000000001	0.049977381133708781
Cs+	2	1771.5799999999999	0.047125247243726708
Cs+	2	1773.25	0.044441083547500933
Cs+	2	1774.9200000000001	0.041912796191081007
Cs+	2	1776.5899999999999	0.039531650724391618
Cs+	2	1778.25	0.037285889233869808
Cs+	2	1779.9200000000001	0.03516509756750269
Cs+	2	1781.5899999999999	0.033159197513664876
Cs+	2	1783.26	0.031259253058048553
Cs+	2	1784.9300000000001	0.029456596938655873
Cs+	2	1786.5999999999999	0.027744644723891602
Cs+	2	1788.26	0.026117685427168025
Cs+	2	1789.9300000000001	0.024572359644610006
Cs+	2	1791.5999999999999	0.023104972031954919
Cs+	2	1793.27	0.021715522589202754
Cs+	2	1794.9400000000001	0.020403675375966004
Cs+	2	1796.5999999999999	0.01916976633263218
Cs+	2	1798.27	0.018015475161138848
Cs+	2	1799.9400000000001	0.016941809682648541
Cs+	2	1801.6099999999999	0.015950113658711306
Cs+	2	1803.28	0.015040387089327152
Cs+	2	1804.95	0.014212294034108565
Cs+	2	1806.6099999999999	0.013464154791117977
Cs+	2	1808.28	0.012792609956480266
Cs+	2	1809.95	0.012193964185932792
Cs+	2	1811.6199999999999	0.011661834612112815
Cs+	2	1813.29	0.011190174308045107
Cs+	2	1814.95	0.010771592585204392
Cs+	2	1816.6199999999999	0.010398026874290367
Cs+	2	1818.29	0.01006141460600273
Cs+	2	1819.96	0.0097536932110411784
Cs+	2	1821.6300000000001	0.0094671360604929207
Cs+	2	1823.3	0.0091956962273827287
Cs+	2	1824.96	0.008932990844347866
Cs+	2	1826.6300000000001	0.0086746526863506687
Cs+	2	1828.3	0.0084166504687409813
Cs+	2	1829.97	0.0081569685491937327
Cs+	2	1831.6400000000001	0.00789426316615887
Cs+	2	1833.3	0.0076275264984738559
Cs+	2	1834.97	0.0073581023076887417
Cs+	2	1836.6400000000001	0.0070859905938035267
Cs+	2	1838.3099999999999	0.0068121991779807461
Cs+	2	1839.98	0.0065380718217704541
Cs+	2	1841.6400000000001	0.0062639444655601629
Cs+	2	1843.3099999999999	0.0059911608708999231
Cs+	2	1844.98	0.0057200569781772443
Cs+	2	1846.6500000000001	0.0054506327873921311
Cs+	2	1848.3199999999999	0.0051818804773820408
Cs+	2	1849.99	0.0049134641077594639
Cs+	2	1851.6500000000001	0.0046443758573618613
Cs+	2	1853.3199999999999	0.0043736079050266958
Cs+	2	1854.99	0.0040994805488164046
Cs+	2	1856.6600000000001	0.0038226656695060121
Cs+	2	1858.3299999999999	0.0035408116843829314
Cs+	2	1859.99	0.0032555982953847229
Cs+	2	1861.6600000000001	0.0029666895621238767
Cs+	2	1863.3299999999999	0.0026744214249879044
Cs+	2	1865	0.0023821532878519317
Cs+	2	1866.6700000000001	0.0020908929718784974
Cs+	2	1868.3399999999999	0.0018036639405552143
Cs+	2	1870	0.0015248334189197461
Cs+	2	1871.6700000000001	0.0012574248704597065
Cs+	2	1873.3399999999999	0.0010061414606002729
Cs+	2	1875.01	0.00077467853360408334
Cs+	2	1876.6800000000001	0.00056706737412128884
Cs+	2	1878.3399999999999	0.00038767520718955412
Cs+	2	1880.01	0.0002395254962964923
Cs+	2	1881.6800000000001	0.00012530576454220421
Cs+	2	1883.3499999999999	4.6359773476740205e-05
Cs+	2	1885.02	5.0391058126890919e-06
Cs+	2	1886.6900000000001	0
Cs+	2	1888.3499999999999	3.1914336813697897e-05
Cs+	2	1890.02	9.775865276616997e-05
Cs+	2	1891.6900000000001	0.00019618918630736538
Cs+	2	1893.3599999999999	0.00032384653356215786
Cs+	2	1895.03	0.0004766994098803963
Cs+	2	1896.6900000000001	0.00065105247099944198
Cs+	2	1898.3599999999999	0.00084287443226914373
Cs+	2	1900.03	0.0010481340090393494
Cs+	2	1901.7	0.0012617920954973707
Cs+	2	1903.3699999999999	0.0014801533473805682
Cs+	2	1905.03	0.0016985145992637664
Cs+	2	1906.7	0.0019135164472718381
Cs+	2	1908.3699999999999	0.0021201197855920942
Cs+	2	1910.04	0.0023153011507369222
Cs+	2	1911.71	0.0024946933176686575
Cs+	2	1913.3800000000001	0.002655608763287198
Cs+	2	1915.04	0.0027943521433299069
Cs+	2	1916.71	0.0029078999943091695
Cs+	2	1918.3800000000001	0.0029945726142874235
Cs+	2	1920.05	0.0030533621821021303
Cs+	2	1921.72	0.0030835968169782659
Cs+	2	1923.3800000000001	0.0030862843400783668
Cs+	2	1925.05	0.0030631044533399967
Cs+	2	1926.72	0.0030177525010257945
Cs+	2	1928.3900000000001	0.0029545957081734226
Cs+	2	1930.0599999999999	0.0028786731805955728
Cs+	2	1931.73	0.0027960318452674698
Cs+	2	1933.3900000000001	0.0027137264503268805
Cs+	2	1935.0599999999999	0.0026384758035240545
Cs+	2	1936.73	0.0025759908914467088
Cs+	2	1938.4000000000001	0.0025319827006825574
Cs+	2	1940.0699999999999	0.0025114903370442878
Cs+	2	1941.73	0.0025175372640195144
Cs+	2	1943.4000000000001	0.0025524750643208267
Cs+	2	1945.0699999999999	0.0026156318571731972
Cs+	2	1946.74	0.0027070076425766277
Cs+	2	1948.4100000000001	0.0028239148974310165
Cs+	2	1950.0799999999999	0.0029626582774737258
Cs+	2	1951.74	0.003119206498054603
Cs+	2	1953.4100000000001	0.0032881845129734471
Cs+	2	1955.0799999999999	0.0034652250971925935
Cs+	2	1956.75	0.0036459610256743785
Cs+	2	1958.4200000000001	0.0038256891329936258
Cs+	2	1960.0799999999999	0.0040010500152752098
Cs+	2	1961.75	0.0041690202090315159
Cs+	2	1963.4200000000001	0.0043282559527124944
Cs+	2	1965.0899999999999	0.0044767416039930676
Cs+	2	1966.76	0.0046141412224857256
Cs+	2	1968.4200000000001	0.0047407907485779799
Cs+	2	1970.0899999999999	0.0048563542418823208
Cs+	2	1971.76	0.004961503583173767
Cs+	2	1973.4300000000001	0.0050565747128398361
Cs+	2	1975.0999999999999	0.0051408957501055024
Cs+	2	1976.77	0.005215138575745789
Cs+	2	1978.4300000000001	0.0052786313089856728
Cs+	2	1980.0999999999999	0.0053310380094376405
Cs+	2	1981.77	0.0053716867963266666
Cs+	2	1983.4400000000001	0.0053995698484902129
Cs+	2	1985.1099999999999	0.0054150231063157936
Cs+	2	1986.77	0.0054180465698034069
Cs+	2	1988.4400000000001	0.005409984000503105
Cs+	2	1990.1099999999999	0.0053918432195774225
Cs+	2	1991.78	0.005366647690513978
Cs+	2	1993.45	0.0053374208768003813
Cs+	2	1995.1199999999999	0.0053071862419242456
Cs+	2	1996.78	0.0052813188320857745
Cs+	2	1998.45	0.0052635139915476054
Cs+	2	2000.1199999999999	0.0052584748857349168
Cs+	2	2001.79	0.0052692249781353196
Cs+	2	2003.46	0.0052997955533989685
Cs+	2	2005.1199999999999	0.0053515303730759098
Cs+	2	2006.79	0.0054244294371661467
Cs+	2	2008.46	0.0055188286860571902
Cs+	2	2010.1300000000001	0.005631368715873916
Cs+	2	2011.8	0.0057583541823536836
Cs+	2	2013.47	0.0058947459796838044
Cs+	2	2015.1300000000001	0.0060338253001140253
Cs+	2	2016.8	0.0061695452166691195
Cs+	2	2018.47	0.0062935072196612747
Cs+	2	2020.1400000000001	0.0063996643821152598
Cs+	2	2021.8099999999999	0.0064816338366683367
Cs+	2	2023.47	0.0065333686563452788
Cs+	2	2025.1400000000001	0.0065511734968834463
Cs+	2	2026.8099999999999	0.0065323608351827399
Cs+	2	2028.48	0.0064772666116306721
Cs+	2	2030.1500000000001	0.0063855548858397287
Cs+	2	2031.8099999999999	0.0062612569424600629
Cs+	2	2033.48	0.0061080681257543118
Cs+	2	2035.1500000000001	0.005931027541535165
Cs+	2	2036.8199999999999	0.0057378618187154144
Cs+	2	2038.49	0.0055342819438827708
Cs+	2	2040.1600000000001	0.0053280145459500281
Cs+	2	2041.8199999999999	0.0051261143730549474
Cs+	2	2043.49	0.0049332845906227074
Cs+	2	2045.1600000000001	0.0047562440064035606
Cs+	2	2046.8299999999999	0.0045986879646601466
Cs+	2	2048.5	0.0044639758692675887
Cs+	2	2050.1599999999999	0.0043544593029384779
Cs+	2	2051.8299999999999	0.0042711460868353488
Cs+	2	2053.5	0.004215044042120742
Cs+	2	2055.1700000000001	0.0041861531687946586
Cs+	2	2056.8400000000001	0.0041841375264695833
Cs+	2	2058.5100000000002	0.0042089971151455172
Cs+	2	2060.1700000000001	0.0042590522328848955
Cs+	2	2061.8400000000001	0.0043356466412377715
Cs+	2	2063.5100000000002	0.004437436578654092
Cs+	2	2065.1799999999998	0.0045647579855213729
Cs+	2	2066.8499999999999	0.0047176108618396106
Cs+	2	2068.5100000000002	0.0048953233268337832
Cs+	2	2070.1799999999998	0.0050972234997288621
Cs+	2	2071.8499999999999	0.0053226394997498245
Cs+	2	2073.52	0.0055692197441840818
Cs+	2	2075.1900000000001	0.0058339407695440207
Cs+	2	2076.8600000000001	0.0061141150527295393
Cs+	2	2078.52	0.0064047034879279484
Cs+	2	2080.1900000000001	0.0067006669693265592
Cs+	2	2081.8600000000001	0.0069952866891751196
Cs+	2	2083.5300000000002	0.0072828516608859162
Cs+	2	2085.1999999999998	0.0075552993151586445
Cs+	2	2086.8600000000001	0.0078069186654055912
Cs+	2	2088.5300000000002	0.0080293112019389403
Cs+	2	2090.1999999999998	0.0082174378189460041
Cs+	2	2091.8699999999999	0.0083649156490640409
Cs+	2	2093.54	0.0084667055864803605
Cs+	2	2095.1999999999998	0.0085201201080948655
Cs+	2	2096.8699999999999	0.0085221357504199416
Cs+	2	2098.54	0.0084714087519055375
Cs+	3	2900.9200000000001	0.035499358253077734
Cs+	3	2902.5900000000001	0.03572007108767352
Cs+	3	2904.2600000000002	0.035987815576521073
Cs+	3	2905.9299999999998	0.036297888554195218
Cs+	3	2907.5999999999999	0.036643235272558174
Cs+	3	2909.27	0.037015793162309664
Cs+	3	2910.9299999999998	0.037405484011824294
Cs+	3	2912.5999999999999	0.037803573371026737
Cs+	3	2914.27	0.038198303326354065
Cs+	3	2915.9400000000001	0.038580267546955899
Cs+	3	2917.6100000000001	0.038940395642369424
Cs+	3	2919.27	0.039269953162519293
Cs+	3	2920.9400000000001	0.039561885359267752
Cs+	3	2922.6100000000001	0.039811153126802112
Cs+	3	2924.2800000000002	0.040014733001634752
Cs+	3	2925.9499999999998	0.040170945281828116
Cs+	3	2927.6100000000001	0.040280797788544744
Cs+	3	2929.2800000000002	0.040346306164109703
Cs+	3	2930.9499999999998	0.040371837633560663
Cs+	3	2932.6199999999999	0.040363439123872843
Cs+	3	2934.29	0.04032715756202148
Cs+	3	2935.96	0.040270383636531855
Cs+	3	2937.6199999999999	0.040199836155154205
Cs+	3	2939.29	0.040122905806413811
Cs+	3	2940.96	0.040045303576898401
Cs+	3	2942.6300000000001	0.03997307639358319
Cs+	3	2944.3000000000002	0.039908911779568276
Cs+	3	2945.96	0.039855833198341288
Cs+	3	2947.6300000000001	0.03981484847106475
Cs+	3	2949.3000000000002	0.039785621657351153
Cs+	3	2950.9699999999998	0.039765801174487907
Cs+	3	2952.6399999999999	0.039753035439762427
Cs+	3	2954.3099999999999	0.039744300989687099
Cs+	3	2955.9699999999998	0.039735566539611779
Cs+	3	2957.6399999999999	0.03972380862604883
Cs+	3	2959.3099999999999	0.039705667845123152
Cs+	3	2960.98	0.039678456673734631
Cs+	3	2962.6500000000001	0.039641839171495753
Cs+	3	2964.3099999999999	0.039594807517243986
Cs+	3	2965.98	0.039538369532141869
Cs+	3	2967.6500000000001	0.0394752127392895
Cs+	3	2969.3200000000002	0.03940903248294951
Cs+	3	2970.9899999999998	0.039343860047772072
Cs+	3	2972.6599999999999	0.039284734539569842
Cs+	3	2974.3200000000002	0.039237366944930567
Cs+	3	2975.9899999999998	0.039206460429279409
Cs+	3	2977.6599999999999	0.039197725979204082
Cs+	3	2979.3299999999999	0.039213851117804691
Cs+	3	2981	0.039258531189343859
Cs+	3	2982.6599999999999	0.039333109955371662
Cs+	3	2984.3299999999999	0.039438259296663114
Cs+	3	2986	0.03957129169011811
Cs+	3	2987.6700000000001	0.039729183672249035
Cs+	3	2989.3400000000001	0.039907903958405745
Cs+	3	2991	0.040101405621613004
Cs+	3	2992.6700000000001	0.040302969854120574
Cs+	3	2994.3400000000001	0.040504870027015659
Cs+	3	2996.0100000000002	0.040700387332547994
Cs+	3	2997.6799999999998	0.04088179514180481
Cs+	3	2999.3499999999999	0.041043382468198372
Cs+	3	3001.0100000000002	0.041179102384753467
Cs+	3	3002.6799999999998	0.041284251726044913
Cs+	3	3004.3499999999999	0.041357486730522662
Cs+	3	3006.02	0.041397127696249147
Cs+	3	3007.6900000000001	0.041403846503999406
Cs+	3	3009.3499999999999	0.041380666617261037
Cs+	3	3011.02	0.041330611499521656
Cs+	3	3012.6900000000001	0.041260064018144013
Cs+	3	3014.3600000000001	0.04117540704049083
Cs+	3	3016.0300000000002	0.041084367195474911
Cs+	3	3017.6999999999998	0.040994671112009044
Cs+	3	3019.3600000000001	0.040915053240168558
Cs+	3	3021.0300000000002	0.040853576149253751
Cs+	3	3022.6999999999998	0.040818638348952434
Cs+	3	3024.3699999999999	0.040816286766239843
Cs+	3	3026.04	0.040853240208866236
Cs+	3	3027.6999999999998	0.040935209663419313
Cs+	3	3029.3699999999999	0.041064546712611665
Cs+	3	3031.04	0.041244274819930912
Cs+	3	3032.71	0.041475401806539587
Cs+	3	3034.3800000000001	0.041756247970500135
Cs+	3	3036.0500000000002	0.042085133609874981
Cs+	3	3037.71	0.042459035261176524
Cs+	3	3039.3800000000001	0.042873585699367084
Cs+	3	3041.0500000000002	0.043323073937858961
Cs+	3	3042.7199999999998	0.043800781168901889
Cs+	3	3044.3899999999999	0.04430099640590817
Cs+	3	3046.0500000000002	0.044815993019965007
Cs+	3	3047.7199999999998	0.045339052203322142
Cs+	3	3049.3899999999999	0.045862447327066798
Cs+	3	3051.0599999999999	0.046379459583448704
Cs+	3	3052.73	0.046884042045492645
Cs+	3	3054.3899999999999	0.047369811845835885
Cs+	3	3056.0599999999999	0.047832401759440743
Cs+	3	3057.73	0.048266772680494556
Cs+	3	3059.4000000000001	0.048670573026284712
Cs+	3	3061.0700000000002	0.049041787154486149
Cs+	3	3062.7399999999998	0.049380079124711353
Cs+	3	3064.4000000000001	0.049686456758122853
Cs+	3	3066.0700000000002	0.049963271637433249
Cs+	3	3067.7399999999998	0.05021354722613014
Cs+	3	3069.4099999999999	0.050442658570413745
Cs+	3	3071.0799999999999	0.050655644776096742
Cs+	3	3072.7399999999998	0.050859896531704411
Cs+	3	3074.4099999999999	0.051061460764211981
Cs+	3	3076.0799999999999	0.05126772816214472
Cs+	3	3077.75	0.051485753473640407
Cs+	3	3079.4200000000001	0.051720911744899234
Cs+	3	3081.0900000000001	0.051978913962508921
Cs+	3	3082.75	0.052263455470732106
Cs+	3	3084.4200000000001	0.052577895673443911
Cs+	3	3086.0900000000001	0.052923578332194382
Cs+	3	3087.7600000000002	0.05329983156620851
Cs+	3	3089.4299999999998	0.053706991315873795
Cs+	3	3091.0900000000001	0.054141698177315116
Cs+	3	3092.7600000000002	0.054602944329369928
Cs+	3	3094.4299999999998	0.055086698487388092
Cs+	3	3096.0999999999999	0.055590609068657017
Cs+	3	3097.77	0.056110308848139022
Cs+	3	3099.4400000000001	0.056643782183509052
Cs+	3	3101.0999999999999	0.057188341551667
Cs+	3	3102.77	0.05774096348912524
Cs+	3	3104.4400000000001	0.058299968293946229
Cs+	3	3106.1100000000001	0.058863676264192387
Cs+	3	3107.7800000000002	0.05942906393637612
Cs+	3	3109.4400000000001	0.059994787548947361
Cs+	3	3111.1100000000001	0.060557487698030987
Cs+	3	3112.7800000000002	0.06111582062207694
Cs+	3	3114.4499999999998	0.061665755036435087
Cs+	3	3116.1199999999999	0.062205275298780338
Cs+	3	3117.7800000000002	0.062730686064850064
Cs+	3	3119.4499999999998	0.063239299811544164
Cs+	3	3121.1199999999999	0.063729772777312579
Cs+	3	3122.79	0.064200089319830234
Cs+	3	3124.46	0.064649241617934602
Cs+	3	3126.1300000000001	0.065078237492788196
Cs+	3	3127.79	0.065488420705941103
Cs+	3	3129.46	0.0658824787804934
Cs+	3	3131.1300000000001	0.066263435179932703
Cs+	3	3132.8000000000002	0.066635657129296672
Cs+	3	3134.4699999999998	0.067003847794010502
Cs+	3	3136.1300000000001	0.067372710339499361
Cs+	3	3137.8000000000002	0.067747619811963422
Cs+	3	3139.4699999999998	0.068131935615277847
Cs+	3	3141.1399999999999	0.068530024974480297
Cs+	3	3142.8099999999999	0.06894457541267085
Cs+	3	3144.48	0.06937693069139958
Cs+	3	3146.1399999999999	0.069827762691441531
Cs+	3	3147.8099999999999	0.070296735472409125
Cs+	3	3149.48	0.070781497451589834
Cs+	3	3151.1500000000001	0.07127936110588351
Cs+	3	3152.8200000000002	0.071786967031415072
Cs+	3	3154.48	0.072299612062759311
Cs+	3	3156.1500000000001	0.072813264915266088
Cs+	3	3157.8200000000002	0.073321878661960188
Cs+	3	3159.4899999999998	0.073822093898966462
Cs+	3	3161.1599999999999	0.074309207460859769
Cs+	3	3162.8299999999999	0.074780195884152453
Cs+	3	3164.4899999999998	0.075232035705356901
Cs+	3	3166.1599999999999	0.07566439098408563
Cs+	3	3167.8299999999999	0.076076925779951121
Cs+	3	3169.5	0.076470647914115897
Cs+	3	3171.1700000000001	0.076848580850067585
Cs+	3	3172.8299999999999	0.077214083991681323
Cs+	3	3174.5	0.077571524563994743
Cs+	3	3176.1700000000001	0.077926613553595564
Cs+	3	3177.8400000000001	0.078284054125908983
Cs+	3	3179.5100000000002	0.078649557267522721
Cs+	3	3181.1700000000001	0.079027154263086888
Cs+	3	3182.8400000000001	0.079421548278026693
Cs+	3	3184.5100000000002	0.079835090895054722
Cs+	3	3186.1799999999998	0.080269461816108528
Cs+	3	3187.8499999999999	0.080724325100800604
Cs+	3	3189.52	0.081197665106805872
Cs+	3	3191.1799999999998	0.081686458370636719
Cs+	3	3192.8499999999999	0.082185665786480469
Cs+	3	3194.52	0.082690248248524403
Cs+	3	3196.1900000000001	0.083192815068243289
Cs+	3	3197.8600000000001	0.083686983378274335
Cs+	3	3199.52	0.084165026549704786
Cs+	3	3201.1900000000001	0.084621569536334415
Cs+	3	3202.8600000000001	0.085050901351575545
Cs+	3	3204.5300000000002	0.085448654770390473
Cs+	3	3206.1999999999998	0.085812814150454136
Cs+	3	3207.8699999999999	0.086141699789828996
Cs+	3	3209.5300000000002	0.086436991390452578
Cs+	3	3211.1999999999998	0.08670171241581251
Cs+	3	3212.8699999999999	0.086939558210171436
Cs+	3	3214.54	0.087156575700504585
Cs+	3	3216.21	0.087359483694562201
Cs+	3	3217.8699999999999	0.087555336940482065
Cs+	3	3219.54	0.087751526126789423
Cs+	3	3221.21	0.087955106001622055
Cs+	3	3222.8800000000001	0.088173131313117756
Cs+	3	3224.5500000000002	0.08841064116708916
Cs+	3	3226.21	0.088672002788573984
Cs+	3	3227.8800000000001	0.088961247462222351
Cs+	3	3229.5500000000002	0.089278711128421756
Cs+	3	3231.2199999999998	0.089624729727559749
Cs+	3	3232.8899999999999	0.089998967319248793
Cs+	3	3234.5599999999999	0.090399072320776319
Cs+	3	3236.2199999999998	0.09082168532826719
Cs+	3	3237.8899999999999	0.091263110997458763
Cs+	3	3239.5599999999999	0.0917199899244759
Cs+	3	3241.23	0.092188626765056
Cs+	3	3242.9000000000001	0.092664990234548883
Cs+	3	3244.5599999999999	0.093146728750241978
Cs+	3	3246.23	0.093631490729422673
Cs+	3	3247.9000000000001	0.094118940231703474
Cs+	3	3249.5700000000002	0.094608741316696859
Cs+	3	3251.2399999999998	0.095102909626727919
Cs+	3	3252.9099999999999	0.095603124863734193
Cs+	3	3254.5700000000002	0.096113082371978339
Cs+	3	3256.2399999999998	0.096636477495722989
Cs+	3	3257.9099999999999	0.097177677460005801
Cs+	3	3259.5799999999999	0.097741385430251973
Cs+	3	3261.25	0.098331632691111628
Cs+	3	3262.9099999999999	0.098952114586847412
Cs+	3	3264.5799999999999	0.099606190521334473
Cs+	3	3266.25	0.10029621207728538
Cs+	3	3267.9200000000001	0.10102352301625019
Cs+	3	3269.5900000000001	0.10178913115939142
Cs+	3	3271.2600000000002	0.10259270056632161
Cs+	3	3272.9200000000001	0.10343355935626566
Cs+	3	3274.5900000000001	0.10431170752922364
Cs+	3	3276.2600000000002	0.10522479350248291
Cs+	3	3277.9299999999998	0.1061728172760435
Cs+	3	3279.5999999999999	0.10715409914796785
Cs+	3	3281.2600000000002	0.10816863911825593
Cs+	3	3282.9299999999998	0.10921475748497021
Cs+	3	3284.5999999999999	0.11029211830772316
Cs+	3	3286.27	0.11139971376535224
Cs+	3	3287.9400000000001	0.11253552821553237
Cs+	3	3289.5999999999999	0.11369687413516347
Cs+	3	3291.27	0.11488139994153294
Cs+	3	3292.9400000000001	0.11608305870766557
Cs+	3	3294.6100000000001	0.11729647538736111
Cs+	3	3296.2800000000002	0.11851425929209433
Cs+	3	3297.9499999999998	0.1197280119121774
Cs+	3	3299.6100000000001	0.12092866285714748
Cs+	3	3301.2800000000002	0.1221068057961542
Cs+	3	3302.9499999999998	0.12325404221950978
Cs+	3	3304.6199999999999	0.12436197361752636
Cs+	3	3306.29	0.12542455306322878
Cs+	3	3307.9499999999998	0.12643741333157929
Cs+	3	3309.6199999999999	0.12739820283986536
Cs+	3	3311.29	0.12830826534963702
Cs+	3	3312.96	0.12917163214554445
Cs+	3	3314.6300000000001	0.1299936782737878
Cs+	3	3316.3000000000002	0.13078414600560498
Cs+	3	3317.96	0.13155210573145881
Cs+	3	3319.6300000000001	0.13230931536491225
Cs+	3	3321.3000000000002	0.13306719687914068
Cs+	3	3322.9699999999998	0.13383616442615706
Cs+	3	3324.6399999999999	0.1346259602771992
Cs+	3	3326.3000000000002	0.13544330324001738
Cs+	3	3327.9699999999998	0.13629356836081183
Cs+	3	3329.6399999999999	0.13717910722229504
Cs+	3	3331.3099999999999	0.1380992479436921
Cs+	3	3332.98	0.13905231082306538
Cs+	3	3334.6500000000001	0.14003325675460221
Cs+	3	3336.3099999999999	0.14103771851326491
Cs+	3	3337.98	0.14205964917207831
Cs+	3	3339.6500000000001	0.1430933377444546
Cs+	3	3341.3200000000002	0.14413508888613119
Cs+	3	3342.9899999999998	0.14518255101439553
Cs+	3	3344.6500000000001	0.14623438036769754
Cs+	3	3346.3200000000002	0.14729326446913726
Cs+	3	3347.9899999999998	0.14836222678220243
Cs+	3	3349.6599999999999	0.14944697829348064
Cs+	3	3351.3299999999999	0.15055390187033468
Cs+	3	3352.9899999999998	0.15169173196283989
Cs+	3	3354.6599999999999	0.15286752331913406
Cs+	3	3356.3299999999999	0.15408799474696735
Cs+	3	3358	0.15535919317331509
Cs+	3	3359.6700000000001	0.15668582176360238
Cs+	3	3361.3400000000001	0.1580688883389918
Cs+	3	3363	0.15950906478025839
Cs+	3	3364.6700000000001	0.16100366356430199
Cs+	3	3366.3400000000001	0.16254798152569747
Cs+	3	3368.0100000000002	0.16413664361824462
Cs+	3	3369.6799999999998	0.16576259509380564
Cs+	3	3371.3400000000001	0.1674174374426928
Cs+	3	3373.0100000000002	0.16909478779754325
Cs+	3	3374.6799999999998	0.17078624764866926
Cs+	3	3376.3499999999999	0.17248711383064561
Cs+	3	3378.02	0.17419268317804715
Cs+	3	3379.6900000000001	0.17589993222738623
Cs+	3	3381.3499999999999	0.17760852503827537
Cs+	3	3383.02	0.17931946943187713
Cs+	3	3384.6900000000001	0.18103814045439165
Cs+	3	3386.3600000000001	0.18276487404620645
Cs+	3	3388.0300000000002	0.18450840465739693
Cs+	3	3389.6900000000001	0.18627881049958839
Cs+	3	3391.3600000000001	0.18807609157278085
Cs+	3	3393.0300000000002	0.18991704489634997
Cs+	3	3394.6999999999998	0.19180167047029573
Cs+	3	3396.3699999999999	0.19374004650624352
Cs+	3	3398.04	0.19573553240806843
Cs+	3	3399.6999999999998	0.1977914875796456
Cs+	3	3401.3699999999999	0.19990791202097505
Cs+	3	3403.04	0.20208816513593192
Cs+	3	3404.71	0.20432888752064104
Cs+	3	3406.3800000000001	0.20663007917510243
Cs+	3	3408.04	0.20898838069544096
Cs+	3	3409.71	0.21139707327390639
Cs+	3	3411.3800000000001	0.21385615691049872
Cs+	3	3413.0500000000002	0.2163622722013428
Cs+	3	3414.7199999999998	0.21891541914643864
Cs+	3	3416.3800000000001	0.22151223834191114
Cs+	3	3418.0500000000002	0.22415944859551054
Cs+	3	3419.7199999999998	0.22685704990723679
Cs+	3	3421.3899999999999	0.22961176108484022
Cs+	3	3423.0599999999999	0.23243366033994617
Cs+	3	3424.73	0.23532946648030487
Cs+	3	3426.3899999999999	0.23830253890979147
Cs+	3	3428.0599999999999	0.24136631524390653
Cs+	3	3429.73	0.24452751429040021
Cs+	3	3431.4000000000001	0.24778277664539741
Cs+	3	3433.0700000000002	0.25114553992439864
Cs+	3	3434.73	0.25460908531965365
Cs+	3	3436.4000000000001	0.25817341283116252
Cs+	3	3438.0700000000002	0.26182844424729973
Cs+	3	3439.7399999999998	0.26556746076031507
Cs+	3	3441.4099999999999	0.26938038415858323
Cs+	3	3443.0799999999999	0.27324705801885341
Cs+	3	3444.7399999999998	0.27716076353337532
Cs+	3	3446.4099999999999	0.28109798487502319
Cs+	3	3448.0799999999999	0.28504192502442122
Cs+	3	3449.75	0.28898250576994416
Cs+	3	3451.4200000000001	0.29290293009221635
Cs+	3	3453.0799999999999	0.2967964791834875
Cs+	3	3454.75	0.30065307483213227
Cs+	3	3456.4200000000001	0.30446935763427552
Cs+	3	3458.0900000000001	0.30824532758991735
Cs+	3	3459.7600000000002	0.31199106291068296
Cs+	3	3461.4299999999998	0.31570992300044753
Cs+	3	3463.0900000000001	0.31941534547471168
Cs+	3	3464.7600000000002	0.32312076794897582
Cs+	3	3466.4299999999998	0.32683962803874039
Cs+	3	3468.0999999999999	0.33059544157113141
Cs+	3	3469.77	0.33440466962513687
Cs+	3	3471.4299999999998	0.33828142169703246
Cs+	3	3473.0999999999999	0.34224887767355644
Cs+	3	3474.77	0.34631375636245898
Cs+	3	3476.4400000000001	0.35049621418699106
Cs+	3	3478.1100000000001	0.35480296995490274
Cs+	3	3479.77	0.35923738307006919
Cs+	3	3481.4400000000001	0.36380953174411584
Cs+	3	3483.1100000000001	0.36851269716929241
Cs+	3	3484.7800000000002	0.37335023874947398
Cs+	3	3486.4499999999998	0.37831543767691039
Cs+	3	3488.1199999999999	0.38339485633610115
Cs+	3	3489.7800000000002	0.38858513532317096
Cs+	3	3491.4499999999998	0.39387955583036977
Cs+	3	3493.1199999999999	0.39925124262669642
Cs+	3	3494.79	0.40470019571215099
Cs+	3	3496.46	0.41019953985573243
Cs+	3	3498.1199999999999	0.41574255624969053
Cs+	3	3499.79	0.42130908847077453
Cs+	3	3501.46	0.4268924177112341
Cs+	3	3503.1300000000001	0.43247574695169372
Cs+	3	3504.8000000000002	0.43804563857665285
Cs+	3	3506.4699999999998	0.44360545198998658
Cs+	3	3508.1300000000001	0.44913839017231927
Cs+	3	3509.8000000000002	0.4546646095469018
Cs+	3	3511.4699999999998	0.46017403190210859
Cs+	3	3513.1399999999999	0.46568681366119052
Cs+	3	3514.8099999999999	0.471213033035773
Cs+	3	3516.4699999999998	0.47677284644910672
Cs+	3	3518.1399999999999	0.48238641032444252
Cs+	3	3519.8099999999999	0.48808395929665643
Cs+	3	3521.48	0.4938822903851241
Cs+	3	3523.1500000000001	0.49980827882084655
Cs+	3	3524.8200000000002	0.50588879983482482
Cs+	3	3526.48	0.51213393163868426
Cs+	3	3528.1500000000001	0.51856719005955088
Cs+	3	3529.8200000000002	0.52518857509742445
Cs+	3	3531.4899999999998	0.53200480556005525
Cs+	3	3533.1599999999999	0.53901924085131858
Cs+	3	3534.8200000000002	0.54620164633633816
Cs+	3	3536.4899999999998	0.5535553814189893
Cs+	3	3538.1599999999999	0.56104349265664544
Cs+	3	3539.8299999999999	0.56864582362605587
Cs+	3	3541.5	0.57633213969234443
Cs+	3	3543.1599999999999	0.5840621280090097
Cs+	3	3544.8299999999999	0.59180219453730021
Cs+	3	3546.5	0.59952546404621521
Cs+	3	3548.1700000000001	0.60718826428537775
Cs+	3	3549.8400000000001	0.61477379823541256
Cs+	3	3551.5100000000002	0.6222383936459428
Cs+	3	3553.1700000000001	0.6295786911130935
Cs+	3	3554.8400000000001	0.63676781540586336
Cs+	3	3556.5100000000002	0.64379904771650232
Cs+	3	3558.1799999999998	0.65066230983338491
Cs+	3	3559.8499999999999	0.65736096116038645
Cs+	3	3561.5100000000002	0.6638983611013819
Cs+	3	3563.1799999999998	0.67028122846412141
Cs+	3	3564.8499999999999	0.67651964146023069
Cs+	3	3566.52	0.68262367830133486
Cs+	3	3568.1900000000001	0.68860677660293446
Cs+	3	3569.8600000000001	0.69448237398053003
Cs+	3	3571.52	0.70026054864574705
Cs+	3	3573.1900000000001	0.70595473821408583
Cs+	3	3574.8600000000001	0.71157166149329665
Cs+	3	3576.5300000000002	0.71712475609888016
Cs+	3	3578.1999999999998	0.72260394381921078
Cs+	3	3579.8600000000001	0.72802602167366437
Cs+	3	3581.5300000000002	0.73338427085449065
Cs+	3	3583.1999999999998	0.73867533195781421
Cs+	3	3584.8699999999999	0.74390256438751046
Cs+	3	3586.54	0.74905924933582912
Cs+	3	3588.1999999999998	0.75413866799501972
Cs+	3	3589.8699999999999	0.75913746096120749
Cs+	3	3591.54	0.7640522688305168
Cs+	3	3593.21	0.76887637279519805
Cs+	3	3594.8800000000001	0.77360305404750052
Cs+	3	3596.5500000000002	0.77822895318354912
Cs+	3	3598.21	0.78275407020334409
Cs+	3	3599.8800000000001	0.78717504570301
Cs+	3	3601.5500000000002	0.79150195789417244
Cs+	3	3603.2199999999998	0.79573816618070647
Cs+	3	3604.8899999999999	0.7998870299664872
Cs+	3	3606.5500000000002	0.80396198686701525
Cs+	3	3608.2199999999998	0.80797647449779086
Cs+	3	3609.8899999999999	0.81194728987819009
Cs+	3	3611.5599999999999	0.81588787062371304
Cs+	3	3613.23	0.81981501375373533
Cs+	3	3614.9000000000001	0.82374887569150801
Cs+	3	3616.5599999999999	0.82769953464865631
Cs+	3	3618.23	0.83168378764455597
Cs+	3	3619.9000000000001	0.83570163467920688
Cs+	3	3621.5700000000002	0.83976315396423429
Cs+	3	3623.2399999999998	0.84386834549963841
Cs+	3	3624.9000000000001	0.84800713107379377
Cs+	3	3626.5700000000002	0.85217615128282531
Cs+	3	3628.2399999999998	0.85635860910735728
Cs+	3	3629.9099999999999	0.86055114514351472
Cs+	3	3631.5799999999999	0.86473024356417161
Cs+	3	3633.25	0.86889254496545287
Cs+	3	3634.9099999999999	0.87302461173185797
Cs+	3	3636.5799999999999	0.87711972505563673
Cs+	3	3638.25	0.88117116612903879
Cs+	3	3639.9200000000001	0.8851890131636897
Cs+	3	3641.5900000000001	0.88917662556346444
Cs+	3	3643.25	0.8931340033283629
Cs+	3	3644.9200000000001	0.89707122467001077
Cs+	3	3646.5900000000001	0.90100172720390836
Cs+	3	3648.2600000000002	0.90492887033393077
Cs+	3	3649.9299999999998	0.90885601346395317
Cs+	3	3651.5900000000001	0.91277643778622541
Cs+	3	3653.2600000000002	0.91669350270462246
Cs+	3	3654.9299999999998	0.92058705179589362
Cs+	3	3656.5999999999999	0.92444028804066325
Cs+	3	3658.27	0.92822969561180546
Cs+	3	3659.9400000000001	0.9319283992783195
Cs+	3	3661.5999999999999	0.93550952380920394
Cs+	3	3663.27	0.93893611576183245
Cs+	3	3664.9400000000001	0.94218801871295454
Cs+	3	3666.6100000000001	0.94524507623931942
Cs+	3	3668.2800000000002	0.94808041310992575
Cs+	3	3669.9400000000001	0.95068731051702371
Cs+	3	3671.6100000000001	0.95306912786448805
Cs+	3	3673.2800000000002	0.95523258396006938
Cs+	3	3674.9499999999998	0.95719447582314299
Cs+	3	3676.6199999999999	0.95897831928083499
Cs+	3	3678.29	0.96061770837189653
Cs+	3	3679.9499999999998	0.96214959653895404
Cs+	3	3681.6199999999999	0.96361429662850895
Cs+	3	3683.29	0.96505548089093818
Cs+	3	3684.96	0.96650338396111746
Cs+	3	3686.6300000000001	0.96799831868554853
Cs+	3	3688.29	0.96956716029523249
Cs+	3	3689.96	0.97123678402117009
Cs+	3	3691.6300000000001	0.97301390867111182
Cs+	3	3693.3000000000002	0.97490861245668303
Cs+	3	3694.9699999999998	0.97691753597400843
Cs+	3	3696.6399999999999	0.97903060101146266
Cs+	3	3698.3000000000002	0.98122093233804497
Cs+	3	3699.9699999999998	0.98346837353050431
Cs+	3	3701.6399999999999	0.98573597114621447
Cs+	3	3703.3099999999999	0.98799013114642409
Cs+	3	3704.98	0.9901771030691312
Cs+	3	3706.6399999999999	0.99225321466395922
Cs+	3	3708.3099999999999	0.99417815308440638
Cs+	3	3709.98	0.99589816786847107
Cs+	3	3711.6500000000001	0.99736958676577625
Cs+	3	3713.3200000000002	0.99854873752594553
Cs+	3	3714.98	0.99939866670635236
Cs+	3	3716.6500000000001	0.9998891396721209
Cs+	3	3718.3200000000002	1
Cs+	3	3719.9899999999998	0.99971445067061426
Cs+	3	3721.6599999999999	0.99903921049171385
Cs+	3	3723.3299999999999	0.99797427946329886
Cs+	3	3724.9899999999998	0.99655325162412067
Cs+	3	3726.6599999999999	0.99479964280130473
Cs+	3	3728.3299999999999	0.99275712524522797
Cs+	3	3730	0.99047273061014229
Cs+	3	3731.6700000000001	0.98800356876192463
Cs+	3	3733.3299999999999	0.98541346837420241
Cs+	3	3735	0.98275617990897757
Cs+	3	3736.6700000000001	0.9800854538282523
Cs+	3	3738.3400000000001	0.97746175940177882
Cs+	3	3740.0100000000002	0.97492876887993374
Cs+	3	3741.6799999999998	0.97252343570534339
Cs+	3	3743.3400000000001	0.9702625568973835
Cs+	3	3745.0100000000002	0.96815957007155462
Cs+	3	3746.6799999999998	0.96621783463173172
Cs+	3	3748.3499999999999	0.96441383475078901
Cs+	3	3750.02	0.96273077340935076
Cs+	3	3751.6799999999998	0.96112161895316539
Cs+	3	3753.3499999999999	0.95954605853573127
Cs+	3	3755.02	0.95795034169504634
Cs+	3	3756.6900000000001	0.95627735856523355
Cs+	3	3758.3600000000001	0.95446999928041565
Cs+	3	3760.0300000000002	0.95247787278246587
Cs+	3	3761.6900000000001	0.95024386920550696
Cs+	3	3763.3600000000001	0.94773439451078778
Cs+	3	3765.0300000000002	0.94490913585180669
Cs+	3	3766.6999999999998	0.94174793680531299
Cs+	3	3768.3699999999999	0.93823735975580624
Cs+	3	3770.0300000000002	0.93436732649166099
Cs+	3	3771.6999999999998	0.9301411964167523
Cs+	3	3773.3699999999999	0.92557576655045593
Cs+	3	3775.04	0.92068783391214737
Cs+	3	3776.71	0.91549419552120248
Cs+	3	3778.3699999999999	0.9100250860124971
Cs+	3	3780.04	0.90430402121315734
Cs+	3	3781.71	0.89835451695030899
Cs+	3	3783.3800000000001	0.89220008905107795
Cs+	3	3785.0500000000002	0.88586761274646519
Cs+	3	3786.7199999999998	0.8793604474403458
Cs+	3	3788.3800000000001	0.87270546836372098
Cs+	3	3790.0500000000002	0.86590267551659061
Cs+	3	3791.7199999999998	0.85895542830282989
Cs+	3	3793.3899999999999	0.85187044553018876
Cs+	3	3795.0599999999999	0.84464772719866765
Cs+	3	3796.7199999999998	0.83727383569276581
Cs+	3	3798.3899999999999	0.82974877101248323
Cs+	3	3800.0599999999999	0.82206245494619468
Cs+	3	3801.73	0.81421152809002506
Cs+	3	3803.4000000000001	0.80617919342459843
Cs+	3	3805.0700000000002	0.79796209154604003
Cs+	3	3806.73	0.78955350364659926
Cs+	3	3808.4000000000001	0.78093999211077592
Cs+	3	3810.0700000000002	0.77213163515019523
Cs+	3	3811.7399999999998	0.7631082763416065
Cs+	3	3813.4099999999999	0.75387999389663507
Cs+	3	3815.0700000000002	0.74443670960365549
Cs+	3	3816.7399999999998	0.73478178286654305
Cs+	3	3818.4099999999999	0.72491521368529754
Cs+	3	3820.0799999999999	0.71483700205991918
Cs+	3	3821.75	0.70455386679815823
Cs+	3	3823.4200000000001	0.69405908909226421
Cs+	3	3825.0799999999999	0.6833593877499875
Cs+	3	3826.75	0.67245812217520329
Cs+	3	3828.4200000000001	0.66136201117566162
Cs+	3	3830.0900000000001	0.65006433594361257
Cs+	3	3831.7600000000002	0.63857517469068115
Cs+	3	3833.4200000000001	0.62690460562849304
Cs+	3	3835.0900000000001	0.6150593475647983
Cs+	3	3836.7600000000002	0.60304275990347211
Cs+	3	3838.4299999999998	0.59087499906776542
Cs+	3	3840.0999999999999	0.57857286207705361
Cs+	3	3841.7600000000002	0.56614306773908696
Cs+	3	3843.4299999999998	0.55361585068874153
Cs+	3	3845.0999999999999	0.54101472675314355
Cs+	3	3846.77	0.52836657116329366
Cs+	3	3848.4400000000001	0.51569489974631799
Cs+	3	3850.1100000000001	0.50303666594484275
Cs+	3	3851.77	0.49042546379761937
Cs+	3	3853.4400000000001	0.4778848091317735
Cs+	3	3855.1100000000001	0.46545501479380685
Cs+	3	3856.7800000000002	0.45316631541859548
Cs+	3	3858.4499999999998	0.44104558623714046
Cs+	3	3860.1100000000001	0.42912642128819301
Cs+	3	3861.7800000000002	0.41742561759112873
Cs+	3	3863.4499999999998	0.40597005037694867
Cs+	3	3865.1199999999999	0.39477651666502844
Cs+	3	3866.79	0.38385509466699341
Cs+	3	3868.46	0.37321586259446898
Cs+	3	3870.1199999999999	0.36286217985133029
Cs+	3	3871.79	0.35280412464920269
Cs+	3	3873.46	0.34303833758421098
Cs+	3	3875.1300000000001	0.33355843578899264
Cs+	3	3876.8000000000002	0.3243637473827724
Cs+	3	3878.46	0.31544788949818769
Cs+	3	3880.1300000000001	0.30681422153911359
Cs+	3	3881.8000000000002	0.29845938410167494
Cs+	3	3883.4699999999998	0.29037329897424635
Cs+	3	3885.1399999999999	0.28256268496457815
Cs+	3	3886.8099999999999	0.27502418266879508
Cs+	3	3888.4699999999998	0.26776115149077245
Cs+	3	3890.1399999999999	0.26078031023826037
Cs+	3	3891.8099999999999	0.25407829950738375
Cs+	3	3893.48	0.24766183810589287
Cs+	3	3895.1500000000001	0.24152756662991257
Cs+	3	3896.8099999999999	0.23568220388719313
Cs+	3	3898.48	0.23011903106998424
Cs+	3	3900.1500000000001	0.22484140758216112
Cs+	3	3901.8200000000002	0.21984261461597346
Cs+	3	3903.4899999999998	0.21511929276754616
Cs+	3	3905.1500000000001	0.21065800442137864
Cs+	3	3906.8200000000002	0.20645874957747098
Cs+	3	3908.4899999999998	0.20250809062032268
Cs+	3	3910.1599999999999	0.19879930874218343
Cs+	3	3911.8299999999999	0.19531560692367766
Cs+	3	3913.5	0.19204690695317991
Cs+	3	3915.1599999999999	0.18898649002294002
Cs+	3	3916.8299999999999	0.18611755911358233
Cs+	3	3918.5	0.18343339541735657
Cs+	3	3920.1700000000001	0.18092056131876222
Cs+	3	3921.8400000000001	0.17856528326191129
Cs+	3	3923.5	0.17636185026021606
Cs+	3	3925.1700000000001	0.17429816845972609
Cs+	3	3926.8400000000001	0.17236449558920353
Cs+	3	3928.5100000000002	0.17055243313896046
Cs+	3	3930.1799999999998	0.16885223883775916
Cs+	3	3931.8499999999999	0.16725618605668674
Cs+	3	3933.5100000000002	0.16575755598799297
Cs+	3	3935.1799999999998	0.16434862200276507
Cs+	3	3936.8499999999999	0.16302367311441535
Cs+	3	3938.52	0.16177733427674354
Cs+	3	3940.1900000000001	0.16060591014548706
Cs+	3	3941.8499999999999	0.15950671319754581
Cs+	3	3943.52	0.15847705590981964
Cs+	3	3945.1900000000001	0.15751559452075853
Cs+	3	3946.8600000000001	0.15662232903036252
Cs+	3	3948.5300000000002	0.15579692349824403
Cs+	3	3950.1900000000001	0.1550400498051781
Cs+	3	3951.8600000000001	0.15435170795116476
Cs+	3	3953.5300000000002	0.15373189793620401
Cs+	3	3955.1999999999998	0.15317961193913326
Cs+	3	3956.8699999999999	0.1526935061984025
Cs+	3	3958.54	0.15227022131013662
Cs+	3	3960.1999999999998	0.15190673381084799
Cs+	3	3961.8699999999999	0.15159699677356134
Cs+	3	3963.54	0.1513349632713015
Cs+	3	3965.21	0.1511142504367057
Cs+	3	3966.8800000000001	0.15092713164086119
Cs+	3	3968.54	0.15076655213563017
Cs+	3	3970.21	0.15062545717287487
Cs+	3	3971.8800000000001	0.1504981357660076
Cs+	3	3973.5500000000002	0.15037954880921564
Cs+	3	3975.2199999999998	0.15026633689862387
Cs+	3	3976.8899999999999	0.15015614845151976
Cs+	3	3978.5500000000002	0.15004864752751571
Cs+	3	3980.2199999999998	0.14994517788816183
Cs+	3	3981.8899999999999	0.1498480911161707
Cs+	3	3983.5599999999999	0.1497604106750299
Cs+	3	3985.23	0.14968650378977713
Cs+	3	3986.8899999999999	0.14962905798351248
Cs+	3	3988.5599999999999	0.14959412018321117
Cs+	3	3990.23	0.14958337009081074
Cs+	3	3991.9000000000001	0.14959983116979886
Cs+	3	3993.5700000000002	0.14964451124133804
Cs+	3	3995.2399999999998	0.14971841812659081
Cs+	3	3996.9000000000001	0.14981886430245708
Cs+	3	3998.5700000000002	0.14994316224583673
F-	1	60.047600000000003	0
F-	1	61.715600000000002	0.0010625121691370146
F-	1	63.383600000000001	0.0022317061094210568
F-	1	65.051599999999993	0.0034772038277228186
F-	1	66.7196	0.0047722152828573901
F-	1	68.387600000000006	0.006095930353547223
F-	1	70.055599999999998	0.0074296916896813871
F-	1	71.723600000000005	0.0087586690898896757
F-	1	73.391599999999997	0.010069228336783349
F-	1	75.0595	0.011350605574529181
F-	1	76.727500000000006	0.012592036947293942
F-	1	78.395499999999998	0.013786107354392542
F-	1	80.063500000000005	0.014925162498343561
F-	1	81.731499999999997	0.01600417924642485
F-	1	83.399500000000003	0.017019330449895693
F-	1	85.067499999999995	0.017967745747200566
F-	1	86.735500000000002	0.018848468351154297
F-	1	88.403499999999994	0.019661259064960586
F-	1	90.0715	0.020407553069397212
F-	1	91.739400000000003	0.021090938316408573
F-	1	93.407399999999996	0.021714285167550178
F-	1	95.075400000000002	0.022282616755544229
F-	1	96.743399999999994	0.022799999425927697
F-	1	98.4114	0.023273130688996807
F-	1	100.07899999999999	0.023707033677473739
F-	1	101.747	0.024108645098451016
F-	1	103.41500000000001	0.024482988084650794
F-	1	105.083	0.024836281752776721
F-	1	106.751	0.025173788432347258
F-	1	108.419	0.02550053125608457
F-	1	110.087	0.025821054963118244
F-	1	111.755	0.026139904292577874
F-	1	113.423	0.026460906393204135
F-	1	115.09099999999999	0.026786453232959983
F-	1	116.759	0.027120611157382405
F-	1	118.42700000000001	0.027465293740841751
F-	1	120.095	0.027823132148097268
F-	1	121.76300000000001	0.028196279150315581
F-	1	123.431	0.028586648321867043
F-	1	125.099	0.028994718056344241
F-	1	126.767	0.029422880321710126
F-	1	128.435	0.02987113511796469
F-	1	130.10300000000001	0.030340200035496805
F-	1	131.77099999999999	0.030829596680713906
F-	1	133.43899999999999	0.031339085856819666
F-	1	135.107	0.031867710776628942
F-	1	136.77500000000001	0.032414275456160255
F-	1	138.44300000000001	0.032975191943469186
F-	1	140.11099999999999	0.033549264254574281
F-	1	141.779	0.034133382831123715
F-	1	143.447	0.034724438114765666
F-	1	145.11500000000001	0.035318842153555734
F-	1	146.78299999999999	0.035914202979530983
F-	1	148.45099999999999	0.03650765023113587
F-	1	150.119	0.037096791940407464
F-	1	151.78700000000001	0.037679714532975438
F-	1	153.45500000000001	0.038254982828061994
F-	1	155.12299999999999	0.038821879235278273
F-	1	156.791	0.039380642951420575
F-	1	158.459	0.039931991566877753
F-	1	160.12700000000001	0.040476164278446122
F-	1	161.79499999999999	0.041015074660496025
F-	1	163.46299999999999	0.041550397090601522
F-	1	165.131	0.04208332755274409
F-	1	166.79900000000001	0.042616018818090358
F-	1	168.46700000000001	0.043150384461010674
F-	1	170.13499999999999	0.043688338055875416
F-	1	171.803	0.044230836389869736
F-	1	173.471	0.044779075446975104
F-	1	175.13900000000001	0.045334729604765575
F-	1	176.80699999999999	0.045898038060037449
F-	1	178.47499999999999	0.046469957599975895
F-	1	180.143	0.047050488224580911
F-	1	181.81100000000001	0.0476405867210377
F-	1	183.47900000000001	0.048239296302161061
F-	1	185.14699999999999	0.048847573755136167
F-	1	186.815	0.049464701489574124
F-	1	188.483	0.050090679505474987
F-	1	190.15100000000001	0.050725507802838694
F-	1	191.81899999999999	0.051368947184869
F-	1	193.48699999999999	0.052020758454769563
F-	1	195.155	0.052681898399725591
F-	1	196.82300000000001	0.053352367019737092
F-	1	198.49100000000001	0.054032642708396618
F-	1	200.15899999999999	0.054724399843278267
F-	1	201.827	0.055428595211567185
F-	1	203.495	0.056146663994041127
F-	1	205.16300000000001	0.056879323781089015
F-	1	206.83099999999999	0.057627531359895977
F-	1	208.499	0.058392721911239821
F-	1	210.167	0.059174417041527927
F-	1	211.83500000000001	0.059971181569982539
F-	1	213.50299999999999	0.060782537103011056
F-	1	215.17099999999999	0.061605134885465401
F-	1	216.839	0.06243514776860485
F-	1	218.50700000000001	0.063268270210096123
F-	1	220.17500000000001	0.064099239880420752
F-	1	221.84299999999999	0.06492183766287507
F-	1	223.511	0.065729126850366623
F-	1	225.179	0.066515366719784308
F-	1	226.84700000000001	0.067272902973646742
F-	1	228.51499999999999	0.067996712479231752
F-	1	230.18299999999999	0.068681293710224578
F-	1	231.851	0.069322580321088206
F-	1	233.51900000000001	0.069917462753470869
F-	1	235.18700000000001	0.070463788236205888
F-	1	236.85499999999999	0.070962752753274724
F-	1	238.523	0.071414356304677407
F-	1	240.191	0.071822426039154605
F-	1	241.85900000000001	0.072191506695835933
F-	1	243.52699999999999	0.072527578194628711
F-	1	245.19499999999999	0.072837577242625448
F-	1	246.86199999999999	0.073130593318085343
F-	1	248.53	0.073415476702471255
F-	1	250.19800000000001	0.073702752054820089
F-	1	251.86600000000001	0.074002944034168794
F-	1	253.53399999999999	0.074326098905961688
F-	1	255.202	0.07468298052603202
F-	1	256.87	0.075083635159824122
F-	1	258.53800000000001	0.075536195498411979
F-	1	260.20600000000002	0.076048555036073273
F-	1	261.87400000000002	0.076625497708733892
F-	1	263.54199999999997	0.077272046649116008
F-	1	265.20999999999998	0.077989637037997384
F-	1	266.87799999999999	0.078777790481785404
F-	1	268.54599999999999	0.079635550193294949
F-	1	270.214	0.080558610630192679
F-	1	271.88200000000001	0.081542427053349034
F-	1	273.55000000000001	0.082580062755671493
F-	1	275.21800000000002	0.083666255407641568
F-	1	276.88600000000002	0.084793350711777918
F-	1	278.55399999999997	0.085955607944969439
F-	1	280.22199999999998	0.087147047187308799
F-	1	281.88999999999999	0.088363602093259011
F-	1	283.55799999999999	0.089601684710875665
F-	1	285.226	0.090860099056177285
F-	1	286.89400000000001	0.092137409948386137
F-	1	288.56200000000001	0.093435052568279928
F-	1	290.23000000000002	0.094755179687025348
F-	1	291.89800000000002	0.096098748091807573
F-	1	293.56599999999997	0.097469824128163574
F-	1	295.23399999999998	0.098870082173667412
F-	1	296.90199999999999	0.10030215339307832
F-	1	298.56999999999999	0.1017660377863963
F-	1	300.238	0.10326269214080654
F-	1	301.90600000000001	0.1047899636851424
F-	1	303.57400000000001	0.10634498205784831
F-	1	305.24200000000002	0.10792344171659105
F-	1	306.91000000000003	0.10951816675748172
F-	1	308.57799999999997	0.11112269886702048
F-	1	310.24599999999998	0.11272818776374438
F-	1	311.91399999999999	0.11432530477259802
F-	1	313.58199999999999	0.11590448202172961
F-	1	315.25	0.11745615163928742
F-	1	316.91800000000001	0.11897146334380856
F-	1	318.58600000000001	0.12044300203460796
F-	1	320.25400000000002	0.12186407020138935
F-	1	321.92200000000003	0.12323036230181948
F-	1	323.58999999999997	0.12453924717113909
F-	1	325.25799999999998	0.12579072480934822
F-	1	326.92599999999999	0.12698718718440974
F-	1	328.59399999999999	0.12813341823224958
F-	1	330.262	0.12923587626636765
F-	1	331.93000000000001	0.13030388996181941
F-	1	333.59800000000001	0.13134750558404923
F-	1	335.26600000000002	0.13237940056326061
F-	1	336.93400000000003	0.13341129554247202
F-	1	338.60199999999998	0.13445706393586848
F-	1	340.26999999999998	0.13552986156724611
F-	1	341.93799999999999	0.13664164827641964
F-	1	343.60599999999999	0.13780581908398154
F-	1	345.274	0.13903242025537607
F-	1	346.94200000000001	0.14033149805604767
F-	1	348.61000000000001	0.14171190276745912
F-	1	350.27800000000002	0.14318057109670296
F-	1	351.94600000000003	0.14474324376689032
F-	1	353.61399999999998	0.14640470471394695
F-	1	355.28199999999998	0.14816806349622477
F-	1	356.94999999999999	0.15003547288489039
F-	1	358.61799999999999	0.15200717207674011
F-	1	360.286	0.15408316107177386
F-	1	361.95400000000001	0.15626080870523257
F-	1	363.62200000000001	0.15853724461556054
F-	1	365.29000000000002	0.16090720647323939
F-	1	366.95800000000003	0.1633637575711766
F-	1	368.62599999999998	0.16589876521829819
F-	1	370.29399999999998	0.16850242234595611
F-	1	371.96199999999999	0.17116252991753933
F-	1	373.63	0.17386617130604803
F-	1	375.298	0.17659923390050086
F-	1	376.96600000000001	0.179346409105935
F-	1	378.63400000000001	0.18209310591777661
F-	1	380.30200000000002	0.18482449413465535
F-	1	381.97000000000003	0.18752741793277522
F-	1	383.63799999999998	0.19019207024348803
F-	1	385.30599999999998	0.19280649122697913
F-	1	386.97399999999999	0.19536589694732265
F-	1	388.642	0.19786550346859277
F-	1	390.31	0.20030770275875237
F-	1	391.97800000000001	0.20269249481780141
F-	1	393.64600000000002	0.2050270555496288
F-	1	395.31400000000002	0.20731856085812331
F-	1	396.98200000000003	0.20958136255106255
F-	1	398.64999999999998	0.21182263653233535
F-	1	400.31799999999998	0.21405434264175643
F-	1	401.98599999999999	0.21629083268710333
F-	1	403.654	0.21853689060430201
F-	1	405.322	0.22080447623316715
F-	1	406.99000000000001	0.22310076547758753
F-	1	408.65800000000002	0.22542815030552607
F-	1	410.32499999999999	0.2277890226849458
F-	1	411.99299999999999	0.23018099064788367
F-	1	413.661	0.23260644616230269
F-	1	415.32900000000001	0.23505582135635109
F-	1	416.99700000000001	0.23753150819799182
F-	1	418.66500000000002	0.24002872275129897
F-	1	420.33300000000003	0.24254268108034668
F-	1	422.00099999999998	0.24507099121717207
F-	1	423.66899999999998	0.24761604512973795
F-	1	425.33699999999999	0.25017784281804445
F-	1	427.005	0.25275877625005444
F-	1	428.673	0.25536123739373084
F-	1	430.34100000000001	0.25799001018499956
F-	1	432.00900000000001	0.26064987855978655
F-	1	433.67700000000002	0.26333845055012872
F-	1	435.34500000000003	0.26606529402787793
F-	1	437.01299999999998	0.26882562505710828
F-	1	438.68099999999998	0.27161705166985678
F-	1	440.34899999999999	0.2744347899301976
F-	1	442.017	0.27727644787016781
F-	1	443.685	0.28012767368198982
F-	1	445.35300000000001	0.2829812914617747
F-	1	447.02100000000002	0.28582055743378199
F-	1	448.68900000000002	0.28863829569412286
F-	1	450.35700000000003	0.29141776246705664
F-	1	452.02499999999998	0.29414938988073175
F-	1	453.69299999999998	0.29682361006329627
F-	1	455.36099999999999	0.29943085514289858
F-	1	457.029	0.30196634118361276
F-	1	458.697	0.30442767621747585
F-	1	460.36500000000001	0.30681486024448784
F-	1	462.03300000000002	0.30913267720057469
F-	1	463.70100000000002	0.31138591102166213
F-	1	465.36900000000003	0.31358412957960208
F-	1	467.03699999999998	0.31573450877828324
F-	1	468.70499999999998	0.31784900845752034
F-	1	470.37299999999999	0.31993719648916513
F-	1	472.041	0.32200864074506935
F-	1	473.709	0.32407051712912183
F-	1	475.37700000000001	0.32613000154521132
F-	1	477.04500000000002	0.32818709399333795
F-	1	478.71300000000002	0.33024657840942739
F-	1	480.38099999999997	0.33230367085755402
F-	1	482.04899999999998	0.33435358740179183
F-	1	483.71699999999998	0.33638676017028901
F-	1	485.38499999999999	0.33839122932323101
F-	1	487.053	0.34035742698876592
F-	1	488.721	0.3422710013591162
F-	1	490.38900000000001	0.34411520865854134
F-	1	492.05700000000002	0.34587808904722656
F-	1	493.72500000000002	0.34754768268535724
F-	1	495.39299999999997	0.34910963776515569
F-	1	497.06099999999998	0.35055677838273303
F-	1	498.72899999999998	0.3518819286342007
F-	1	500.39699999999999	0.3530803045836326
F-	1	502.065	0.35414951426306579
F-	1	503.733	0.35509194964046337
F-	1	505.40100000000001	0.35591239465175101
F-	1	507.06900000000002	0.35661084929692888
F-	1	508.73700000000002	0.35719927341581165
F-	1	510.40499999999997	0.35768005897636213
F-	1	512.07299999999998	0.35806516581839509
F-	1	513.74099999999999	0.35835937787783645
F-	1	515.40899999999999	0.35856987105857502
F-	1	517.077	0.35870860520042541
F-	1	518.745	0.35877797227135061
F-	1	520.41300000000001	0.35878754014320235
F-	1	522.08100000000002	0.35874448471986947
F-	1	523.74900000000002	0.35865837387320376
F-	1	525.41700000000003	0.35853399153913096
F-	1	527.08500000000004	0.35838568952542882
F-	1	528.75300000000004	0.35822064373598611
F-	1	530.42100000000005	0.35805320597858042
F-	1	532.08900000000006	0.35789055215710069
F-	1	533.75699999999995	0.3577470340793244
F-	1	535.42499999999995	0.3576370035530293
F-	1	537.09299999999996	0.35756763648210405
F-	1	538.76099999999997	0.35755089270636348
F-	1	540.42899999999997	0.3575939481296963
F-	1	542.09699999999998	0.35770397865599146
F-	1	543.76499999999999	0.35788337625321182
F-	1	545.43299999999999	0.35812974895339444
F-	1	547.101	0.3584383128206135
F-	1	548.76900000000001	0.3588066758869059
F-	1	550.43700000000001	0.35921809437653118
F-	1	552.10500000000002	0.3596630004176376
F-	1	553.77300000000002	0.36012465023448464
F-	1	555.44100000000003	0.36057912414744281
F-	1	557.10900000000004	0.36101207034873461
F-	1	558.77700000000004	0.36139956915873056
F-	1	560.44500000000005	0.36172248483372721
F-	1	562.11300000000006	0.36195928966205798
F-	1	563.78099999999995	0.36209084790001961
F-	1	565.44899999999996	0.3621051997077972
F-	1	567.11699999999996	0.36198560130965035
F-	1	568.78499999999997	0.36172248483372721
F-	1	570.45299999999997	0.36131345831206474
F-	1	572.12099999999998	0.36075612977670024
F-	1	573.78800000000001	0.36005289119559652
F-	1	575.45600000000002	0.35921570240856826
F-	1	577.12400000000002	0.35824934735154129
F-	1	578.79200000000003	0.35717296176821933
F-	1	580.46000000000004	0.35600089746637975
F-	1	582.12800000000004	0.35475468215768913
F-	1	583.79600000000005	0.35345105961788797
F-	1	585.46400000000006	0.35210916559067978
F-	1	587.13199999999995	0.35075052778773108
F-	1	588.79999999999995	0.34938710604885642
F-	1	590.46799999999996	0.34803564414979654
F-	1	592.13599999999997	0.34671049389832898
F-	1	593.80399999999997	0.34541643923037951
F-	1	595.47199999999998	0.34416304801780012
F-	1	597.13999999999999	0.34295271222855356
F-	1	598.80799999999999	0.3417878238306028
F-	1	600.476	0.34066120692005902
F-	1	602.14400000000001	0.33957286149692228
F-	1	603.81200000000001	0.33851800362526663
F-	1	605.48000000000002	0.3374846734652775
F-	1	607.14800000000002	0.33646808708102888
F-	1	608.81600000000003	0.33545628463270616
F-	1	610.48400000000004	0.33444209021642046
F-	1	612.15200000000004	0.3334159359603201
F-	1	613.82000000000005	0.3323658620245904
F-	1	615.48800000000006	0.33128708447330546
F-	1	617.15599999999995	0.33017242740257635
F-	1	618.82399999999996	0.32901710687647739
F-	1	620.49199999999996	0.32782112289500842
F-	1	622.15999999999997	0.3265796915222437
F-	1	623.82799999999997	0.32529520472614598
F-	1	625.49599999999998	0.32397244644264139
F-	1	627.16399999999999	0.32261380863969263
F-	1	628.83199999999999	0.32122407525322572
F-	1	630.5	0.31980803021916648
F-	1	632.16800000000001	0.31838002534529258
F-	1	633.83600000000001	0.31693766866364104
F-	1	635.50400000000002	0.31549770394995241
F-	1	637.17200000000003	0.31406013120422671
F-	1	638.84000000000003	0.31263930223424163
F-	1	640.50800000000004	0.31123521703999707
F-	1	642.17600000000004	0.30986222742927072
F-	1	643.84400000000005	0.30852272537002551
F-	1	645.51199999999994	0.30722388676615026
F-	1	647.17999999999995	0.30597527948949665
F-	1	648.84799999999996	0.30478168747599066
F-	1	650.51599999999996	0.30365267859748396
F-	1	652.18399999999997	0.30258825285397661
F-	1	653.85199999999998	0.30159797811732031
F-	1	655.51999999999998	0.3006818543875151
F-	1	657.18799999999999	0.29984227363252391
F-	1	658.85599999999999	0.29907923585234669
F-	1	660.524	0.29839034907902057
F-	1	662.19200000000001	0.29776843740865672
F-	1	663.86000000000001	0.2972087169053293
F-	1	665.52800000000002	0.29670161969718645
F-	1	667.19600000000003	0.29623757791237648
F-	1	668.86400000000003	0.29580702367904771
F-	1	670.53200000000004	0.29539560518942237
F-	1	672.20000000000005	0.29499375457164878
F-	1	673.86800000000005	0.29459190395387524
F-	1	675.53599999999994	0.29418048546424991
F-	1	677.20399999999995	0.29375471516684698
F-	1	678.87199999999996	0.29330741715777758
F-	1	680.53999999999996	0.29283859143704177
F-	1	682.20799999999997	0.29234584603667657
F-	1	683.87599999999998	0.29183396489260782
F-	1	685.54399999999998	0.29130533997279856
F-	1	687.21199999999999	0.29076714718113755
F-	1	688.88	0.29022656242151357
F-	1	690.548	0.28969315356577841
F-	1	692.21600000000001	0.28917648848578387
F-	1	693.88400000000001	0.28868613505338159
F-	1	695.55200000000002	0.28823405310838629
F-	1	697.22000000000003	0.28782981052264978
F-	1	698.88800000000003	0.28748297516802379
F-	1	700.55600000000004	0.28720072294839716
F-	1	702.22400000000005	0.28699022976765859
F-	1	703.89200000000005	0.2868562795617341
F-	1	705.55999999999995	0.28680126429858654
F-	1	707.22799999999995	0.2868275759461788
F-	1	708.89599999999996	0.28693282253654812
F-	1	710.56399999999996	0.28710982816580549
F-	1	712.23199999999997	0.28735380889802514
F-	1	713.89999999999998	0.2876528048933924
F-	1	715.56799999999998	0.28799724828005546
F-	1	717.23599999999999	0.28837757118616258
F-	1	718.904	0.28877224590004735
F-	1	720.572	0.28917409651782089
F-	1	722.24000000000001	0.28956877123170566
F-	1	723.90800000000002	0.28993952626596103
F-	1	725.57600000000002	0.29027679374873527
F-	1	727.24400000000003	0.29057339777613961
F-	1	728.91200000000003	0.2908221624442851
F-	1	730.58000000000004	0.2910159118492831
F-	1	732.24800000000005	0.2911546459911335
F-	1	733.91600000000005	0.29124314880576219
F-	1	735.58399999999995	0.29128142029316917
F-	1	737.25199999999995	0.29127663635724332
F-	1	738.91899999999998	0.29123836486983629
F-	1	740.58699999999999	0.29117617370279991
F-	1	742.255	0.29110441466391179
F-	1	743.923	0.29103265562502367
F-	1	745.59100000000001	0.29097285642595022
F-	1	747.25900000000001	0.29094176084243201
F-	1	748.92700000000002	0.29094893674632083
F-	1	750.59500000000003	0.2910063439774313
F-	1	752.26300000000003	0.29112355040761528
F-	1	753.93100000000004	0.29131012390872446
F-	1	755.59900000000005	0.2915732403846476
F-	1	757.26700000000005	0.29191529180334774
F-	1	758.93499999999995	0.29233867013278769
F-	1	760.60299999999995	0.29284576734093054
F-	1	762.27099999999996	0.29343179949185033
F-	1	763.93899999999996	0.29409437461758414
F-	1	765.60699999999997	0.29482870878220607
F-	1	767.27499999999998	0.29562523411386443
F-	1	768.94299999999998	0.29647677470867029
F-	1	770.61099999999999	0.297373762694772
F-	1	772.279	0.29829945429642896
F-	1	773.947	0.2992490655777153
F-	1	775.61500000000001	0.30020585276289047
F-	1	777.28300000000002	0.30116024798010266
F-	1	778.95100000000002	0.30209789942157433
F-	1	780.61900000000003	0.3030092392154537
F-	1	782.28700000000003	0.3038799155539631
F-	1	783.95500000000004	0.30470036056525079
F-	1	785.62300000000005	0.30546100637746498
F-	1	787.29100000000005	0.30615228511875403
F-	1	788.95899999999995	0.30676462891726619
F-	1	790.62699999999995	0.30729325383707545
F-	1	792.29499999999996	0.30772859200633013
F-	1	793.96299999999997	0.30807303539299319
F-	1	795.63099999999997	0.30831701612521284
F-	1	797.29899999999998	0.30846531813891498
F-	1	798.96699999999998	0.30851554946613668
F-	1	800.63499999999999	0.3084724940428038
F-	1	802.303	0.30834332777280515
F-	1	803.971	0.30813283459206664
F-	1	805.63900000000001	0.30785297434040287
F-	1	807.30700000000002	0.30751331488966571
F-	1	808.97500000000002	0.30712820804763274
F-	1	810.64300000000003	0.30671200562208151
F-	1	812.31100000000004	0.3062838433567156
F-	1	813.97900000000004	0.30585807305931267
F-	1	815.64700000000005	0.30545622244153914
F-	1	817.31500000000005	0.30509503527913551
F-	1	818.98299999999995	0.30479843125173123
F-	1	820.65099999999995	0.30458315413506681
F-	1	822.31899999999996	0.30446594770488283
F-	1	823.98699999999997	0.30446594770488283
F-	1	825.65499999999997	0.30459272200691856
F-	1	827.32299999999998	0.30485823045080468
F-	1	828.99099999999999	0.30526486500450406
F-	1	830.65899999999999	0.30581501763597985
F-	1	832.327	0.30650151244134299
F-	1	833.995	0.30731238958077894
F-	1	835.66300000000001	0.30823090527854707
F-	1	837.33100000000002	0.30923553182298097
F-	1	838.99900000000002	0.31029517363056247
F-	1	840.66700000000003	0.31138351905369921
F-	1	842.33500000000004	0.3124622966049842
F-	1	844.00300000000004	0.31350280266886221
F-	1	845.67100000000005	0.31446915772588907
F-	1	847.33900000000006	0.31533026619254678
F-	1	849.00699999999995	0.31606220838920573
F-	1	850.67499999999995	0.3166458485721626
F-	1	852.34299999999996	0.31706444296567671
F-	1	854.01099999999997	0.31731320763382226
F-	1	855.67899999999997	0.31739453454456218
F-	1	857.34699999999998	0.31731799156974816
F-	1	859.01499999999999	0.31710032248512082
F-	1	860.68299999999999	0.31676544697030945
F-	1	862.351	0.31633967667290652
F-	1	864.01900000000001	0.31585171520846722
F-	1	865.68700000000001	0.3153326581605097
F-	1	867.35500000000002	0.31481360111255213
F-	1	869.02300000000002	0.31432324768014991
F-	1	870.69100000000003	0.31388312557496933
F-	1	872.35900000000004	0.31351237054071396
F-	1	874.02700000000004	0.31322294241719845
F-	1	875.69500000000005	0.31302680104423752
F-	1	877.36300000000006	0.31292394642183124
F-	1	879.03099999999995	0.31290720264609068
F-	1	880.69899999999996	0.31296939381312705
F-	1	882.36699999999996	0.31309616811516278
F-	1	884.03499999999997	0.31327317374442015
F-	1	885.70299999999997	0.31347888298923282
F-	1	887.37099999999998	0.31369655207386016
F-	1	889.03899999999999	0.31390226131867283
F-	1	890.70699999999999	0.31407926694793026
F-	1	892.375	0.31420604124996593
F-	1	894.04300000000001	0.31426584044903938
F-	1	895.71100000000001	0.31424670470533589
F-	1	897.37900000000002	0.31413189024311489
F-	1	899.04700000000003	0.31391661312645047
F-	1	900.71500000000003	0.3135913054834909
F-	1	902.38199999999995	0.31315596731423617
F-	1	904.04999999999995	0.3126058146827605
F-	1	905.71799999999996	0.31194563152498961
F-	1	907.38599999999997	0.31118020177684952
F-	1	909.05399999999997	0.31031909331019186
F-	1	910.72199999999998	0.3093718739968685
F-	1	912.38999999999999	0.3083528956446569
F-	1	914.05799999999999	0.30727411809337196
F-	1	915.726	0.30615228511875403
F-	1	917.39400000000001	0.30500174852858092
F-	1	919.06200000000001	0.30383925209859308
F-	1	920.73000000000002	0.30267914763656828
F-	1	922.39800000000002	0.30153578695028393
F-	1	924.06600000000003	0.30041873791159196
F-	1	925.73400000000004	0.29933756839234399
F-	1	927.40200000000004	0.29830184626439193
F-	1	929.07000000000005	0.29731157152773557
F-	1	930.73800000000006	0.29636913615033811
F-	1	932.40599999999995	0.29546736422831049
F-	1	934.07399999999996	0.29460147182572699
F-	1	935.74199999999996	0.29376428303869873
F-	1	937.40999999999997	0.29293666212352221
F-	1	939.07799999999997	0.29211143317630861
F-	1	940.74599999999998	0.29126706848539158
F-	1	942.41399999999999	0.29038921624299335
F-	1	944.08199999999999	0.2894635246413364
F-	1	945.75	0.28847085793671717
F-	1	947.41800000000001	0.28740164825728393
F-	1	949.08600000000001	0.28624154379525907
F-	1	950.75400000000002	0.28498576061471664
F-	1	952.42200000000003	0.28362233887584204
F-	1	954.09000000000003	0.28215127857863526
F-	1	955.75800000000004	0.28057257972309624
F-	1	957.42600000000004	0.27888624230922504
F-	1	959.09400000000005	0.27709465830498453
F-	1	960.76199999999994	0.27520021967833774
F-	1	962.42999999999995	0.27321249430113631
F-	1	964.09799999999996	0.2711314821733804
F-	1	965.76599999999996	0.26895957526303277
F-	1	967.43399999999997	0.26670634144194533
F-	1	969.10199999999998	0.26437178071011791
F-	1	970.76999999999998	0.26195589306755063
F-	1	972.43799999999999	0.25946346245016932
F-	1	974.10599999999999	0.25689448885797406
F-	1	975.774	0.25425614819485359
F-	1	977.44200000000001	0.25154604849284495
F-	1	979.11000000000001	0.24877375762379991
F-	1	980.77800000000002	0.2459440595236444
F-	1	982.44600000000003	0.2430665220642301
F-	1	984.11400000000003	0.24014832114944587
F-	1	985.78200000000004	0.23720620055503225
F-	1	987.45000000000005	0.23425212012080396
F-	1	989.11800000000005	0.23129803968657567
F-	1	990.78599999999994	0.22836070302808792
F-	1	992.45399999999995	0.22545685392108133
F-	1	994.12199999999996	0.22260084417333348
F-	1	995.78999999999996	0.21980224165669618
F-	1	997.45799999999997	0.21707539817894697
F-	1	999.12599999999998	0.21442509767601178
F-	1	1000.79	0.21186090801974236
F-	1	1002.46	0.2093828292101387
F-	1	1004.13	0.20698846927923789
F-	1	1005.8	0.20467543625907694
F-	1	1007.47	0.20243416227780411
F-	1	1009.13	0.20025268749560479
F-	1	1010.8	0.1981190520726642
F-	1	1012.47	0.19601651223324176
F-	1	1014.14	0.193928324201597
F-	1	1015.8099999999999	0.19183774420198926
F-	1	1017.47	0.18972324452275219
F-	1	1019.14	0.187572865324071
F-	1	1020.8099999999999	0.18536747086224228
F-	1	1022.48	0.18309175254230314
F-	1	1024.1500000000001	0.18073614249240194
F-	1	1025.8099999999999	0.17828987685670533
F-	1	1027.48	0.17574673651850978
F-	1	1029.1500000000001	0.17310289432907455
F-	1	1030.8199999999999	0.17035643671402925
F-	1	1032.49	0.16750975564133685
F-	1	1034.1500000000001	0.1645654822757566
F-	1	1035.8199999999999	0.16153151011156619
F-	1	1037.49	0.15841477585585811
F-	1	1039.1600000000001	0.15522580416766929
F-	1	1040.8299999999999	0.15197559809962932
F-	1	1042.49	0.14867707427873797
F-	1	1044.1600000000001	0.14534362772558773
F-	1	1045.8299999999999	0.14198817506717842
F-	1	1047.5	0.13862602489847292
F-	1	1049.1700000000001	0.13527057224006364
F-	1	1050.8299999999999	0.13193592970293194
F-	1	1052.5	0.1286371666852443
F-	1	1054.1700000000001	0.12538528623963022
F-	1	1055.8399999999999	0.12219440097707109
F-	1	1057.51	0.11907503555660377
F-	1	1059.1700000000001	0.11603795383406153
F-	1	1060.8399999999999	0.11309248448449982
F-	1	1062.51	0.11024604260860371
F-	1	1064.1800000000001	0.10750604330705837
F-	1	1065.8499999999999	0.10487750971258593
F-	1	1067.51	0.10236498656431596
F-	1	1069.1800000000001	0.099971344223804007
F-	1	1070.8499999999999	0.097698496265420418
F-	1	1072.52	0.095547399476350381
F-	1	1074.1900000000001	0.093517814659797568
F-	1	1075.8499999999999	0.091608306634984274
F-	1	1077.52	0.089816005040354904
F-	1	1079.1900000000001	0.088138039514353977
F-	1	1080.8599999999999	0.086569626121055593
F-	1	1082.53	0.085104067350163543
F-	1	1084.1900000000001	0.083735622478566779
F-	1	1085.8599999999999	0.082455680421598718
F-	1	1087.53	0.081255151701000186
F-	1	1089.2	0.080124707641715726
F-	1	1090.8699999999999	0.079052627600726968
F-	1	1092.53	0.078029104509385855
F-	1	1094.2	0.07704337451185915
F-	1	1095.8699999999999	0.076085391342702507
F-	1	1097.54	0.075144630342879049
F-	1	1099.21	0.074213198018111021
F-	1	1100.8699999999999	0.073283918464509656
F-	1	1102.54	0.072351050958963881
F-	1	1104.21	0.071410768352732981
F-	1	1105.8800000000001	0.070460678677854063
F-	1	1107.55	0.069499825147141911
F-	1	1109.21	0.068529403744578013
F-	1	1110.8800000000001	0.06755037125734753
F-	1	1112.55	0.066565598047006014
F-	1	1114.22	0.065577715278312645
F-	1	1115.8900000000001	0.064590550100008179
F-	1	1117.55	0.063607212070444424
F-	1	1119.22	0.062630332354380577
F-	1	1120.8900000000001	0.061663259706964797
F-	1	1122.5599999999999	0.060707907702567392
F-	1	1124.23	0.059767146702743933
F-	1	1125.8900000000001	0.058841455101086952
F-	1	1127.5599999999999	0.057932985668763162
F-	1	1129.23	0.057042934389753955
F-	1	1130.9000000000001	0.056171540460855693
F-	1	1132.5699999999999	0.055320717456438691
F-	1	1134.23	0.054490943770095529
F-	1	1135.9000000000001	0.05368317618901141
F-	1	1137.5699999999999	0.052897893106778886
F-	1	1139.24	0.052136768900972054
F-	1	1140.9100000000001	0.05140004276838718
F-	1	1142.5699999999999	0.050688193102616873
F-	1	1144.24	0.050002655084438866
F-	1	1145.9100000000001	0.04934342871385318
F-	1	1147.5799999999999	0.048710274794063521
F-	1	1149.24	0.048102954128273596
F-	1	1150.9100000000001	0.047521705913279685
F-	1	1152.5799999999999	0.046966051755489215
F-	1	1154.25	0.046434317277328115
F-	1	1155.9200000000001	0.045926502478796399
F-	1	1157.5799999999999	0.045441172179116314
F-	1	1159.25	0.044976412803917468
F-	1	1160.9200000000001	0.044531028369218448
F-	1	1162.5899999999999	0.044103583694241437
F-	1	1164.26	0.043691926007819813
F-	1	1165.9200000000001	0.04329533771956473
F-	1	1167.5899999999999	0.042911187664716896
F-	1	1169.26	0.042538758252887478
F-	1	1170.9300000000001	0.042176375106502378
F-	1	1172.5999999999999	0.04182236384798757
F-	1	1174.26	0.041476006886954166
F-	1	1175.9300000000001	0.04113730422340215
F-	1	1177.5999999999999	0.040805059873350077
F-	1	1179.27	0.04047975223039052
F-	1	1180.9400000000001	0.040161859688116086
F-	1	1182.5999999999999	0.039851143049730454
F-	1	1184.27	0.0395487982992151
F-	1	1185.9400000000001	0.039255782223755212
F-	1	1187.6099999999999	0.03897305161053595
F-	1	1189.28	0.038701802443538803
F-	1	1190.9400000000001	0.038442034722763745
F-	1	1192.6099999999999	0.038195901219377437
F-	1	1194.28	0.037962445146194686
F-	1	1195.95	0.037742384093604406
F-	1	1197.6199999999999	0.037535000471217689
F-	1	1199.28	0.037340772672627136
F-	1	1200.95	0.037158026320258684
F-	1	1202.6199999999999	0.03698556543013086
F-	1	1204.29	0.036821954821465906
F-	1	1205.96	0.036665520116689762
F-	1	1207.6199999999999	0.036513869347839505
F-	1	1209.29	0.036364849743748477
F-	1	1210.96	0.036216786926842617
F-	1	1212.6300000000001	0.036067528125955296
F-	1	1214.3	0.035915877357105039
F-	1	1215.96	0.035759921045921482
F-	1	1217.6300000000001	0.035598941602015759
F-	1	1219.3	0.035432221434998995
F-	1	1220.97	0.035259999741667464
F-	1	1222.6400000000001	0.035082754915613759
F-	1	1224.3	0.034900726153634196
F-	1	1225.97	0.034716305423691675
F-	1	1227.6400000000001	0.034529971119378812
F-	1	1229.3099999999999	0.034344115208658543
F-	1	1230.98	0.034160651265901204
F-	1	1232.6400000000001	0.033980536078291983
F-	1	1234.3099999999999	0.033805683220201221
F-	1	1235.98	0.03363776706920299
F-	1	1237.6500000000001	0.033477266018889854
F-	1	1239.3199999999999	0.033324180069261827
F-	1	1240.98	0.033179226810707785
F-	1	1242.6500000000001	0.033041449456042565
F-	1	1244.3199999999999	0.032910369611673568
F-	1	1245.99	0.032785030490415631
F-	1	1247.6600000000001	0.032663996911490967
F-	1	1249.3199999999999	0.03254655128451072
F-	1	1250.99	0.032432454412678585
F-	1	1252.6600000000001	0.032320031918420498
F-	1	1254.3299999999999	0.032209762195329061
F-	1	1256	0.032102123636996861
F-	1	1257.6600000000001	0.031997594637016472
F-	1	1259.3299999999999	0.031897610376165668
F-	1	1261	0.031803366838425919
F-	1	1262.6700000000001	0.031716538401371279
F-	1	1264.3399999999999	0.031638321048983203
F-	1	1266	0.031570389158835768
F-	1	1267.6700000000001	0.031512981927725253
F-	1	1269.3399999999999	0.031465860158855379
F-	1	1271.01	0.031429263049022431
F-	1	1272.6800000000001	0.031401037827059761
F-	1	1274.3399999999999	0.031379031721800739
F-	1	1276.01	0.031360852765282408
F-	1	1277.6800000000001	0.031342673808764078
F-	1	1279.3499999999999	0.03132090690030135
F-	1	1281.02	0.031291485694357211
F-	1	1282.6800000000001	0.031252018222968733
F-	1	1284.3499999999999	0.031198198943802626
F-	1	1286.02	0.031128353479284842
F-	1	1287.6900000000001	0.031040807451841314
F-	1	1289.3599999999999	0.030935800058268341
F-	1	1291.02	0.030813570495362212
F-	1	1292.6900000000001	0.030676271534289579
F-	1	1294.3599999999999	0.030526295143013381
F-	1	1296.03	0.03036722927347801
F-	1	1297.7	0.03020361866481306
F-	1	1299.3599999999999	0.030039529662555516
F-	1	1301.03	0.029880463793020146
F-	1	1302.7	0.029730487401743937
F-	1	1304.3699999999999	0.029593666834263895
F-	1	1306.04	0.029474546829709583
F-	1	1307.7	0.029374801765655077
F-	1	1309.3699999999999	0.029297062806859595
F-	1	1311.04	0.02924180834691573
F-	1	1312.71	0.02920903838582348
F-	1	1314.3800000000001	0.029197556939601375
F-	1	1316.04	0.029204972040286478
F-	1	1317.71	0.029228652523119569
F-	1	1319.3800000000001	0.029264532042563639
F-	1	1321.05	0.029309022646674281
F-	1	1322.72	0.029357579596321917
F-	1	1324.3800000000001	0.029406854136358442
F-	1	1326.05	0.029452301527654264
F-	1	1327.72	0.029490812211857561
F-	1	1329.3900000000001	0.02952119020498687
F-	1	1331.0599999999999	0.029539847555097788
F-	1	1332.72	0.029547262655782891
F-	1	1334.3900000000001	0.0295434355070422
F-	1	1336.0599999999999	0.029528366108875687
F-	1	1337.73	0.029503250445264844
F-	1	1339.4000000000001	0.029470958877765175
F-	1	1341.0599999999999	0.029433165783950763
F-	1	1342.73	0.029391784738191932
F-	1	1344.4000000000001	0.02934896851165535
F-	1	1346.0699999999999	0.029306869875507641
F-	1	1347.74	0.029265967223341401
F-	1	1349.4000000000001	0.029228174129526979
F-	1	1351.0699999999999	0.029193490594064387
F-	1	1352.74	0.029161438223361012
F-	1	1354.4100000000001	0.029131299427027999
F-	1	1356.0799999999999	0.029102835008269032
F-	1	1357.74	0.029074370589510075
F-	1	1359.4100000000001	0.029045427777158527
F-	1	1361.0799999999999	0.029013853800047743
F-	1	1362.75	0.028980127051770322
F-	1	1364.4200000000001	0.028943051548344784
F-	1	1366.0799999999999	0.028903584076956305
F-	1	1367.75	0.028861724637604894
F-	1	1369.4200000000001	0.028819147607864599
F-	1	1371.0899999999999	0.028776092184531719
F-	1	1372.76	0.028735428729161776
F-	1	1374.4200000000001	0.028698592422532535
F-	1	1376.0899999999999	0.028667018445421751
F-	1	1377.76	0.028643577159384963
F-	1	1379.4300000000001	0.028628029367625863
F-	1	1381.0999999999999	0.02862300623490369
F-	1	1382.76	0.028628029367625863
F-	1	1384.4300000000001	0.028643816356181261
F-	1	1386.0999999999999	0.028670606397366159
F-	1	1387.77	0.02870696431040282
F-	1	1389.4400000000001	0.02875336848888381
F-	1	1391.0999999999999	0.028807666161642504
F-	1	1392.77	0.028869378935086294
F-	1	1394.4400000000001	0.02893778921882632
F-	1	1396.1099999999999	0.029012179422473687
F-	1	1397.78	0.029092549546028405
F-	1	1399.4400000000001	0.029178899589490465
F-	1	1401.1099999999999	0.029271229552859868
F-	1	1402.78	0.029370496223321781
F-	1	1404.45	0.0294776563880614
F-	1	1406.1199999999999	0.029594145227856476
F-	1	1407.78	0.029721637120281072
F-	1	1409.45	0.029860849655724053
F-	1	1411.1199999999999	0.03001417480214837
F-	1	1412.79	0.030181851756350318
F-	1	1414.46	0.03036507650231136
F-	1	1416.1199999999999	0.030563849040031496
F-	1	1417.79	0.030777930172714438
F-	1	1419.46	0.031007559097156481
F-	1	1421.1300000000001	0.031249865451802084
F-	1	1422.8	0.031503653252669801
F-	1	1424.46	0.031766052138204083
F-	1	1426.1300000000001	0.032033474156460538
F-	1	1427.8	0.032303048945883643
F-	1	1429.47	0.032570710160936392
F-	1	1431.1400000000001	0.032832630652878086
F-	1	1432.8	0.033084983272968042
F-	1	1434.47	0.033324658462854422
F-	1	1436.1400000000001	0.0335487858609817
F-	1	1437.8099999999999	0.033754734302590655
F-	1	1439.48	0.033940590213310924
F-	1	1441.1400000000001	0.03410635359314252
F-	1	1442.8099999999999	0.034251306851696549
F-	1	1444.48	0.034377124366547093
F-	1	1446.1500000000001	0.034484762924879293
F-	1	1447.8199999999999	0.034577092888248694
F-	1	1449.48	0.034656745421414524
F-	2	1471.1700000000001	0.035684334858292643
F-	2	1472.8399999999999	0.035776664821662051
F-	2	1474.5	0.035863493258716697
F-	2	1476.1700000000001	0.035942667398289933
F-	2	1477.8399999999999	0.036012752059604018
F-	2	1479.51	0.036074704029844112
F-	2	1481.1700000000001	0.036128762505806503
F-	2	1482.8399999999999	0.036178276242639321
F-	2	1484.51	0.036225398011509202
F-	2	1486.1800000000001	0.036275150945138307
F-	2	1487.8499999999999	0.036332079782656228
F-	2	1489.51	0.036401446853581425
F-	2	1491.1800000000001	0.036488036093839778
F-	2	1492.8499999999999	0.036597349029746033
F-	2	1494.52	0.036733930400429791
F-	2	1496.1900000000001	0.036900172173853982
F-	2	1497.8499999999999	0.037099423105166708
F-	2	1499.52	0.037332400784756851
F-	2	1501.1900000000001	0.037598148425439251
F-	2	1502.8599999999999	0.037896187633621313
F-	2	1504.53	0.038222452063766038
F-	2	1506.1900000000001	0.038573832157521616
F-	2	1507.8599999999999	0.038945783175758461
F-	2	1509.53	0.039333999576143287
F-	2	1511.2	0.039733697422750201
F-	2	1512.8699999999999	0.040140092779653344
F-	2	1514.53	0.040550315285297192
F-	2	1516.2	0.040961733774922508
F-	2	1517.8699999999999	0.04137243467415895
F-	2	1519.54	0.041781939589413918
F-	2	1521.21	0.042191922898261486
F-	2	1522.8699999999999	0.042603102191090494
F-	2	1524.54	0.04301930461664169
F-	2	1526.21	0.043442922142877996
F-	2	1527.8800000000001	0.043878260312132697
F-	2	1529.55	0.044329146273146484
F-	2	1531.21	0.044798211190678602
F-	2	1532.8800000000001	0.045289521410266036
F-	2	1534.55	0.045805229703075448
F-	2	1536.22	0.046346771249884587
F-	2	1537.8900000000001	0.046914385247489761
F-	2	1539.55	0.047509028483076102
F-	2	1541.22	0.048127830595088142
F-	2	1542.8900000000001	0.048769834796340672
F-	2	1544.5599999999999	0.049431453134889294
F-	2	1546.23	0.050109336855585891
F-	2	1547.8900000000001	0.05079894121930089
F-	2	1549.5599999999999	0.051496678274089866
F-	2	1551.23	0.052197285690434386
F-	2	1552.9000000000001	0.052897175516390012
F-	2	1554.5699999999999	0.053592520603216051
F-	2	1556.23	0.054279732998968121
F-	2	1557.9000000000001	0.054956420735683228
F-	2	1559.5699999999999	0.055621627026176269
F-	2	1561.24	0.05627439508326202
F-	2	1562.9100000000001	0.056914964103736775
F-	2	1564.5699999999999	0.057545726055563497
F-	2	1566.24	0.058170029693890297
F-	2	1567.9100000000001	0.058791223773865274
F-	2	1569.5799999999999	0.059415049018599481
F-	2	1571.25	0.060047963741592832
F-	2	1572.9100000000001	0.060697143846734178
F-	2	1574.5799999999999	0.061369765237912322
F-	2	1576.25	0.0620749173933864
F-	2	1577.9200000000001	0.062820733004230439
F-	2	1579.5899999999999	0.063615105564722121
F-	2	1581.25	0.064466646159528004
F-	2	1582.9200000000001	0.065382052298944324
F-	2	1584.5899999999999	0.066368499886859916
F-	2	1586.26	0.067431968843182102
F-	2	1587.9300000000001	0.068577243103836769
F-	2	1589.5899999999999	0.0698083890143609
F-	2	1591.26	0.07112755934592116
F-	2	1592.9300000000001	0.072536906869684156
F-	2	1594.5999999999999	0.074036670782446218
F-	2	1596.27	0.075627090281003617
F-	2	1597.9300000000001	0.077306251790986019
F-	2	1599.5999999999999	0.079072720131615662
F-	2	1601.27	0.080924103334929581
F-	2	1602.9400000000001	0.08285705264577968
F-	2	1604.6099999999999	0.084868936899406749
F-	2	1606.27	0.08695545055347749
F-	2	1607.9400000000001	0.089113244852843762
F-	2	1609.6099999999999	0.091337535861579694
F-	2	1611.28	0.093625453218129776
F-	2	1612.95	0.095973408970549623
F-	2	1614.6099999999999	0.09837733677330221
F-	2	1616.28	0.1008350838552209
F-	2	1617.95	0.10334401905154643
F-	2	1619.6199999999999	0.10590222878790852
F-	2	1621.29	0.10850899547391822
F-	2	1622.95	0.11116407991277928
F-	2	1624.6199999999999	0.11386963487565835
F-	2	1626.29	0.11662661714974054
F-	2	1627.96	0.11943909308056293
F-	2	1629.6300000000001	0.12231160740725504
F-	2	1631.29	0.12525014004972423
F-	2	1632.96	0.12826091012467417
F-	2	1634.6300000000001	0.1313522895199751
F-	2	1636.3	0.13453288932029361
F-	2	1637.97	0.13781108141349999
F-	2	1639.6300000000001	0.14119715126183488
F-	2	1641.3	0.14469970994996484
F-	2	1642.97	0.14832808615294532
F-	2	1644.6400000000001	0.15209041256185032
F-	2	1646.3099999999999	0.15599482186775387
F-	2	1647.97	0.16004801158095211
F-	2	1649.6400000000001	0.16425428724377841
F-	2	1651.3099999999999	0.16861843279215857
F-	2	1652.98	0.17314188340687039
F-	2	1654.6500000000001	0.17782583507189542
F-	2	1656.3099999999999	0.18266837421286314
F-	2	1657.98	0.18766615207462559
F-	2	1659.6500000000001	0.19281605909883087
F-	2	1661.3199999999999	0.19811187616877535
F-	2	1662.99	0.20354164344464437
F-	2	1664.6500000000001	0.20909818502254912
F-	2	1666.3199999999999	0.21476954106267485
F-	2	1667.99	0.22054375172520693
F-	2	1669.6600000000001	0.22640168126644181
F-	2	1671.3299999999999	0.23233376181452778
F-	2	1672.99	0.23832324959372428
F-	2	1674.6600000000001	0.24434861689236481
F-	2	1676.3299999999999	0.25040029583859769
F-	2	1678	0.25645675872075641
F-	2	1679.6700000000001	0.26250843766698928
F-	2	1681.3299999999999	0.26853858890155569
F-	2	1683	0.27453764455260393
F-	2	1684.6700000000001	0.28049842871624514
F-	2	1686.3399999999999	0.28641376548859054
F-	2	1688.01	0.29227647896575132
F-	2	1689.6700000000001	0.29809135308365337
F-	2	1691.3399999999999	0.30385599587433365
F-	2	1693.01	0.30957519127371819
F-	2	1694.6800000000001	0.31524893928180686
F-	2	1696.3499999999999	0.3208844158024885
F-	2	1698.01	0.32648401280372613
F-	2	1699.6800000000001	0.3320477302855197
F-	2	1701.3499999999999	0.33757317627990618
F-	2	1703.02	0.34306035078688574
F-	2	1704.6900000000001	0.34849729396664358
F-	2	1706.3499999999999	0.35386965401140202
F-	2	1708.02	0.35916307911338358
F-	2	1709.6900000000001	0.36435604156092177
F-	2	1711.3599999999999	0.36941983773846132
F-	2	1713.03	0.37432815599840985
F-	2	1714.6900000000001	0.37904272485336049
F-	2	1716.3599999999999	0.38353484068775784
F-	2	1718.03	0.38776623201419491
F-	2	1719.7	0.39170101931322782
F-	2	1721.3699999999999	0.39530571503337525
F-	2	1723.03	0.39855161555908197
F-	2	1724.7	0.40141240924275562
F-	2	1726.3699999999999	0.40385700050087808
F-	2	1728.04	0.40588060539752358
F-	2	1729.71	0.40746648015695136
F-	2	1731.3699999999999	0.40861462477916161
F-	2	1733.04	0.40932982320007993
F-	2	1734.71	0.40961446738766966
F-	2	1736.3800000000001	0.4094948689895227
F-	2	1738.05	0.40899255571730575
F-	2	1739.71	0.40812427134675933
F-	2	1741.3800000000001	0.40692350342936445
F-	2	1743.05	0.40542613148456541
F-	2	1744.72	0.40366085912791727
F-	2	1746.3900000000001	0.40165160603904937
F-	2	1748.05	0.39943185976944307
F-	2	1749.72	0.3970183640948387
F-	2	1751.3900000000001	0.39443503869486585
F-	2	1753.0599999999999	0.3916914514413759
F-	2	1754.73	0.3887899943023323
F-	2	1756.3900000000001	0.38573066727773481
F-	2	1758.0599999999999	0.38250629446369455
F-	2	1759.73	0.37910491602039681
F-	2	1761.4000000000001	0.37550978817210118
F-	2	1763.0699999999999	0.371701775175104
F-	2	1764.73	0.36765934931773897
F-	2	1766.4000000000001	0.36336576682426552
F-	2	1768.0699999999999	0.3587971080150541
F-	2	1769.74	0.35393902108232728
F-	2	1771.4100000000001	0.3487819381542332
F-	2	1773.0699999999999	0.34332107529484596
F-	2	1774.74	0.33755404053620275
F-	2	1776.4100000000001	0.33148800978219217
F-	2	1778.0799999999999	0.3251325509046662
F-	2	1779.75	0.31850919161529123
F-	2	1781.4100000000001	0.31163706765777066
F-	2	1783.0799999999999	0.30454727461562275
F-	2	1784.75	0.29726373216847685
F-	2	1786.4200000000001	0.28982471180374003
F-	2	1788.0899999999999	0.28225891713696749
F-	2	1789.75	0.27460222768760328
F-	2	1791.4200000000001	0.26688573903916563
F-	2	1793.0899999999999	0.25914054677517273
F-	2	1794.76	0.25139535451117984
F-	2	1796.4300000000001	0.2436740819268163
F-	2	1798.0899999999999	0.23600304066967448
F-	2	1799.76	0.22839897451549493
F-	2	1801.4300000000001	0.22088101920798114
F-	2	1803.0999999999999	0.21346352655491074
F-	2	1804.76	0.20615845639609842
F-	2	1806.4300000000001	0.1989777685713589
F-	2	1808.0999999999999	0.19193103095254385
F-	2	1809.77	0.18502781141150507
F-	2	1811.4400000000001	0.17827432906494625
F-	2	1813.0999999999999	0.17167728142316352
F-	2	1814.77	0.1652443227836384
F-	2	1816.4400000000001	0.15898215065666696
F-	2	1818.1099999999999	0.15289698415895298
F-	2	1819.78	0.14699432481681113
F-	2	1821.4400000000001	0.14128039174694509
F-	2	1823.1099999999999	0.13575925129489186
F-	2	1824.78	0.13043473060939212
F-	2	1826.45	0.1253097000520014
F-	2	1828.1199999999999	0.12038535560670115
F-	2	1829.78	0.11566217566708401
F-	2	1831.45	0.11113872505237214
F-	2	1833.1199999999999	0.10681285099139898
F-	2	1834.79	0.10268120472901635
F-	2	1836.46	0.098738284738909526
F-	2	1838.1199999999999	0.094979785478745235
F-	2	1839.79	0.091398531044634607
F-	2	1841.46	0.087987823926281461
F-	2	1843.1300000000001	0.084740966613389562
F-	2	1844.8	0.081650544005273815
F-	2	1846.46	0.07870818421406392
F-	2	1848.1300000000001	0.075907189729463642
F-	2	1849.8	0.073239906253991599
F-	2	1851.47	0.070698918686962681
F-	2	1853.1400000000001	0.068277768714876952
F-	2	1854.8	0.065969758827438177
F-	2	1856.47	0.063767952317553847
F-	2	1858.1400000000001	0.061667804446094383
F-	2	1859.8099999999999	0.05966261770276355
F-	2	1861.48	0.057748086545228054
F-	2	1863.1400000000001	0.05591870944717315
F-	2	1864.8099999999999	0.054170420063061851
F-	2	1866.48	0.052498673653764559
F-	2	1868.1500000000001	0.050899403873744281
F-	2	1869.8199999999999	0.049368783574260312
F-	2	1871.48	0.047902507212979409
F-	2	1873.1500000000001	0.046496508444364502
F-	2	1874.8199999999999	0.045147677710063838
F-	2	1876.49	0.043851231074151481
F-	2	1878.1600000000001	0.042604058978275676
F-	2	1879.8199999999999	0.04140233427369569
F-	2	1881.49	0.04024222981167079
F-	2	1883.1600000000001	0.039121353624238103
F-	2	1884.8299999999999	0.038036596153045769
F-	2	1886.5	0.036986043823723447
F-	2	1888.1600000000001	0.035968261455493367
F-	2	1889.8299999999999	0.034981813867577788
F-	2	1891.5	0.034026222666384096
F-	2	1893.1700000000001	0.033101966245504898
F-	2	1894.8399999999999	0.032208805408143887
F-	2	1896.5	0.031347218547893657
F-	2	1898.1700000000001	0.030518401648735677
F-	2	1899.8399999999999	0.029722593907466243
F-	2	1901.51	0.02896051291447423
F-	2	1903.1800000000001	0.02823215866975964
F-	2	1904.8399999999999	0.027537770370118776
F-	2	1906.51	0.026876630425162737
F-	2	1908.1800000000001	0.026248021244502661
F-	2	1909.8499999999999	0.025650029253768192
F-	2	1911.52	0.025082176059366731
F-	2	1913.1800000000001	0.024543026480520536
F-	2	1914.8499999999999	0.024029949352470353
F-	2	1916.52	0.023542944675216195
F-	2	1918.1900000000001	0.023080098874387719
F-	2	1919.8599999999999	0.022641890343577494
F-	2	1921.52	0.022226883902007773
F-	2	1923.1900000000001	0.021835797140067423
F-	2	1924.8599999999999	0.02146982604173793
F-	2	1926.53	0.021128731410222982
F-	2	1928.2	0.020814426819892946
F-	2	1929.8599999999999	0.020527151467544105
F-	2	1931.53	0.020268579730750521
F-	2	1933.2	0.020037754822327013
F-	2	1934.8699999999999	0.01983539433266247
F-	2	1936.54	0.019660302277775415
F-	2	1938.2	0.019511761067276975
F-	2	1939.8699999999999	0.019387378733204199
F-	2	1941.54	0.019285002504390455
F-	2	1943.21	0.019201522822483927
F-	2	1944.8800000000001	0.019133830129132789
F-	2	1946.54	0.019078814865985217
F-	2	1948.21	0.019031932293911636
F-	2	1949.8800000000001	0.018991508035337976
F-	2	1951.55	0.018953236547930973
F-	2	1953.22	0.01891544345411655
F-	2	1954.8800000000001	0.018875019195542901
F-	2	1956.55	0.018831006985024844
F-	2	1958.22	0.018780775657803148
F-	2	1959.8900000000001	0.018724803607470406
F-	2	1961.5599999999999	0.018660698866063665
F-	2	1963.22	0.018589657417564413
F-	2	1964.8900000000001	0.01851096167158376
F-	2	1966.5599999999999	0.018424372431325404
F-	2	1968.23	0.018329650499993071
F-	2	1969.9000000000001	0.018227274271179327
F-	2	1971.5599999999999	0.018117961335273061
F-	2	1973.23	0.018001472495477986
F-	2	1974.9000000000001	0.017878286145386686
F-	2	1976.5699999999999	0.017748402284999156
F-	2	1978.24	0.017613256095093163
F-	2	1979.9000000000001	0.017472847575668714
F-	2	1981.5699999999999	0.017327894317114671
F-	2	1983.24	0.017179353106616235
F-	2	1984.9100000000001	0.017027702337765977
F-	2	1986.5799999999999	0.01687437719134165
F-	2	1988.24	0.016719616864139576
F-	2	1989.9100000000001	0.016564138946548602
F-	2	1991.5799999999999	0.016407943438568766
F-	2	1993.25	0.016251508733792622
F-	2	1994.9200000000001	0.016094595635423897
F-	2	1996.5799999999999	0.015936725749869995
F-	2	1998.25	0.015777181486742044
F-	2	1999.9200000000001	0.015614288468465968
F-	2	2001.5899999999999	0.01544852508863438
F-	2	2003.26	0.015278216969673202
F-	2	2004.9200000000001	0.015102168127600967
F-	2	2006.5899999999999	0.014920856956010278
F-	2	2008.26	0.014733565864512235
F-	2	2009.9300000000001	0.014540773246699442
F-	2	2011.5999999999999	0.014343675086553364
F-	2	2013.26	0.014144424155240639
F-	2	2014.9300000000001	0.01394541242072421
F-	2	2016.5999999999999	0.013748792654170712
F-	2	2018.27	0.013558631201117145
F-	2	2019.9400000000001	0.013378037619915331
F-	2	2021.5999999999999	0.013210839059305982
F-	2	2023.27	0.013060145077640896
F-	2	2024.9400000000001	0.012929304430068185
F-	2	2026.6099999999999	0.01282046988775451
F-	2	2028.28	0.01273507663147763
F-	2	2029.9400000000001	0.012674320645219003
F-	2	2031.6099999999999	0.012637245141793468
F-	2	2033.28	0.012623610924404728
F-	2	2034.95	0.012631026025089831
F-	2	2036.6199999999999	0.01265638088549698
F-	2	2038.28	0.012696805144070629
F-	2	2039.95	0.012748471652070086
F-	2	2041.6199999999999	0.012806596473569475
F-	2	2043.29	0.012867591656624388
F-	2	2044.96	0.012927630052494128
F-	2	2046.6199999999999	0.012982884512437995
F-	2	2048.29	0.013030245478104167
F-	2	2049.96	0.013067320981529703
F-	2	2051.6300000000001	0.013092197448344261
F-	2	2053.3000000000002	0.013104157288158943
F-	2	2054.96	0.013102482910584887
F-	2	2056.6300000000001	0.013087174315622089
F-	2	2058.3000000000002	0.013059666684048305
F-	2	2059.9699999999998	0.013020677606252416
F-	2	2061.6399999999999	0.012972120656604778
F-	2	2063.3000000000002	0.012915191819086855
F-	2	2064.9699999999998	0.012852522258457885
F-	2	2066.6399999999999	0.012786264745884497
F-	2	2068.3099999999999	0.012717854462144481
F-	2	2069.98	0.012649204981608162
F-	2	2071.6399999999999	0.012582708272238487
F-	2	2073.3099999999999	0.012518603530831746
F-	2	2074.98	0.012459043528554595
F-	2	2076.6500000000001	0.012404267462203321
F-	2	2078.3200000000002	0.012354992922166795
F-	2	2079.98	0.012311459105241328
F-	2	2081.6500000000001	0.012273666011426916
F-	2	2083.3200000000002	0.01224113524713096
F-	2	2084.9899999999998	0.012214106009149754
F-	2	2086.6599999999999	0.012191382313501845
F-	2	2088.3200000000002	0.012173203356983525
F-	2	2089.9899999999998	0.012157655565224423
F-	2	2091.6599999999999	0.012145217331817148
F-	2	2093.3299999999999	0.012134453475983922
F-	2	2095	0.012125124800928467
F-	2	2096.6599999999999	0.012116274519465602
F-	2	2098.3299999999999	0.012107902631595318
F-	2	2100	0.012098813153336148
F-	3	2900.6300000000001	0.019817215376144139
F-	3	2902.3000000000002	0.019732300513459849
F-	3	2903.9699999999998	0.019652647980294018
F-	3	2905.6399999999999	0.019581128138202172
F-	3	2907.3099999999999	0.019519893758350965
F-	3	2908.9699999999998	0.019469423234332973
F-	3	2910.6399999999999	0.019432586927703725
F-	3	2912.3099999999999	0.019408188854481756
F-	3	2913.98	0.019397424998648539
F-	3	2915.6500000000001	0.019398860179426301
F-	3	2917.3099999999999	0.019412255200018755
F-	3	2918.98	0.019435218092462962
F-	3	2920.6500000000001	0.019466792069573736
F-	3	2922.3200000000002	0.01950554195057333
F-	3	2923.9899999999998	0.019548597373906216
F-	3	2925.6500000000001	0.019595240749183503
F-	3	2927.3200000000002	0.019643319305238553
F-	3	2928.9899999999998	0.019691876254886199
F-	3	2930.6599999999999	0.019739476417348658
F-	3	2932.3299999999999	0.019786119792625945
F-	3	2933.9899999999998	0.019831327987125478
F-	3	2935.6599999999999	0.019875340197643528
F-	3	2937.3299999999999	0.019919591604957883
F-	3	2939	0.019964321405864814
F-	3	2940.6700000000001	0.020010964781142112
F-	3	2942.3299999999999	0.020061674501956388
F-	3	2944	0.020118124945881732
F-	3	2945.6700000000001	0.020182229687288462
F-	3	2947.3400000000001	0.020255663103750658
F-	3	2949.0100000000002	0.020340577966434948
F-	3	2950.6700000000001	0.0204388878497117
F-	3	2952.3400000000001	0.020551310343969776
F-	3	2954.0100000000002	0.020679280629986963
F-	3	2955.6799999999998	0.020823277101355821
F-	3	2957.3499999999999	0.020983060561280065
F-	3	2959.0100000000002	0.021158631009759711
F-	3	2960.6799999999998	0.021348074872424391
F-	3	2962.3499999999999	0.021549717771700058
F-	3	2964.02	0.021762363723605238
F-	3	2965.6900000000001	0.021982424776195521
F-	3	2967.3499999999999	0.022207508961507975
F-	3	2969.02	0.022433789130801896
F-	3	2970.6900000000001	0.022659112512910654
F-	3	2972.3600000000001	0.022880130352686108
F-	3	2974.0300000000002	0.023093972288572753
F-	3	2975.6900000000001	0.023298007155811366
F-	3	2977.3600000000001	0.023490560576827864
F-	3	2979.0300000000002	0.023670675764437089
F-	3	2980.6999999999998	0.023837874325046447
F-	3	2982.3699999999999	0.023992395455452228
F-	3	2984.0300000000002	0.024135195942839621
F-	3	2985.6999999999998	0.024267710967986376
F-	3	2987.3699999999999	0.024392571695651736
F-	3	2989.04	0.024512170093798639
F-	3	2990.71	0.024629615720778882
F-	3	2992.3699999999999	0.024748257331740603
F-	3	2994.04	0.024870247697850439
F-	3	2995.71	0.024998696377460206
F-	3	2997.3800000000001	0.025135038551347667
F-	3	2999.0500000000002	0.025281426990679458
F-	3	3000.71	0.025437383301863011
F-	3	3002.3800000000001	0.025602429091305723
F-	3	3004.0500000000002	0.02577632516221131
F-	3	3005.7199999999998	0.025955483562635363
F-	3	3007.3899999999999	0.026138229915003815
F-	3	3009.0500000000002	0.026320497873779675
F-	3	3010.7199999999998	0.026499177880611138
F-	3	3012.3899999999999	0.026670681983553782
F-	3	3014.0599999999999	0.026831661427459505
F-	3	3015.73	0.026979724244365365
F-	3	3017.3899999999999	0.027112239269512121
F-	3	3019.0599999999999	0.027228249715714616
F-	3	3020.73	0.027327994779769119
F-	3	3022.4000000000001	0.027412431248860829
F-	3	3024.0700000000002	0.027482994303767491
F-	3	3025.73	0.027543989486822414
F-	3	3027.4000000000001	0.027598287159581097
F-	3	3029.0700000000002	0.027650671257969443
F-	3	3030.7399999999998	0.027705925717913308
F-	3	3032.4099999999999	0.027768595278542276
F-	3	3034.0700000000002	0.027843703072578531
F-	3	3035.7399999999998	0.027935793839151637
F-	3	3037.4099999999999	0.028048694727002312
F-	3	3039.0799999999999	0.028185515294482353
F-	3	3040.75	0.028347929919165838
F-	3	3042.4099999999999	0.028537612978626812
F-	3	3044.0799999999999	0.028755521260050459
F-	3	3045.75	0.029000458779455299
F-	3	3047.4200000000001	0.029271707946452449
F-	3	3049.0900000000001	0.029566398399486403
F-	3	3050.75	0.029882616564186795
F-	3	3052.4200000000001	0.030217013685405504
F-	3	3054.0900000000001	0.030565523417605552
F-	3	3055.7600000000002	0.03092479700563883
F-	3	3057.4299999999998	0.031290289710375736
F-	3	3059.0900000000001	0.031657456792686708
F-	3	3060.7600000000002	0.032022471103831031
F-	3	3062.4299999999998	0.032380787904679124
F-	3	3064.0999999999999	0.032729058440082878
F-	3	3065.77	0.033063216364505307
F-	3	3067.4299999999998	0.033380630513187161
F-	3	3069.0999999999999	0.03367914811496181
F-	3	3070.77	0.033956616398662605
F-	3	3072.4400000000001	0.034212078577104371
F-	3	3074.1100000000001	0.034446013043879696
F-	3	3075.77	0.034658180602192286
F-	3	3077.4400000000001	0.034849777236023616
F-	3	3079.1100000000001	0.035023194913336608
F-	3	3080.7800000000002	0.035180108011705333
F-	3	3082.4499999999998	0.035323626089481613
F-	3	3084.1100000000001	0.03545661950822096
F-	3	3085.7800000000002	0.035581480235886316
F-	3	3087.4499999999998	0.035701557027625799
F-	3	3089.1199999999999	0.035819481048198633
F-	3	3090.79	0.035938122659160354
F-	3	3092.4499999999998	0.036058917041288711
F-	3	3094.1199999999999	0.036184495359342962
F-	3	3095.79	0.036316053597304547
F-	3	3097.46	0.036455983723136416
F-	3	3099.1300000000001	0.036605481720820024
F-	3	3100.79	0.036765982771133153
F-	3	3102.46	0.036938922054853572
F-	3	3104.1300000000001	0.037125734752759022
F-	3	3105.8000000000002	0.037327856045627272
F-	3	3107.4699999999998	0.037547917098217559
F-	3	3109.1300000000001	0.037786396304122463
F-	3	3110.8000000000002	0.038045924828101228
F-	3	3112.4699999999998	0.038327937850931602
F-	3	3114.1399999999999	0.038633392159798774
F-	3	3115.8000000000002	0.038963962132276792
F-	3	3117.4699999999998	0.03932060455555083
F-	3	3119.1399999999999	0.039704754610398657
F-	3	3120.8099999999999	0.040115694706431386
F-	3	3122.48	0.040553903237241611
F-	3	3124.1399999999999	0.041019380202829317
F-	3	3125.8099999999999	0.041510690422416771
F-	3	3127.48	0.04202687710881875
F-	3	3129.1500000000001	0.04256626588446126
F-	3	3130.8200000000002	0.043127421568566492
F-	3	3132.48	0.043706995405986326
F-	3	3134.1500000000001	0.044303313019146751
F-	3	3135.8200000000002	0.044913264849695919
F-	3	3137.4899999999998	0.045533023748893113
F-	3	3139.1599999999999	0.046159958551979137
F-	3	3140.8200000000002	0.046790002913416978
F-	3	3142.4899999999998	0.047420047274854826
F-	3	3144.1599999999999	0.048046025290755662
F-	3	3145.8299999999999	0.048664827402767702
F-	3	3147.5	0.04927406164292799
F-	3	3149.1599999999999	0.0498706184528847
F-	3	3150.8299999999999	0.050453541045452646
F-	3	3152.5	0.051021394239854106
F-	3	3154.1700000000001	0.051574417232885361
F-	3	3155.8400000000001	0.052113566811731564
F-	3	3157.5	0.052641474141151945
F-	3	3159.1700000000001	0.053160291992313181
F-	3	3160.8400000000001	0.053674325907548538
F-	3	3162.5100000000002	0.054186924642006119
F-	3	3164.1799999999998	0.054703111328408119
F-	3	3165.8400000000001	0.05522814829627299
F-	3	3167.5100000000002	0.055766101891137711
F-	3	3169.1799999999998	0.056321756048928182
F-	3	3170.8499999999999	0.056899416311977695
F-	3	3172.52	0.057501474648249166
F-	3	3174.1799999999998	0.0581310406160944
F-	3	3175.8499999999999	0.058789310199494911
F-	3	3177.52	0.059477240185635848
F-	3	3179.1900000000001	0.060194352180924629
F-	3	3180.8600000000001	0.060940885382157542
F-	3	3182.52	0.061714447821371664
F-	3	3184.1900000000001	0.062514321908178086
F-	3	3185.8600000000001	0.063338115674613907
F-	3	3187.5300000000002	0.064184154743105043
F-	3	3189.1999999999998	0.065050764736077432
F-	3	3190.8600000000001	0.065936032079160753
F-	3	3192.5300000000002	0.066838043197984628
F-	3	3194.1999999999998	0.067756080502160199
F-	3	3195.8699999999999	0.068689426401298562
F-	3	3197.54	0.069637363305010844
F-	3	3199.1999999999998	0.070599412819704471
F-	3	3200.8699999999999	0.071576292535768291
F-	3	3202.54	0.072566328075628295
F-	3	3204.21	0.073571193816858491
F-	3	3205.8800000000001	0.074590172169070046
F-	3	3207.54	0.075622545541874045
F-	3	3209.21	0.076667835541677887
F-	3	3210.8800000000001	0.077725563774889025
F-	3	3212.5500000000002	0.078793816667137098
F-	3	3214.2199999999998	0.079871637431236903
F-	3	3215.8800000000001	0.080955677312040356
F-	3	3217.5500000000002	0.082044501128769681
F-	3	3219.2199999999998	0.083134520929480496
F-	3	3220.8899999999999	0.084223823139802409
F-	3	3222.5599999999999	0.085310015791772484
F-	3	3224.2199999999998	0.08639094611422414
F-	3	3225.8899999999999	0.087464939729583233
F-	3	3227.5599999999999	0.088532475031442431
F-	3	3229.23	0.089592834429412793
F-	3	3230.9000000000001	0.09064888828504987
F-	3	3232.5599999999999	0.091703506959909184
F-	3	3234.23	0.092761474389916623
F-	3	3235.9000000000001	0.093829488085368395
F-	3	3237.5700000000002	0.094914723950153324
F-	3	3239.2399999999998	0.096027228249715726
F-	3	3240.9000000000001	0.09717609046231479
F-	3	3242.5700000000002	0.098373270427765211
F-	3	3244.2399999999998	0.099629771198696482
F-	3	3245.9099999999999	0.1009577918117196
F-	3	3247.5799999999999	0.10236761772907518
F-	3	3249.2399999999998	0.10387096959378166
F-	3	3250.9099999999999	0.10547598009691297
F-	3	3252.5799999999999	0.10719030353595056
F-	3	3254.25	0.10901991983080177
F-	3	3255.9200000000001	0.11096817773661467
F-	3	3257.5799999999999	0.11303627323737078
F-	3	3259.25	0.11522348874268118
F-	3	3260.9200000000001	0.11752695389099038
F-	3	3262.5900000000001	0.11994116715598359
F-	3	3264.2600000000002	0.12246062701134607
F-	3	3265.9200000000001	0.12507720076600384
F-	3	3267.5900000000001	0.12778347331927178
F-	3	3269.2600000000002	0.13057011599609439
F-	3	3270.9299999999998	0.13342995289258294
F-	3	3272.5999999999999	0.13635413372727451
F-	3	3274.2600000000002	0.13933476500589143
F-	3	3275.9299999999998	0.14236514921813745
F-	3	3277.5999999999999	0.14543811046012375
F-	3	3279.27	0.14854862559912818
F-	3	3280.9400000000001	0.15168927953446562
F-	3	3282.5999999999999	0.15485480993661765
F-	3	3284.27	0.15803875849208429
F-	3	3285.9400000000001	0.16123442769056931
F-	3	3287.6100000000001	0.16443535921857277
F-	3	3289.2800000000002	0.16763365958181706
F-	3	3290.9400000000001	0.17082239207320957
F-	3	3292.6100000000001	0.17399294560808373
F-	3	3294.2800000000002	0.17713886187293965
F-	3	3295.9499999999998	0.18025296496388846
F-	3	3297.6199999999999	0.1833299925514118
F-	3	3299.2800000000002	0.18636492150278738
F-	3	3300.9499999999998	0.18935966539238561
F-	3	3302.6199999999999	0.19230896189068805
F-	3	3304.29	0.19521759493362051
F-	3	3305.96	0.19809513239303478
F-	3	3307.6199999999999	0.20094396623689381
F-	3	3309.29	0.2037760563050123
F-	3	3310.96	0.20660814637313074
F-	3	3312.6300000000001	0.2094521962810639
F-	3	3314.3000000000002	0.21232494980455233
F-	3	3315.96	0.21524554268729948
F-	3	3317.6300000000001	0.21823071870504598
F-	3	3319.3000000000002	0.22129722163353235
F-	3	3320.9699999999998	0.22446418721646214
F-	3	3322.6399999999999	0.22774357529364994
F-	3	3324.3000000000002	0.23115212964083645
F-	3	3325.9699999999998	0.23470181009783628
F-	3	3327.6399999999999	0.23839740060057535
F-	3	3329.3099999999999	0.2422460770529424
F-	3	3330.98	0.24625023142290045
F-	3	3332.6399999999999	0.25040986371044943
F-	3	3334.3099999999999	0.2547201899796635
F-	3	3335.98	0.25917164235869089
F-	3	3337.6500000000001	0.26375465297567996
F-	3	3339.3200000000002	0.2684596539587788
F-	3	3340.98	0.27326990153224689
F-	3	3342.6500000000001	0.27817343585626958
F-	3	3344.3200000000002	0.28315112118714331
F-	3	3345.9899999999998	0.28818860571709048
F-	3	3347.6599999999999	0.29327632157425937
F-	3	3349.3200000000002	0.29839752498290945
F-	3	3350.9899999999998	0.3035426480711888
F-	3	3352.6599999999999	0.30870929887113463
F-	3	3354.3299999999999	0.31389030147885816
F-	3	3356	0.3190832639263963
F-	3	3357.6599999999999	0.32429536211763793
F-	3	3359.3299999999999	0.32952898802054609
F-	3	3361	0.33479610147493533
F-	3	3362.6700000000001	0.34010866232062037
F-	3	3364.3400000000001	0.34547863039741594
F-	3	3366	0.35092514144902548
F-	3	3367.6700000000001	0.35646493925118966
F-	3	3369.3400000000001	0.36211476757964894
F-	3	3371.0100000000002	0.36789615414606985
F-	3	3372.6799999999998	0.37382345075822992
F-	3	3374.3400000000001	0.37991579315983282
F-	3	3376.0100000000002	0.386187533158656
F-	3	3377.6799999999998	0.39264823862655124
F-	3	3379.3499999999999	0.39930030153148138
F-	3	3381.02	0.40615089777733554
F-	3	3382.6799999999998	0.41318806752429887
F-	3	3384.3499999999999	0.4204094188044083
F-	3	3386.02	0.42779342390599762
F-	3	3387.6900000000001	0.43531616314943733
F-	3	3389.3600000000001	0.44295132488713496
F-	3	3391.02	0.4506654215676098
F-	3	3392.6900000000001	0.45841778973549135
F-	3	3394.3600000000001	0.46617733380726195
F-	3	3396.0300000000002	0.47390817426347726
F-	3	3397.6999999999998	0.48157443158469326
F-	3	3399.3600000000001	0.48914501018739165
F-	3	3401.0300000000002	0.49659599039194319
F-	3	3402.6999999999998	0.50392258826242176
F-	3	3404.3699999999999	0.51110806002308729
F-	3	3406.04	0.51815958157782827
F-	3	3407.6999999999998	0.52508672079849639
F-	3	3409.3699999999999	0.53191100539675817
F-	3	3411.04	0.53865157111631712
F-	3	3412.71	0.54533951354069155
F-	3	3414.3800000000001	0.55200832022136226
F-	3	3416.04	0.55868430280592196
F-	3	3417.71	0.56539855687788865
F-	3	3419.3800000000001	0.57217500211689165
F-	3	3421.0500000000002	0.57902559836274581
F-	3	3422.7199999999998	0.58596708939119169
F-	3	3424.3800000000001	0.59299469126630311
F-	3	3426.0500000000002	0.6001084039880803
F-	3	3427.7199999999998	0.60729865968467167
F-	3	3429.3899999999999	0.61454153867644756
F-	3	3431.0599999999999	0.62181072931581594
F-	3	3432.7199999999998	0.62908948782703589
F-	3	3434.3899999999999	0.63634911059455246
F-	3	3436.0599999999999	0.64356089400281014
F-	3	3437.73	0.65070570230810565
F-	3	3439.4000000000001	0.65776439976673529
F-	3	3441.0599999999999	0.66472741850684758
F-	3	3442.73	0.67159236656047927
F-	3	3444.4000000000001	0.67835445999170463
F-	3	3446.0700000000002	0.68502805060830141
F-	3	3447.73	0.69162270628212119
F-	3	3449.4000000000001	0.69816234669279331
F-	3	3451.0700000000002	0.70467089151994733
F-	3	3452.7399999999998	0.7111746524111755
F-	3	3454.4099999999999	0.71770711691795885
F-	3	3456.0700000000002	0.72429220471992695
F-	3	3457.7399999999998	0.73096818730448665
F-	3	3459.4099999999999	0.73776376828719303
F-	3	3461.0799999999999	0.74470765128360183
F-	3	3462.75	0.75182614794130498
F-	3	3464.4099999999999	0.75914317793993191
F-	3	3466.0799999999999	0.76668505292707512
F-	3	3467.75	0.7744637327425492
F-	3	3469.4200000000001	0.78249835313005756
F-	3	3471.0900000000001	0.79079848196145208
F-	3	3472.75	0.79937607907654729
F-	3	3474.4200000000001	0.80822396857145462
F-	3	3476.0900000000001	0.81734693438209971
F-	3	3477.7600000000002	0.82672344879681625
F-	3	3479.4299999999998	0.83634155197578952
F-	3	3481.0900000000001	0.8461605804636495
F-	3	3482.7600000000002	0.85616139851669293
F-	3	3484.4299999999998	0.86627942299992022
F-	3	3486.0999999999999	0.87646920652203553
F-	3	3487.77	0.88666138201211397
F-	3	3489.4299999999998	0.89677940649534116
F-	3	3491.0999999999999	0.90674673699690334
F-	3	3492.77	0.91647965463809755
F-	3	3494.4400000000001	0.92589204857225826
F-	3	3496.1100000000001	0.93490019992068241
F-	3	3497.77	0.94342278177263006
F-	3	3499.4400000000001	0.95139999492902794
F-	3	3501.1100000000001	0.958757688383025
F-	3	3502.7800000000002	0.96545280671128808
F-	3	3504.4499999999998	0.9714542543302993
F-	3	3506.1100000000001	0.97675007140024361
F-	3	3507.7800000000002	0.98133786595315853
F-	3	3509.4499999999998	0.98523916570071024
F-	3	3511.1199999999999	0.98848267425845415
F-	3	3512.79	0.99112579885750052
F-	3	3514.4499999999998	0.993223554760997
F-	3	3516.1199999999999	0.9948453090398689
F-	3	3517.79	0.99606760466893007
F-	3	3519.46	0.99696698462299482
F-	3	3521.1300000000001	0.99760803203706205
F-	3	3522.79	0.9980696818539091
F-	3	3524.46	0.99840216540075744
F-	3	3526.1300000000001	0.99866049794075484
F-	3	3527.8000000000002	0.99888295096130797
F-	3	3529.4699999999998	0.99908866020612064
F-	3	3531.1300000000001	0.99929197748297049
F-	3	3532.8000000000002	0.99949768672778305
F-	3	3534.4699999999998	0.99968665219685515
F-	3	3536.1399999999999	0.9998516979862978
F-	3	3537.8099999999999	0.99996412048055594
F-	3	3539.4699999999998	1
F-	3	3541.1399999999999	0.99992345702518604
F-	3	3542.8099999999999	0.99971774778037326
F-	3	3544.48	0.99934938471408086
F-	3	3546.1500000000001	0.99880401601853108
F-	3	3547.8099999999999	0.99806489791798325
F-	3	3549.48	0.99712724647651152
F-	3	3551.1500000000001	0.99598866972615319
F-	3	3552.8200000000002	0.99465873553875961
F-	3	3554.4899999999998	0.99315657965803472
F-	3	3556.1500000000001	0.99149894585971887
F-	3	3557.8200000000002	0.98971453775936702
F-	3	3559.4899999999998	0.98783923487642367
F-	3	3561.1599999999999	0.98590174082644411
F-	3	3562.8299999999999	0.98394511103276094
F-	3	3564.4899999999998	0.98200522501481824
F-	3	3566.1599999999999	0.9801203542600232
F-	3	3567.8299999999999	0.97832398631985684
F-	3	3569.5	0.97664004087394862
F-	3	3571.1700000000001	0.97508765366600192
F-	3	3572.8299999999999	0.97369074437564618
F-	3	3574.5	0.97244692103491848
F-	3	3576.1700000000001	0.97136096757974466
F-	3	3577.8400000000001	0.97041853220234708
F-	3	3579.5100000000002	0.96960047915902237
F-	3	3581.1700000000001	0.96888049680217803
F-	3	3582.8400000000001	0.96821792167644427
F-	3	3584.5100000000002	0.96757926623033996
F-	3	3586.1799999999998	0.96690233929682845
F-	3	3587.8499999999999	0.96615126135646601
F-	3	3589.5100000000002	0.96526144927425295
F-	3	3591.1799999999998	0.96418984762685689
F-	3	3592.8499999999999	0.96287426524724107
F-	3	3594.52	0.96127403868003558
F-	3	3596.1900000000001	0.95933893659801883
F-	3	3597.8499999999999	0.9570282955458207
F-	3	3599.52	0.95431101993992329
F-	3	3601.1900000000001	0.95116319010069705
F-	3	3602.8600000000001	0.94756327831647558
F-	3	3604.5300000000002	0.94349932474744413
F-	3	3606.1900000000001	0.93897611332952846
F-	3	3607.8600000000001	0.93398886012680316
F-	3	3609.5300000000002	0.92855909285093396
F-	3	3611.1999999999998	0.92270116330969909
F-	3	3612.8699999999999	0.91643899118272765
F-	3	3614.5300000000002	0.90979888811761211
F-	3	3616.1999999999998	0.90280955772990756
F-	3	3617.8699999999999	0.8954997036351694
F-	3	3619.54	0.88790042141691583
F-	3	3621.21	0.88004041469070182
F-	3	3622.8699999999999	0.87193642723226827
F-	3	3624.54	0.8636123787212443
F-	3	3626.21	0.8550850129333708
F-	3	3627.8800000000001	0.84636150577253633
F-	3	3629.5500000000002	0.83745620904651852
F-	3	3631.21	0.82836912275531749
F-	3	3632.8800000000001	0.81910742280282189
F-	3	3634.5500000000002	0.80967350115699499
F-	3	3636.2199999999998	0.80007453372172521
F-	3	3637.8899999999999	0.79032487230479032
F-	3	3639.5500000000002	0.78042690887415322
F-	3	3641.2199999999998	0.77040217114148057
F-	3	3642.8899999999999	0.76026979485047563
F-	3	3644.5599999999999	0.75005609164873088
F-	3	3646.23	0.73978498121587566
F-	3	3647.8899999999999	0.72949234307135391
F-	3	3649.5599999999999	0.71920927279868385
F-	3	3651.23	0.70896686598138381
F-	3	3652.9000000000001	0.69879382623500896
F-	3	3654.5700000000002	0.68871885717511461
F-	3	3656.23	0.67876348651336704
F-	3	3657.9000000000001	0.66895163392939583
F-	3	3659.5700000000002	0.65928569139116389
F-	3	3661.2399999999998	0.64977522677052268
F-	3	3662.9099999999999	0.64042502400339862
F-	3	3664.5700000000002	0.63122790718590238
F-	3	3666.2399999999998	0.62217909238210845
F-	3	3667.9099999999999	0.61325944384831299
F-	3	3669.5799999999999	0.60446178568062736
F-	3	3671.25	0.59577415803923695
F-	3	3672.9099999999999	0.58717503321247533
F-	3	3674.5799999999999	0.57866201923237914
F-	3	3676.25	0.5702183723232086
F-	3	3677.9200000000001	0.56183213264514831
F-	3	3679.5900000000001	0.55351047610208737
F-	3	3681.25	0.54524861875809993
F-	3	3682.9200000000001	0.53704177667726005
F-	3	3684.5900000000001	0.52890190969938233
F-	3	3686.2600000000002	0.52083140979242992
F-	3	3687.9299999999998	0.51284702073214306
F-	3	3689.5900000000001	0.50494635055055936
F-	3	3691.2600000000002	0.49714853499138184
F-	3	3692.9299999999998	0.48945596602257352
F-	3	3694.5999999999999	0.481887779387838
F-	3	3696.27	0.47444158311921242
F-	3	3697.9299999999998	0.46713172902447408
F-	3	3699.5999999999999	0.45996060907158637
F-	3	3701.27	0.45293539916443776
F-	3	3702.9400000000001	0.44605370733506539
F-	3	3704.6100000000001	0.43932270948735824
F-	3	3706.27	0.43273283774946431
F-	3	3707.9400000000001	0.42629126802527251
F-	3	3709.6100000000001	0.41999082441089419
F-	3	3711.2800000000002	0.41382911493836627
F-	3	3712.9499999999998	0.40780135567176273
F-	3	3714.6100000000001	0.40189558677126896
F-	3	3716.2800000000002	0.39611180823688519
F-	3	3717.9499999999998	0.39043806022879651
F-	3	3719.6199999999999	0.38486238290718827
F-	3	3721.29	0.37937520840020883
F-	3	3722.9499999999998	0.37396218490008032
F-	3	3724.6199999999999	0.36860896059902531
F-	3	3726.29	0.36330357565722909
F-	3	3727.96	0.35802689433098811
F-	3	3729.6300000000001	0.35276456481252477
F-	3	3731.29	0.34750462726202436
F-	3	3732.96	0.3422303379037463
F-	3	3734.6300000000001	0.3369321288658389
F-	3	3736.3000000000002	0.33160282424441329
F-	3	3737.9699999999998	0.32623046419965468
F-	3	3739.6300000000001	0.3208150487315633
F-	3	3741.3000000000002	0.31535896980810202
F-	3	3742.9699999999998	0.3098598354613078
F-	3	3744.6399999999999	0.30432721356303244
F-	3	3746.3099999999999	0.29876828001716477
F-	3	3747.9699999999998	0.29319738663148248
F-	3	3749.6399999999999	0.28762170930987424
F-	3	3751.3099999999999	0.28205799182808067
F-	3	3752.98	0.27651580205795362
F-	3	3754.6500000000001	0.27101427574319642
F-	3	3756.3099999999999	0.26556058878769806
F-	3	3757.98	0.26016430906331017
F-	3	3759.6500000000001	0.25483739640984748
F-	3	3761.3200000000002	0.24958702673119881
F-	3	3762.9899999999998	0.24441320002736414
F-	3	3764.6500000000001	0.23932070023426935
F-	3	3766.3200000000002	0.23430713538395151
F-	3	3767.9899999999998	0.22937728941233654
F-	3	3769.6599999999999	0.22452159444757264
F-	3	3771.3200000000002	0.21974005048965975
F-	3	3772.9899999999998	0.21502787360267214
F-	3	3774.6599999999999	0.21038267181864673
F-	3	3776.3299999999999	0.20579248529776892
F-	3	3778	0.20125970600800164
F-	3	3779.6599999999999	0.19677715804545604
F-	3	3781.3299999999999	0.19234244944216919
F-	3	3783	0.1879507962622152
F-	3	3784.6700000000001	0.18359980653763117
F-	3	3786.3400000000001	0.17928541392288008
F-	3	3788	0.17500714002436937
F-	3	3789.6700000000001	0.1707613968901546
F-	3	3791.3400000000001	0.16654722773305067
F-	3	3793.0100000000002	0.16236152299470563
F-	3	3794.6799999999998	0.15820284749434183
F-	3	3796.3400000000001	0.15406880926399627
F-	3	3798.0100000000002	0.14995892991007639
F-	3	3799.6799999999998	0.14587081746461922
F-	3	3801.3499999999999	0.1418049503212174
F-	3	3803.02	0.13776037169268571
F-	3	3804.6799999999998	0.13373899515339452
F-	3	3806.3499999999999	0.12974153829373272
F-	3	3808.02	0.1257715890656447
F-	3	3809.6900000000001	0.12183321381466745
F-	3	3811.3600000000001	0.11793191406711576
F-	3	3813.02	0.11407319134930435
F-	3	3814.6900000000001	0.1102656567458998
F-	3	3816.3600000000001	0.10651768214477245
F-	3	3818.0300000000002	0.10283859622097767
F-	3	3819.6999999999998	0.099238206043163552
F-	3	3821.3600000000001	0.095727514663959609
F-	3	3823.0300000000002	0.092317525135995351
F-	3	3824.6999999999998	0.089017566134326223
F-	3	3826.3699999999999	0.0858381623179892
F-	3	3828.04	0.082788163968447084
F-	3	3829.6999999999998	0.079875225383181314
F-	3	3831.3699999999999	0.077104369694914063
F-	3	3833.04	0.074480859233163776
F-	3	3834.71	0.072006129178708231
F-	3	3836.3800000000001	0.069679940334751139
F-	3	3838.04	0.067500857520514712
F-	3	3839.71	0.065464335996869391
F-	3	3841.3800000000001	0.063564395843907814
F-	3	3843.0500000000002	0.061793621960944907
F-	3	3844.7199999999998	0.060143642460110357
F-	3	3846.3800000000001	0.058604411075959817
F-	3	3848.0500000000002	0.057166599133437856
F-	3	3849.7199999999998	0.055819921170303814
F-	3	3851.3899999999999	0.054554570117909665
F-	3	3853.0599999999999	0.053361217301199963
F-	3	3854.7199999999998	0.052232447619489558
F-	3	3856.3899999999999	0.051159889184908214
F-	3	3858.0599999999999	0.050137801274344862
F-	3	3859.73	0.049160682361484735
F-	3	3861.4000000000001	0.048223748510401954
F-	3	3863.0599999999999	0.047323890162744735
F-	3	3864.73	0.046457758563364905
F-	3	3866.4000000000001	0.045623440137892164
F-	3	3868.0700000000002	0.044818542918363569
F-	3	3869.7399999999998	0.044041870920797636
F-	3	3871.4000000000001	0.043291749767620312
F-	3	3873.0700000000002	0.042566744278053834
F-	3	3874.7399999999998	0.041865897664913047
F-	3	3876.4099999999999	0.041188013944216451
F-	3	3878.0799999999999	0.040532614722371463
F-	3	3879.7399999999998	0.039897786425007742
F-	3	3881.4099999999999	0.039284246642514169
F-	3	3883.0799999999999	0.038690560194112981
F-	3	3884.75	0.038117444670193068
F-	3	3886.4200000000001	0.037564421677161827
F-	3	3888.0799999999999	0.037032687199000734
F-	3	3889.75	0.036522241235709789
F-	3	3891.4200000000001	0.036034040574474166
F-	3	3893.0900000000001	0.035569520396071627
F-	3	3894.7600000000002	0.035129876684483641
F-	3	3896.4200000000001	0.034715348636506507
F-	3	3898.0900000000001	0.034328089023306863
F-	3	3899.7600000000002	0.033968097844884707
F-	3	3901.4299999999998	0.033636331888425228
F-	3	3903.0999999999999	0.033333508744317279
F-	3	3904.7600000000002	0.033058910822172022
F-	3	3906.4299999999998	0.032812538121989414
F-	3	3908.0999999999999	0.032593433856584302
F-	3	3909.77	0.032399445254790035
F-	3	3911.4400000000001	0.03222913713582886
F-	3	3913.0999999999999	0.032080835122126714
F-	3	3914.77	0.031950472868146597
F-	3	3916.4400000000001	0.031835180012332986
F-	3	3918.1100000000001	0.03173256458672296
F-	3	3919.7800000000002	0.031638321048983203
F-	3	3921.4400000000001	0.031548861447169327
F-	3	3923.1100000000001	0.031461315419725799
F-	3	3924.7800000000002	0.031372573408300804
F-	3	3926.4499999999998	0.031278329870561054
F-	3	3928.1199999999999	0.031176432035339898
F-	3	3929.7800000000002	0.031064727131470699
F-	3	3931.4499999999998	0.030941301584583105
F-	3	3933.1199999999999	0.030803763426714165
F-	3	3934.79	0.030651873461067614
F-	3	3936.46	0.030484674900458253
F-	3	3938.1199999999999	0.030302406941682392
F-	3	3939.79	0.030104830387943725
F-	3	3941.46	0.029893380420020009
F-	3	3943.1300000000001	0.029669253021892727
F-	3	3944.8000000000002	0.029434361767932227
F-	3	3946.46	0.029191337822897741
F-	3	3948.1300000000001	0.028941855564363319
F-	3	3949.8000000000002	0.02868926374747708
F-	3	3951.4699999999998	0.02843667193059083
F-	3	3953.1399999999999	0.028186950475260115
F-	3	3954.8000000000002	0.02794273054624416
F-	3	3956.4699999999998	0.027707600095487363
F-	3	3958.1399999999999	0.02748251591017491
F-	3	3959.8099999999999	0.027270587548658607
F-	3	3961.48	0.027071815010938471
F-	3	3963.1399999999999	0.026888111871384839
F-	3	3964.8099999999999	0.026719238933201432
F-	3	3966.48	0.026564478605999347
F-	3	3968.1500000000001	0.026424070086574897
F-	3	3969.8200000000002	0.02629562140696513
F-	3	3971.48	0.026178654173577464
F-	3	3973.1500000000001	0.026071972402430438
F-	3	3974.8200000000002	0.025974140912746274
F-	3	3976.4899999999998	0.025884681310932394
F-	3	3978.1599999999999	0.025802397613007334
F-	3	3979.8200000000002	0.025727289818971082
F-	3	3981.4899999999998	0.025660314716008829
F-	3	3983.1599999999999	0.025601472304120552
F-	3	3984.8299999999999	0.025551719370491447
F-	3	3986.5	0.025512491095899262
F-	3	3988.1599999999999	0.025484983464325477
F-	3	3989.8299999999999	0.025470392459751558
F-	3	3991.5	0.025468957278973796
F-	3	3993.1700000000001	0.025481873905973659
F-	3	3994.8400000000001	0.025509142340751148
F-	3	3996.5	0.025550044992917392
F-	3	3998.1700000000001	0.025603385878490904
F-	3	3999.8400000000001	0.025667729816693931
Cl-	1	60.047600000000003	0.0069546468522419221
Cl-	1	61.715600000000002	0.0080554305087859393
Cl-	1	63.383600000000001	0.0091712835634964671
Cl-	1	65.051599999999993	0.010277807943151539
Cl-	1	66.7196	0.011356585494436522
Cl-	1	68.387600000000006	0.012394460393555275
Cl-	1	70.055599999999998	0.013382582359044921
Cl-	1	71.723600000000005	0.014315689061386987
Cl-	1	73.391599999999997	0.015190670942229674
Cl-	1	75.0595	0.016008245591961838
Cl-	1	76.727500000000006	0.016770326584953851
Cl-	1	78.395499999999998	0.017480741069946407
Cl-	1	80.063500000000005	0.018144990573254267
Cl-	1	81.731499999999997	0.018769772605173634
Cl-	1	83.399500000000003	0.019364415840760003
Cl-	1	85.067499999999995	0.019936813774291042
Cl-	1	86.735500000000002	0.020497491064803679
Cl-	1	88.403499999999994	0.021057450764927436
Cl-	1	90.0715	0.021626499943310357
Cl-	1	91.739400000000003	0.022215402455785668
Cl-	1	93.407399999999996	0.022833965371001411
Cl-	1	95.075400000000002	0.023491278167216738
Cl-	1	96.743399999999994	0.024195473535505659
Cl-	1	98.4114	0.024952531395775499
Cl-	1	100.07899999999999	0.025768192471137333
Cl-	1	101.747	0.026644370335961474
Cl-	1	103.41500000000001	0.027582260974229417
Cl-	1	105.083	0.028581385992348586
Cl-	1	106.751	0.02963839663517083
Cl-	1	108.419	0.030748987360362891
Cl-	1	110.087	0.031906939051221134
Cl-	1	111.755	0.033104836607060421
Cl-	1	113.423	0.034334308140010497
Cl-	1	115.09099999999999	0.035586024975015909
Cl-	1	116.759	0.036850419240224877
Cl-	1	118.42700000000001	0.038117923063785648
Cl-	1	120.095	0.039379446967439093
Cl-	1	121.76300000000001	0.040626858260111212
Cl-	1	123.431	0.041852024250727995
Cl-	1	125.099	0.04304944341297471
Cl-	1	126.767	0.044214810204518055
Cl-	1	128.435	0.045344058279821027
Cl-	1	130.10300000000001	0.046437187638883645
Cl-	1	131.77099999999999	0.047493719888113316
Cl-	1	133.43899999999999	0.048516046995472961
Cl-	1	135.107	0.049507996109703307
Cl-	1	136.77500000000001	0.050473872773137626
Cl-	1	138.44300000000001	0.051419656905683286
Cl-	1	140.11099999999999	0.052351567624043874
Cl-	1	141.779	0.053275106454534198
Cl-	1	143.447	0.054197449301043039
Cl-	1	145.11500000000001	0.055123380099496293
Cl-	1	146.78299999999999	0.056057921982616145
Cl-	1	148.45099999999999	0.05700322772156919
Cl-	1	150.119	0.057962167677910993
Cl-	1	151.78700000000001	0.058933545867660073
Cl-	1	153.45500000000001	0.05991616630683496
Cl-	1	155.12299999999999	0.06090620184669495
Cl-	1	156.791	0.061899107748110478
Cl-	1	158.459	0.062888664894377874
Cl-	1	160.12700000000001	0.06386817577520093
Cl-	1	161.79499999999999	0.064829986093098271
Cl-	1	163.46299999999999	0.065767398337773633
Cl-	1	165.131	0.066673714998930808
Cl-	1	166.79900000000001	0.067543434550255022
Cl-	1	168.46700000000001	0.068373686630190764
Cl-	1	170.13499999999999	0.06916112248358991
Cl-	1	171.803	0.069907177291230249
Cl-	1	173.471	0.070613764627482103
Cl-	1	175.13900000000001	0.071284472444289884
Cl-	1	176.80699999999999	0.071925759055153526
Cl-	1	178.47499999999999	0.072544561167165553
Cl-	1	180.143	0.073149489864992548
Cl-	1	181.81100000000001	0.073748677839708496
Cl-	1	183.47900000000001	0.074350975372776254
Cl-	1	185.14699999999999	0.074963319171288345
Cl-	1	186.815	0.075592885139133606
Cl-	1	188.483	0.076244218015441595
Cl-	1	190.15100000000001	0.07692114494895301
Cl-	1	191.81899999999999	0.077624861923649341
Cl-	1	193.48699999999999	0.0783551297427343
Cl-	1	195.155	0.07911027402863377
Cl-	1	196.82300000000001	0.079886946026199709
Cl-	1	198.49100000000001	0.080681557783487678
Cl-	1	200.15899999999999	0.081488846970979217
Cl-	1	201.827	0.082304747243137341
Cl-	1	203.495	0.083123757073647261
Cl-	1	205.16300000000001	0.083942527707360909
Cl-	1	206.83099999999999	0.084757471192333844
Cl-	1	208.499	0.085565477970214257
Cl-	1	210.167	0.086365830450613273
Cl-	1	211.83500000000001	0.087157571846345719
Cl-	1	213.50299999999999	0.087940702157411593
Cl-	1	215.17099999999999	0.088716656564588631
Cl-	1	216.839	0.089487109445450935
Cl-	1	218.50700000000001	0.090254213571165115
Cl-	1	220.17500000000001	0.091021317696879295
Cl-	1	221.84299999999999	0.091791052987352725
Cl-	1	223.511	0.092567246591326063
Cl-	1	225.179	0.093353247263947461
Cl-	1	226.84700000000001	0.094152882153957604
Cl-	1	228.51499999999999	0.094969260819708287
Cl-	1	230.18299999999999	0.095806449606736566
Cl-	1	231.851	0.096666840483005292
Cl-	1	233.51900000000001	0.097553782203662703
Cl-	1	235.18700000000001	0.098468709949486435
Cl-	1	236.85499999999999	0.099413776491643194
Cl-	1	238.523	0.10038898183013298
Cl-	1	240.191	0.10139408676815946
Cl-	1	241.85900000000001	0.10242861291213011
Cl-	1	243.52699999999999	0.10349040749087823
Cl-	1	245.19499999999999	0.10457707853644091
Cl-	1	246.86199999999999	0.10568503809687374
Cl-	1	248.53	0.10681117661382492
Cl-	1	250.19800000000001	0.1079523845289426
Cl-	1	251.86600000000001	0.10910507389028237
Cl-	1	253.53399999999999	0.11026589594269612
Cl-	1	255.202	0.11143269791501724
Cl-	1	256.87	0.11260452302006051
Cl-	1	258.53800000000001	0.11377993607704817
Cl-	1	260.20600000000002	0.11495989387316542
Cl-	1	261.87400000000002	0.11614511399880115
Cl-	1	263.54199999999997	0.11733846681551086
Cl-	1	265.20999999999998	0.1185430618816464
Cl-	1	266.87799999999999	0.11976296554274474
Cl-	1	268.54599999999999	0.1210036793251206
Cl-	1	270.214	0.12226974796790362
Cl-	1	271.88200000000001	0.12356715139100113
Cl-	1	273.55000000000001	0.1249021087111168
Cl-	1	275.21800000000002	0.1262805998481579
Cl-	1	276.88600000000002	0.12770884391882814
Cl-	1	278.55399999999997	0.12919210325264591
Cl-	1	280.22199999999998	0.13073540098233341
Cl-	1	281.88999999999999	0.13234352104381658
Cl-	1	283.55799999999999	0.13402029058583603
Cl-	1	285.226	0.13576786237955846
Cl-	1	286.89400000000001	0.13758767160576157
Cl-	1	288.56200000000001	0.13948211023240839
Cl-	1	290.23000000000002	0.14145069986590628
Cl-	1	291.89800000000002	0.14348865657032939
Cl-	1	293.56599999999997	0.14559837231364062
Cl-	1	295.23399999999998	0.14777506315991407
Cl-	1	296.90199999999999	0.15001394517322394
Cl-	1	298.56999999999999	0.15231262638560727
Cl-	1	300.238	0.15466393089317521
Cl-	1	301.90600000000001	0.15707025066389074
Cl-	1	303.57400000000001	0.15952440979386504
Cl-	1	305.24200000000002	0.16202162434717218
Cl-	1	306.91000000000003	0.16455950235584929
Cl-	1	308.57799999999997	0.1671380438198963
Cl-	1	310.24599999999998	0.16975533516494296
Cl-	1	311.91399999999999	0.17240802763584109
Cl-	1	313.58199999999999	0.17509899159414619
Cl-	1	315.25	0.17783061900782127
Cl-	1	316.91800000000001	0.18059812594094043
Cl-	1	318.58600000000001	0.18341108026535538
Cl-	1	320.25400000000002	0.18626948198106616
Cl-	1	321.92200000000003	0.18917572305603569
Cl-	1	323.58999999999997	0.19213697939415281
Cl-	1	325.25799999999998	0.19515564296338042
Cl-	1	326.92599999999999	0.19823649769964441
Cl-	1	328.59399999999999	0.2013843275388707
Cl-	1	330.262	0.20460391641698511
Cl-	1	331.93000000000001	0.20789287236602472
Cl-	1	333.59800000000001	0.21125597932191539
Cl-	1	335.26600000000002	0.21469084531669419
Cl-	1	336.93400000000003	0.21819029444647234
Cl-	1	338.60199999999998	0.22175911064717568
Cl-	1	340.26999999999998	0.22538055014306363
Cl-	1	341.93799999999999	0.22905222096617331
Cl-	1	343.60599999999999	0.23276216327668997
Cl-	1	345.274	0.23649602526683602
Cl-	1	346.94200000000001	0.24024663103272265
Cl-	1	348.61000000000001	0.24400202073453514
Cl-	1	350.27800000000002	0.24775023453245879
Cl-	1	351.94600000000003	0.25148170455464192
Cl-	1	353.61399999999998	0.25518925489719563
Cl-	1	355.28199999999998	0.25887288556012
Cl-	1	356.94999999999999	0.26252063670360026
Cl-	1	358.61799999999999	0.26613968423152529
Cl-	1	360.286	0.26972285224000625
Cl-	1	361.95400000000001	0.27327253269700608
Cl-	1	363.62200000000001	0.27679350953845067
Cl-	1	365.29000000000002	0.28028578276434002
Cl-	1	366.95800000000003	0.28374696040671116
Cl-	1	368.62599999999998	0.28717704246556408
Cl-	1	370.29399999999998	0.29057124500497294
Cl-	1	371.96199999999999	0.29392239212104893
Cl-	1	373.63	0.29722569987786618
Cl-	1	375.298	0.300466816467647
Cl-	1	376.96600000000001	0.30363856598650263
Cl-	1	378.63400000000001	0.30672898859461839
Cl-	1	380.30200000000002	0.30972134051625366
Cl-	1	381.97000000000003	0.31260844584751968
Cl-	1	383.63799999999998	0.31537834474860177
Cl-	1	385.30599999999998	0.31802386131561111
Cl-	1	386.97399999999999	0.32054021161262181
Cl-	1	388.642	0.32292739563963374
Cl-	1	390.31	0.32518780536461006
Cl-	1	391.97800000000001	0.32732622472347656
Cl-	1	393.64600000000002	0.32936178945993672
Cl-	1	395.31400000000002	0.33130406744584229
Cl-	1	396.98200000000003	0.33317219442489676
Cl-	1	398.64999999999998	0.33499248204469251
Cl-	1	400.31799999999998	0.33678406604893296
Cl-	1	401.98599999999999	0.33856847414928465
Cl-	1	403.654	0.3403744099613028
Cl-	1	405.322	0.34222100922869081
Cl-	1	406.99000000000001	0.34412740769515238
Cl-	1	408.65800000000002	0.34610317323253903
Cl-	1	410.32499999999999	0.3481602656806656
Cl-	1	411.99299999999999	0.35030586094342087
Cl-	1	413.661	0.35253278311691605
Cl-	1	415.32900000000001	0.35483864023318823
Cl-	1	416.99700000000001	0.35720668851649667
Cl-	1	418.66500000000002	0.35962257615906401
Cl-	1	420.33300000000003	0.36205999151329776
Cl-	1	422.00099999999998	0.36450219080345736
Cl-	1	423.66899999999998	0.36692286238195043
Cl-	1	425.33699999999999	0.36930047853711068
Cl-	1	427.005	0.37160872762134572
Cl-	1	428.673	0.37383086585891506
Cl-	1	430.34100000000001	0.37595014947407807
Cl-	1	432.00900000000001	0.37795222665905703
Cl-	1	433.67700000000002	0.37982992150996331
Cl-	1	435.34500000000003	0.38158084205883386
Cl-	1	437.01299999999998	0.38320498830566863
Cl-	1	438.68099999999998	0.38470236025046783
Cl-	1	440.34899999999999	0.38608491773304587
Cl-	1	442.017	0.38735505272136589
Cl-	1	443.685	0.38852472505524249
Cl-	1	445.35300000000001	0.38960350260652754
Cl-	1	447.02100000000002	0.39060095324707261
Cl-	1	448.68900000000002	0.3915194689448408
Cl-	1	450.35700000000003	0.39237340150760963
Cl-	1	452.02499999999998	0.39316514290334209
Cl-	1	453.69299999999998	0.3938970851000011
Cl-	1	455.36099999999999	0.39457162006554952
Cl-	1	457.029	0.39519353173591337
Cl-	1	458.697	0.39575803617516675
Cl-	1	460.36500000000001	0.39627230928719837
Cl-	1	462.03300000000002	0.39673156713608243
Cl-	1	463.70100000000002	0.397135809721819
Cl-	1	465.36900000000003	0.39748982098033375
Cl-	1	467.03699999999998	0.39778403303977511
Cl-	1	468.70499999999998	0.39802801377199476
Cl-	1	470.37299999999999	0.3982217631769927
Cl-	1	472.041	0.39836767322273192
Cl-	1	473.709	0.39846574390921241
Cl-	1	475.37700000000001	0.39851836720439704
Cl-	1	477.04500000000002	0.39853032704421176
Cl-	1	478.71300000000002	0.39849683949273063
Cl-	1	480.38099999999997	0.39842986438976835
Cl-	1	482.04899999999998	0.39832461779939909
Cl-	1	483.71699999999998	0.39818349168958572
Cl-	1	485.38499999999999	0.39800648606032829
Cl-	1	487.053	0.39779360091162691
Cl-	1	488.721	0.39754244427551844
Cl-	1	490.38900000000001	0.39725062418404
Cl-	1	492.05700000000002	0.39692292457311751
Cl-	1	493.72500000000002	0.39654738560293618
Cl-	1	495.39299999999997	0.39612639924145915
Cl-	1	497.06099999999998	0.39565278958479749
Cl-	1	498.72899999999998	0.39512894860091413
Cl-	1	500.39699999999999	0.39454770038592019
Cl-	1	502.065	0.39390904493981571
Cl-	1	503.733	0.39321298226260082
Cl-	1	505.40100000000001	0.39245233645038657
Cl-	1	507.06900000000002	0.39163667537502478
Cl-	1	508.73700000000002	0.39077078297244122
Cl-	1	510.40499999999997	0.38985226727467309
Cl-	1	512.07299999999998	0.38889069615357202
Cl-	1	513.74099999999999	0.38789324551302695
Cl-	1	515.40899999999999	0.38687426716081541
Cl-	1	517.077	0.38583615306490038
Cl-	1	518.745	0.38479564700102237
Cl-	1	520.41300000000001	0.38375753290510733
Cl-	1	522.08100000000002	0.38273855455289579
Cl-	1	523.74900000000002	0.38173871194438774
Cl-	1	525.41700000000003	0.38076518098347206
Cl-	1	527.08500000000004	0.37982035363811156
Cl-	1	528.75300000000004	0.37890901384423226
Cl-	1	530.42100000000005	0.37802398569794515
Cl-	1	532.08900000000006	0.37716287723128755
Cl-	1	533.75699999999995	0.3763161205724076
Cl-	1	535.42499999999995	0.37547414784945338
Cl-	1	537.09299999999996	0.37462739119057337
Cl-	1	538.76099999999997	0.37376628272391577
Cl-	1	540.42899999999997	0.37288125457762872
Cl-	1	542.09699999999998	0.37195556297597177
Cl-	1	543.76499999999999	0.37099638382283368
Cl-	1	545.43299999999999	0.36998458137451096
Cl-	1	547.101	0.36892493956692946
Cl-	1	548.76900000000001	0.3678198503680522
Cl-	1	550.43700000000001	0.36666931377787904
Cl-	1	552.10500000000002	0.36547811373233591
Cl-	1	553.77300000000002	0.36425342613531175
Cl-	1	555.44100000000003	0.36300481885865815
Cl-	1	557.10900000000004	0.36173707583830111
Cl-	1	558.77700000000004	0.3604621569140552
Cl-	1	560.44500000000005	0.35918723798980934
Cl-	1	562.11300000000006	0.35791471103352634
Cl-	1	563.78099999999995	0.3566517519490951
Cl-	1	565.44899999999996	0.35540314467244155
Cl-	1	567.11699999999996	0.35417128117152852
Cl-	1	568.78499999999997	0.35295616144635611
Cl-	1	570.45299999999997	0.35176017746488714
Cl-	1	572.12099999999998	0.35058332922712171
Cl-	1	573.78800000000001	0.34942561673305977
Cl-	1	575.45600000000002	0.34828943195066425
Cl-	1	577.12400000000002	0.3471699909440093
Cl-	1	578.79200000000003	0.34606968568105789
Cl-	1	580.46000000000004	0.34499330009773588
Cl-	1	582.12800000000004	0.34393605025811735
Cl-	1	583.79600000000005	0.34290032813016519
Cl-	1	585.46400000000006	0.34188613371387949
Cl-	1	587.13199999999995	0.34089585897722324
Cl-	1	588.79999999999995	0.33992711195223341
Cl-	1	590.46799999999996	0.33897510870298408
Cl-	1	592.13599999999997	0.33804941710132713
Cl-	1	593.80399999999997	0.33714525321133659
Cl-	1	595.47199999999998	0.33625783309708668
Cl-	1	597.13999999999999	0.33539672463042902
Cl-	1	598.80799999999999	0.33455953584340076
Cl-	1	600.476	0.33374626673600188
Cl-	1	602.14400000000001	0.3329617012441583
Cl-	1	603.81200000000001	0.33220823133583283
Cl-	1	605.48000000000002	0.33148585701102556
Cl-	1	607.14800000000002	0.33079697023769944
Cl-	1	608.81600000000003	0.33014396298381737
Cl-	1	610.48400000000004	0.32952205131345352
Cl-	1	612.15200000000004	0.32893601916253379
Cl-	1	613.82000000000005	0.32837629865920631
Cl-	1	615.48800000000006	0.32784049783550823
Cl-	1	617.15599999999995	0.32731426488366194
Cl-	1	618.82399999999996	0.32679999177163027
Cl-	1	620.49199999999996	0.32627375881978388
Cl-	1	622.15999999999997	0.32572839012423405
Cl-	1	623.82799999999997	0.32515910174905488
Cl-	1	625.49599999999998	0.32454197401461693
Cl-	1	627.16399999999999	0.32387222298499424
Cl-	1	628.83199999999999	0.32313788882037231
Cl-	1	630.5	0.32233897152075108
Cl-	1	632.16800000000001	0.32146351124631578
Cl-	1	633.83600000000001	0.32051389996502944
Cl-	1	635.50400000000002	0.31949492161281789
Cl-	1	637.17200000000003	0.31840896815764408
Cl-	1	638.84000000000003	0.31727039140728569
Cl-	1	640.50800000000004	0.31608636726563144
Cl-	1	642.17600000000004	0.31486646360453308
Cl-	1	643.84400000000005	0.3136250322317683
Cl-	1	645.51199999999994	0.3123812088910406
Cl-	1	647.17999999999995	0.31113738555031295
Cl-	1	648.84799999999996	0.30991030598532582
Cl-	1	650.51599999999996	0.30870236216404212
Cl-	1	652.18399999999997	0.30751833802238793
Cl-	1	653.85199999999998	0.30635584159240009
Cl-	1	655.51999999999998	0.30521965681000457
Cl-	1	657.18799999999999	0.30409543186742377
Cl-	1	658.85599999999999	0.30298316676465764
Cl-	1	660.524	0.30187090166189157
Cl-	1	662.19200000000001	0.30074906868727364
Cl-	1	663.86000000000001	0.29961049193691525
Cl-	1	665.52800000000002	0.29844799550692741
Cl-	1	667.19600000000003	0.29724961955749551
Cl-	1	668.86400000000003	0.29601058015269371
Cl-	1	670.53200000000004	0.29473326926048488
Cl-	1	672.20000000000005	0.29341051097698023
Cl-	1	673.86800000000005	0.29204230530217973
Cl-	1	675.53599999999994	0.29063343617200932
Cl-	1	677.20399999999995	0.28917672768258018
Cl-	1	678.87199999999996	0.28768174770574401
Cl-	1	680.53999999999996	0.28614132033761197
Cl-	1	682.20799999999997	0.28456262148207295
Cl-	1	683.87599999999998	0.28294325917116403
Cl-	1	685.54399999999998	0.28128562537284807
Cl-	1	687.21199999999999	0.27958254418323625
Cl-	1	688.88	0.27783401560232862
Cl-	1	690.548	0.27604243159808817
Cl-	1	692.21600000000001	0.27420779217051477
Cl-	1	693.88400000000001	0.27232770535164563
Cl-	1	695.55200000000002	0.27039977917351771
Cl-	1	697.22000000000003	0.26843597347594567
Cl-	1	698.88800000000003	0.26643389629096664
Cl-	1	700.55600000000004	0.26440311549043244
Cl-	1	702.22400000000005	0.26235080697823171
Cl-	1	703.89200000000005	0.26028653862621631
Cl-	1	705.55999999999995	0.25821987830623799
Cl-	1	707.22799999999995	0.25616517782607429
Cl-	1	708.89599999999996	0.25412961308961413
Cl-	1	710.56399999999996	0.2521275359046351
Cl-	1	712.23199999999997	0.25016851414298902
Cl-	1	713.89999999999998	0.24826211567652751
Cl-	1	715.56799999999998	0.24642269231302824
Cl-	1	717.23599999999999	0.24464546011656541
Cl-	1	718.904	0.24293998695899069
Cl-	1	720.572	0.24131105677622999
Cl-	1	722.24000000000001	0.23974670972846859
Cl-	1	723.90800000000002	0.23825651368755832
Cl-	1	725.57600000000002	0.23681894094183265
Cl-	1	727.24400000000003	0.23543877542721747
Cl-	1	728.91200000000003	0.23409209746408344
Cl-	1	730.58000000000004	0.23277412311650467
Cl-	1	732.24800000000005	0.23146571664077764
Cl-	1	733.91600000000005	0.23015252622912472
Cl-	1	735.58399999999995	0.22882020007376833
Cl-	1	737.25199999999995	0.22744960243100493
Cl-	1	738.91899999999998	0.22602877346101982
Cl-	1	740.58699999999999	0.22454575332399829
Cl-	1	742.255	0.22298379824419987
Cl-	1	743.923	0.22133573231773565
Cl-	1	745.59100000000001	0.2195967716086798
Cl-	1	747.25900000000001	0.21776213218110643
Cl-	1	748.92700000000002	0.21583181403501558
Cl-	1	750.59500000000003	0.21380342520244422
Cl-	1	752.26300000000003	0.21168653355524419
Cl-	1	753.93100000000004	0.2094835310613784
Cl-	1	755.59900000000005	0.20720876952862449
Cl-	1	757.26700000000005	0.20487420879679707
Cl-	1	758.93499999999995	0.20248702476978508
Cl-	1	760.60299999999995	0.20006874515925488
Cl-	1	762.27099999999996	0.19763132980502116
Cl-	1	763.93899999999996	0.19519152248282448
Cl-	1	765.60699999999997	0.19276367500044253
Cl-	1	767.27499999999998	0.19036692310157879
Cl-	1	768.94299999999998	0.18801083465808496
Cl-	1	770.61099999999999	0.18571454541366458
Cl-	1	772.279	0.18349001520813235
Cl-	1	773.947	0.18134920388130291
Cl-	1	775.61500000000001	0.17929928733706516
Cl-	1	777.28300000000002	0.17734983344727079
Cl-	1	778.95100000000002	0.17550562614784568
Cl-	1	780.61900000000003	0.17377144937471567
Cl-	1	782.28700000000003	0.17214251919195497
Cl-	1	783.95500000000004	0.17062122756752648
Cl-	1	785.62300000000005	0.16919561466161551
Cl-	1	787.29100000000005	0.16786041814470357
Cl-	1	788.95899999999995	0.16660224299619825
Cl-	1	790.62699999999995	0.16540625901472927
Cl-	1	792.29499999999996	0.16425333045659321
Cl-	1	793.96299999999997	0.16312432157808654
Cl-	1	795.63099999999997	0.16200488057143161
Cl-	1	797.29899999999998	0.16086869578903609
Cl-	1	798.96699999999998	0.15969902345515946
Cl-	1	800.63499999999999	0.15848151176202407
Cl-	1	802.303	0.15719702496592644
Cl-	1	803.971	0.15583599519501476
Cl-	1	805.63900000000001	0.15438885457743737
Cl-	1	807.30700000000002	0.15285560311319418
Cl-	1	808.97500000000002	0.15123145686635936
Cl-	1	810.64300000000003	0.14952359174082169
Cl-	1	812.31100000000004	0.14773918364047001
Cl-	1	813.97900000000004	0.1458878004371561
Cl-	1	815.64700000000005	0.14398379393865751
Cl-	1	817.31500000000005	0.14204151595275197
Cl-	1	818.98299999999995	0.14007771025517995
Cl-	1	820.65099999999995	0.1381043366857562
Cl-	1	822.31899999999996	0.13613574705225831
Cl-	1	823.98699999999997	0.13418916352401944
Cl-	1	825.65499999999997	0.13227104441453955
Cl-	1	827.32299999999998	0.13039143598926298
Cl-	1	828.99099999999999	0.12855727495528216
Cl-	1	830.65899999999999	0.12677214926454164
Cl-	1	832.327	0.12503892927859686
Cl-	1	833.995	0.12335737580065148
Cl-	1	835.66300000000001	0.12172629284672414
Cl-	1	837.33100000000002	0.12014233166166668
Cl-	1	838.99900000000002	0.11860190429353466
Cl-	1	840.66700000000003	0.11709998760960597
Cl-	1	842.33500000000004	0.11563108008356579
Cl-	1	844.00300000000004	0.11418896259871053
Cl-	1	845.67100000000005	0.11276717684154028
Cl-	1	847.33900000000006	0.11135902530175873
Cl-	1	849.00699999999995	0.10995804966586602
Cl-	1	850.67499999999995	0.10855755242356588
Cl-	1	852.34299999999996	0.10715155365495097
Cl-	1	854.01099999999997	0.10573407344011397
Cl-	1	855.67899999999997	0.10430056703992531
Cl-	1	857.34699999999998	0.10284672891205167
Cl-	1	859.01499999999999	0.10136992789173381
Cl-	1	860.68299999999999	0.099867772011008785
Cl-	1	862.351	0.098340978860265549
Cl-	1	864.01900000000001	0.096789309242707761
Cl-	1	865.68700000000001	0.09521635111027979
Cl-	1	867.35500000000002	0.093625214021333489
Cl-	1	869.02300000000002	0.092021160305387345
Cl-	1	870.69100000000003	0.090410169882348665
Cl-	1	872.35900000000004	0.088798701065717425
Cl-	1	874.02700000000004	0.087194408152974981
Cl-	1	875.69500000000005	0.085604227851213854
Cl-	1	877.36300000000006	0.084035814457915484
Cl-	1	879.03099999999995	0.082495865483376063
Cl-	1	880.69899999999996	0.080990839241095541
Cl-	1	882.36699999999996	0.07952647645418498
Cl-	1	884.03499999999997	0.078107082664977637
Cl-	1	885.70299999999997	0.07673648502221421
Cl-	1	887.37099999999998	0.075416597100265076
Cl-	1	889.03899999999999	0.074149571670296871
Cl-	1	890.70699999999999	0.072934930338717022
Cl-	1	892.375	0.0717724339087292
Cl-	1	894.04300000000001	0.070659929609166797
Cl-	1	895.71100000000001	0.069595264668863135
Cl-	1	897.37900000000002	0.068575807923059007
Cl-	1	899.04700000000003	0.067597732223013698
Cl-	1	900.71500000000003	0.066658167207171701
Cl-	1	902.38199999999995	0.065753764120384875
Cl-	1	904.04999999999995	0.064881413404301438
Cl-	1	905.71799999999996	0.064038962287754714
Cl-	1	907.38599999999997	0.063223779605985478
Cl-	1	909.05399999999997	0.062434669375012269
Cl-	1	910.72199999999998	0.061670674807649893
Cl-	1	912.38999999999999	0.060931556707102083
Cl-	1	914.05799999999999	0.060217075876572539
Cl-	1	915.726	0.059527471512857547
Cl-	1	917.39400000000001	0.058862504419160806
Cl-	1	919.06200000000001	0.058222174595482339
Cl-	1	920.73000000000002	0.057605286057840661
Cl-	1	922.39800000000002	0.05701112121584688
Cl-	1	924.06600000000003	0.056436809707945505
Cl-	1	925.73400000000004	0.055880198762969853
Cl-	1	927.40200000000004	0.055336982838586658
Cl-	1	929.07000000000005	0.054803813179647803
Cl-	1	930.73800000000006	0.054275666653431122
Cl-	1	932.40599999999995	0.05374775932401072
Cl-	1	934.07399999999996	0.053216024845849641
Cl-	1	935.74199999999996	0.052676396873410844
Cl-	1	937.40999999999997	0.052125526651546239
Cl-	1	939.07799999999997	0.051561500605885484
Cl-	1	940.74599999999998	0.050983122752447117
Cl-	1	942.41399999999999	0.050391110681619986
Cl-	1	944.08199999999999	0.04978594278699669
Cl-	1	945.75	0.049170967823725355
Cl-	1	947.41800000000001	0.048549534546954098
Cl-	1	949.08600000000001	0.047925948499016192
Cl-	1	950.75400000000002	0.04730523281263381
Cl-	1	952.42200000000003	0.046691932226936531
Cl-	1	954.09000000000003	0.046091548268239121
Cl-	1	955.75800000000004	0.045508864872467455
Cl-	1	957.42600000000004	0.044948187581954818
Cl-	1	959.09400000000005	0.044412865151849314
Cl-	1	960.76199999999994	0.043906724730891654
Cl-	1	962.42999999999995	0.043431440696655894
Cl-	1	964.09799999999996	0.042989644213901272
Cl-	1	965.76599999999996	0.042582292069812948
Cl-	1	967.43399999999997	0.042210341051576096
Cl-	1	969.10199999999998	0.041874030355987038
Cl-	1	970.76999999999998	0.041573838376638333
Cl-	1	972.43799999999999	0.041310004310326283
Cl-	1	974.10599999999999	0.041082288960254593
Cl-	1	975.774	0.040889974736034382
Cl-	1	977.44200000000001	0.040733061637665643
Cl-	1	979.11000000000001	0.040610353681166944
Cl-	1	980.77800000000002	0.040520415685760466
Cl-	1	982.44600000000003	0.040461094880279623
Cl-	1	984.11400000000003	0.040429760099965129
Cl-	1	985.78200000000004	0.040422344999280026
Cl-	1	987.45000000000005	0.040435022429483589
Cl-	1	989.11800000000005	0.040462290864261084
Cl-	1	990.78599999999994	0.040497691990112564
Cl-	1	992.45399999999995	0.040535006690334385
Cl-	1	994.12199999999996	0.040567059061037775
Cl-	1	995.78999999999996	0.040586673198333867
Cl-	1	997.45799999999997	0.040586673198333867
Cl-	1	999.12599999999998	0.040560600747537832
Cl-	1	1000.79	0.04050247592603845
Cl-	1	1002.46	0.04040727560111352
Cl-	1	1004.13	0.040271172624022342
Cl-	1	1005.8	0.040091535830005708
Cl-	1	1007.47	0.039867169235082128
Cl-	1	1009.13	0.039598072839251625
Cl-	1	1010.8	0.039285442626495644
Cl-	1	1012.47	0.038931192171184549
Cl-	1	1014.14	0.038539148622059025
Cl-	1	1015.8099999999999	0.038112660734267195
Cl-	1	1017.47	0.037655555656549752
Cl-	1	1019.14	0.037173334915221484
Cl-	1	1020.8099999999999	0.036669825659023061
Cl-	1	1022.48	0.036149811823880357
Cl-	1	1024.1500000000001	0.035617359755330376
Cl-	1	1025.8099999999999	0.035076774995706418
Cl-	1	1027.48	0.034531645496952881
Cl-	1	1029.1500000000001	0.03398579840781045
Cl-	1	1030.8199999999999	0.033442582483427255
Cl-	1	1032.49	0.032905346478951408
Cl-	1	1034.1500000000001	0.032377678346327293
Cl-	1	1035.8199999999999	0.031862687643906783
Cl-	1	1037.49	0.031363962323634226
Cl-	1	1039.1600000000001	0.030885329534250352
Cl-	1	1040.8299999999999	0.030430138030903275
Cl-	1	1042.49	0.030002214962333674
Cl-	1	1044.1600000000001	0.029604430690097123
Cl-	1	1045.8299999999999	0.029239894772545377
Cl-	1	1047.5	0.0289119559648266
Cl-	1	1049.1700000000001	0.028622288644514805
Cl-	1	1050.8299999999999	0.02837208879559152
Cl-	1	1052.5	0.028162074008445556
Cl-	1	1054.1700000000001	0.027992005086280674
Cl-	1	1055.8399999999999	0.027861164438707973
Cl-	1	1057.51	0.027766681704171934
Cl-	1	1059.1700000000001	0.027706643308302192
Cl-	1	1060.8399999999999	0.027677222102358047
Cl-	1	1062.51	0.027674351740802523
Cl-	1	1064.1800000000001	0.027693965878098616
Cl-	1	1065.8499999999999	0.02773056298793156
Cl-	1	1067.51	0.027779837527968084
Cl-	1	1069.1800000000001	0.027836766365486019
Cl-	1	1070.8499999999999	0.02789680476135576
Cl-	1	1072.52	0.027955168779651443
Cl-	1	1074.1900000000001	0.028008270468428652
Cl-	1	1075.8499999999999	0.028052521875743006
Cl-	1	1077.52	0.028084813443242675
Cl-	1	1079.1900000000001	0.028103470793353586
Cl-	1	1080.8599999999999	0.02810634115490911
Cl-	1	1082.53	0.028093424527909246
Cl-	1	1084.1900000000001	0.028064242518761405
Cl-	1	1085.8599999999999	0.028018795127465582
Cl-	1	1087.53	0.027958517534799558
Cl-	1	1089.2	0.027884366527948484
Cl-	1	1090.8699999999999	0.027798255681282708
Cl-	1	1092.53	0.027701620175580022
Cl-	1	1094.2	0.027596612782007052
Cl-	1	1095.8699999999999	0.027484190287748959
Cl-	1	1097.54	0.027366027070379838
Cl-	1	1099.21	0.027242601523492241
Cl-	1	1100.8699999999999	0.027115109631067655
Cl-	1	1102.54	0.026983072999513469
Cl-	1	1104.21	0.026847209219218598
Cl-	1	1105.8800000000001	0.026706322306201558
Cl-	1	1107.55	0.026561129850851243
Cl-	1	1109.21	0.026410435869186146
Cl-	1	1110.8800000000001	0.026254479558002593
Cl-	1	1112.55	0.026093260917300586
Cl-	1	1114.22	0.025927258340672693
Cl-	1	1115.8900000000001	0.025757907008896685
Cl-	1	1117.55	0.025586402905954049
Cl-	1	1119.22	0.025414420409418804
Cl-	1	1120.8900000000001	0.025244351487253923
Cl-	1	1122.5599999999999	0.02507834891062603
Cl-	1	1124.23	0.024919522237886953
Cl-	1	1125.8900000000001	0.024770263436999639
Cl-	1	1127.5599999999999	0.024632725279130702
Cl-	1	1129.23	0.024509299732243115
Cl-	1	1130.9000000000001	0.024402139567503495
Cl-	1	1132.5699999999999	0.024312201572097028
Cl-	1	1134.23	0.024240681730005181
Cl-	1	1135.9000000000001	0.024187819238024259
Cl-	1	1137.5699999999999	0.024153135702561657
Cl-	1	1139.24	0.024135913533228508
Cl-	1	1140.9100000000001	0.024134239155654449
Cl-	1	1142.5699999999999	0.024145720601876555
Cl-	1	1144.24	0.024167009116746702
Cl-	1	1145.9100000000001	0.024194516748320488
Cl-	1	1147.5799999999999	0.024223698757468329
Cl-	1	1149.24	0.024250010405060637
Cl-	1	1150.9100000000001	0.024267950164782674
Cl-	1	1152.5799999999999	0.024272255707115969
Cl-	1	1154.25	0.024258143096134627
Cl-	1	1155.9200000000001	0.024221067592709093
Cl-	1	1157.5799999999999	0.024156723654506065
Cl-	1	1159.25	0.024062480116766309
Cl-	1	1160.9200000000001	0.023935945011526894
Cl-	1	1162.5899999999999	0.023777357535584114
Cl-	1	1164.26	0.02358719608253055
Cl-	1	1165.9200000000001	0.023367852620329144
Cl-	1	1167.5899999999999	0.023123154297720598
Cl-	1	1169.26	0.022857645853834496
Cl-	1	1170.9300000000001	0.022576589618189289
Cl-	1	1172.5999999999999	0.022286204707488638
Cl-	1	1174.26	0.021992949435232442
Cl-	1	1175.9300000000001	0.021702325327735496
Cl-	1	1177.5999999999999	0.021419833911312532
Cl-	1	1179.27	0.021150019925093133
Cl-	1	1180.9400000000001	0.020897428108206894
Cl-	1	1182.5999999999999	0.020663732838227859
Cl-	1	1184.27	0.020451565279915269
Cl-	1	1185.9400000000001	0.020260925433269125
Cl-	1	1187.6099999999999	0.020092770085474582
Cl-	1	1189.28	0.019945664055753907
Cl-	1	1190.9400000000001	0.019819368147310785
Cl-	1	1192.6099999999999	0.019712207982571169
Cl-	1	1194.28	0.019623705167942471
Cl-	1	1195.95	0.019552185325850627
Cl-	1	1197.6199999999999	0.019497409259499349
Cl-	1	1199.28	0.019458420181703462
Cl-	1	1200.95	0.019434739698870371
Cl-	1	1202.6199999999999	0.019425889417407506
Cl-	1	1204.29	0.019431151746925963
Cl-	1	1205.96	0.019450526687425758
Cl-	1	1207.6199999999999	0.01948233986133284
Cl-	1	1209.29	0.019525634481462013
Cl-	1	1210.96	0.019578018579850354
Cl-	1	1212.6300000000001	0.019637578582127505
Cl-	1	1214.3	0.019701444126737952
Cl-	1	1215.96	0.019765548868144682
Cl-	1	1217.6300000000001	0.019827261641588479
Cl-	1	1219.3	0.01988179851114346
Cl-	1	1220.97	0.019924853934476346
Cl-	1	1222.6400000000001	0.019952600762846429
Cl-	1	1224.3	0.019960733453920416
Cl-	1	1225.97	0.0199459032525502
Cl-	1	1227.6400000000001	0.019904761403587667
Cl-	1	1229.3099999999999	0.019834915939069879
Cl-	1	1230.98	0.019733974891033908
Cl-	1	1232.6400000000001	0.019601938259479732
Cl-	1	1234.3099999999999	0.01943880604440737
Cl-	1	1235.98	0.019245535033001988
Cl-	1	1237.6500000000001	0.019024995586819114
Cl-	1	1239.3199999999999	0.018779818870617977
Cl-	1	1240.98	0.018514310426731875
Cl-	1	1242.6500000000001	0.018233493387882962
Cl-	1	1244.3199999999999	0.017942151689997132
Cl-	1	1245.99	0.017645786859389119
Cl-	1	1247.6600000000001	0.017348943635188536
Cl-	1	1249.3199999999999	0.017057123543710112
Cl-	1	1250.99	0.016773675340101966
Cl-	1	1252.6600000000001	0.016502186976308519
Cl-	1	1254.3299999999999	0.016245289617088987
Cl-	1	1256	0.016004418443221143
Cl-	1	1257.6600000000001	0.015780769438686452
Cl-	1	1259.3299999999999	0.015574342603484909
Cl-	1	1261	0.015385137937616524
Cl-	1	1262.6700000000001	0.015212437850692404
Cl-	1	1264.3399999999999	0.015055524752323681
Cl-	1	1266	0.014914877036102935
Cl-	1	1267.6700000000001	0.014789777111641282
Cl-	1	1269.3399999999999	0.014680942569327607
Cl-	1	1271.01	0.014589569393143376
Cl-	1	1272.6800000000001	0.014516375173477475
Cl-	1	1274.3399999999999	0.014463512681496551
Cl-	1	1276.01	0.014432177901182062
Cl-	1	1277.6800000000001	0.014424045210108073
Cl-	1	1279.3499999999999	0.014440310592256051
Cl-	1	1281.02	0.014481213244422291
Cl-	1	1282.6800000000001	0.014546274773014203
Cl-	1	1284.3499999999999	0.014634299194050321
Cl-	1	1286.02	0.014742176949178815
Cl-	1	1287.6900000000001	0.014866559283251582
Cl-	1	1289.3599999999999	0.015002423063546462
Cl-	1	1291.02	0.015144027566952378
Cl-	1	1292.6900000000001	0.015285392873562009
Cl-	1	1294.3599999999999	0.015420299866671709
Cl-	1	1296.03	0.015541572642392658
Cl-	1	1297.7	0.015644188068002697
Cl-	1	1299.3599999999999	0.015722644617187063
Cl-	1	1301.03	0.01577431112518652
Cl-	1	1302.7	0.015796556427241839
Cl-	1	1304.3699999999999	0.015789380523353023
Cl-	1	1306.04	0.015753979397501543
Cl-	1	1307.7	0.015694658592020686
Cl-	1	1309.3699999999999	0.01561572364924373
Cl-	1	1311.04	0.015524350473059509
Cl-	1	1312.71	0.015427236573764231
Cl-	1	1314.3800000000001	0.015332753839228183
Cl-	1	1316.04	0.015249274157321644
Cl-	1	1317.71	0.015183255841544561
Cl-	1	1319.3800000000001	0.015142113992582036
Cl-	1	1321.05	0.015130393349563639
Cl-	1	1322.72	0.015151681864433787
Cl-	1	1324.3800000000001	0.015207175521173937
Cl-	1	1326.05	0.015296156729395237
Cl-	1	1327.72	0.0154167119147273
Cl-	1	1329.3900000000001	0.015564535534836863
Cl-	1	1331.0599999999999	0.015733886866612871
Cl-	1	1332.72	0.015918068399759084
Cl-	1	1334.3900000000001	0.016110621820775581
Cl-	1	1336.0599999999999	0.016303414438588376
Cl-	1	1337.73	0.016490227136493826
Cl-	1	1339.4000000000001	0.01666436240419571
Cl-	1	1341.0599999999999	0.016820557912175547
Cl-	1	1342.73	0.016954268921303778
Cl-	1	1344.4000000000001	0.017062146676432272
Cl-	1	1346.0699999999999	0.017142277603190696
Cl-	1	1347.74	0.017192987324004982
Cl-	1	1349.4000000000001	0.017214754232467711
Cl-	1	1351.0699999999999	0.017207099934986314
Cl-	1	1352.74	0.017171220415542244
Cl-	1	1354.4100000000001	0.017108072461320685
Cl-	1	1356.0799999999999	0.017018852056303102
Cl-	1	1357.74	0.016905233578063551
Cl-	1	1359.4100000000001	0.016768413010583509
Cl-	1	1361.0799999999999	0.016610064731437012
Cl-	1	1362.75	0.016431623921401847
Cl-	1	1364.4200000000001	0.016234764958052064
Cl-	1	1366.0799999999999	0.016021640612554292
Cl-	1	1367.75	0.015794164459278896
Cl-	1	1369.4200000000001	0.015554967662985112
Cl-	1	1371.0899999999999	0.015306681388432159
Cl-	1	1372.76	0.015051936800379272
Cl-	1	1374.4200000000001	0.014793843457178272
Cl-	1	1376.0899999999999	0.014535510917180985
Cl-	1	1377.76	0.014280527132331805
Cl-	1	1379.4300000000001	0.014031284070593678
Cl-	1	1381.0999999999999	0.013791848077503589
Cl-	1	1382.76	0.013564371924228203
Cl-	1	1384.4300000000001	0.013351965169119318
Cl-	1	1386.0999999999999	0.013156541386547286
Cl-	1	1387.77	0.012981449331660233
Cl-	1	1389.4400000000001	0.012827645791643328
Cl-	1	1391.0999999999999	0.012697522734459505
Cl-	1	1392.77	0.012592754537682828
Cl-	1	1394.4400000000001	0.012513819594905882
Cl-	1	1396.1099999999999	0.01246191389011013
Cl-	1	1397.78	0.012437994210480743
Cl-	1	1399.4400000000001	0.012441342965628856
Cl-	1	1401.1099999999999	0.012472199352350756
Cl-	1	1402.78	0.012529367386664974
Cl-	1	1404.45	0.012611172690997444
Cl-	1	1406.1199999999999	0.012716180084570426
Cl-	1	1407.78	0.012840562418643193
Cl-	1	1409.45	0.012981688528456528
Cl-	1	1411.1199999999999	0.013135492068473434
Cl-	1	1412.79	0.013297667496360622
Cl-	1	1414.46	0.013463191679395926
Cl-	1	1416.1199999999999	0.013627519878449762
Cl-	1	1417.79	0.01378515056720736
Cl-	1	1419.46	0.013931778203335458
Cl-	1	1421.1300000000001	0.014062379654111862
Cl-	1	1422.8	0.01417360616438848
Cl-	1	1424.46	0.014262348175813474
Cl-	1	1426.1300000000001	0.014326452917220215
Cl-	1	1427.8	0.014365202798219808
Cl-	1	1429.47	0.014378358622015967
Cl-	1	1431.1400000000001	0.01436807315977533
Cl-	1	1432.8	0.014336977576257137
Cl-	1	1434.47	0.014288899020202089
Cl-	1	1436.1400000000001	0.014228621427536052
Cl-	1	1437.8099999999999	0.014161885521370083
Cl-	1	1439.48	0.014094432024815239
Cl-	1	1441.1400000000001	0.014032480054575145
Cl-	1	1442.8099999999999	0.01398272712094604
Cl-	1	1444.48	0.013950435553446369
Cl-	1	1446.1500000000001	0.013940389288002038
Cl-	1	1447.8199999999999	0.013957372260538892
Cl-	1	1449.48	0.014004015635816177
Cl-	2	1471.1700000000001	0.016583035493455817
Cl-	2	1472.8399999999999	0.01679209349341659
Cl-	2	1474.5	0.016986082095210849
Cl-	2	1476.1700000000001	0.017165479692431197
Cl-	2	1477.8399999999999	0.01733196066265167
Cl-	2	1479.51	0.017488156170631521
Cl-	2	1481.1700000000001	0.017637654168315128
Cl-	2	1482.8399999999999	0.017785238591628397
Cl-	2	1484.51	0.01793521498290461
Cl-	2	1486.1800000000001	0.018093563262051093
Cl-	2	1487.8499999999999	0.018265306561790033
Cl-	2	1489.51	0.018454989621251007
Cl-	2	1491.1800000000001	0.018667157179563607
Cl-	2	1492.8499999999999	0.018904679598283333
Cl-	2	1494.52	0.019169709648576859
Cl-	2	1496.1900000000001	0.019463204117629338
Cl-	2	1497.8499999999999	0.019784206218255603
Cl-	2	1499.52	0.020130323982492711
Cl-	2	1501.1900000000001	0.020498687048785148
Cl-	2	1502.8599999999999	0.020884750678003324
Cl-	2	1504.53	0.021282774147036183
Cl-	2	1506.1900000000001	0.02168701673277269
Cl-	2	1507.8599999999999	0.022091259318509197
Cl-	2	1509.53	0.022488804393949478
Cl-	2	1511.2	0.022874628826371358
Cl-	2	1512.8699999999999	0.023243470286256375
Cl-	2	1514.53	0.023591262428067548
Cl-	2	1516.2	0.023915852480638225
Cl-	2	1517.8699999999999	0.024215087672801748
Cl-	2	1519.54	0.024489446398150729
Cl-	2	1521.21	0.024740363837462909
Cl-	2	1522.8699999999999	0.024970231958701249
Cl-	2	1524.54	0.025182638713810122
Cl-	2	1526.21	0.025382368038715439
Cl-	2	1527.8800000000001	0.025574443066139346
Cl-	2	1529.55	0.025764604519192911
Cl-	2	1531.21	0.025958832317783467
Cl-	2	1532.8800000000001	0.026163584775410954
Cl-	2	1534.55	0.026384602615186416
Cl-	2	1536.22	0.026628104953813497
Cl-	2	1537.8900000000001	0.026899593317606951
Cl-	2	1539.55	0.027205286823270398
Cl-	2	1541.22	0.027549730209933461
Cl-	2	1542.8900000000001	0.027938425003910874
Cl-	2	1544.5599999999999	0.028376155141128508
Cl-	2	1546.23	0.028866747770327064
Cl-	2	1547.8900000000001	0.029414508433839841
Cl-	2	1549.5599999999999	0.030023025083611255
Cl-	2	1551.23	0.030695168081196787
Cl-	2	1552.9000000000001	0.031433568591355716
Cl-	2	1554.5699999999999	0.032240618582050962
Cl-	2	1556.23	0.033117274840467691
Cl-	2	1557.9000000000001	0.034064972547383693
Cl-	2	1559.5699999999999	0.035083950899595234
Cl-	2	1561.24	0.036173492306713434
Cl-	2	1562.9100000000001	0.037333118375145739
Cl-	2	1564.5699999999999	0.038561633120910634
Cl-	2	1566.24	0.039857601363230376
Cl-	2	1567.9100000000001	0.041220066314919805
Cl-	2	1569.5799999999999	0.042647114401608552
Cl-	2	1571.25	0.044138506426500336
Cl-	2	1572.9100000000001	0.045693524799206256
Cl-	2	1574.5799999999999	0.047313126306911507
Cl-	2	1576.25	0.048998985327190124
Cl-	2	1577.9200000000001	0.050753972221597651
Cl-	2	1579.5899999999999	0.052582153335671088
Cl-	2	1581.25	0.05448926939252146
Cl-	2	1582.9200000000001	0.056482735492833912
Cl-	2	1584.5899999999999	0.058570684327682386
Cl-	2	1586.26	0.060762922965714977
Cl-	2	1587.9300000000001	0.063070693656357452
Cl-	2	1589.5899999999999	0.065506195436220813
Cl-	2	1591.26	0.06808186653871233
Cl-	2	1592.9300000000001	0.070811819574813362
Cl-	2	1594.5999999999999	0.073710406352301486
Cl-	2	1596.27	0.076791739482158089
Cl-	2	1597.9300000000001	0.080070170772160762
Cl-	2	1599.5999999999999	0.08356053042367971
Cl-	2	1601.27	0.087276931047696335
Cl-	2	1602.9400000000001	0.091233006861599297
Cl-	2	1604.6099999999999	0.095442392082777397
Cl-	2	1606.27	0.099917764141434204
Cl-	2	1607.9400000000001	0.1046701260901992
Cl-	2	1609.6099999999999	0.10971095937529454
Cl-	2	1611.28	0.1150495926717756
Cl-	2	1612.95	0.12069344108032758
Cl-	2	1614.6099999999999	0.12664968050483921
Cl-	2	1616.28	0.13292237729084755
Cl-	2	1617.95	0.13951320581592661
Cl-	2	1619.6199999999999	0.14642360126085419
Cl-	2	1621.29	0.15364973647688954
Cl-	2	1622.95	0.16118443556014392
Cl-	2	1624.6199999999999	0.16902100100032103
Cl-	2	1626.29	0.17714651617042107
Cl-	2	1627.96	0.18554471568829597
Cl-	2	1629.6300000000001	0.19419407184227941
Cl-	2	1631.29	0.20307305692070488
Cl-	2	1632.96	0.2121601432119059
Cl-	2	1634.6300000000001	0.22141705922847554
Cl-	2	1636.3	0.23082227725874735
Cl-	2	1637.97	0.24033513384735136
Cl-	2	1639.6300000000001	0.24991974947484347
Cl-	2	1641.3	0.25953785265381674
Cl-	2	1642.97	0.26915117189686411
Cl-	2	1644.6400000000001	0.27871904374861567
Cl-	2	1646.3099999999999	0.28820319672166445
Cl-	2	1647.97	0.29756057539267744
Cl-	2	1649.6400000000001	0.30674334040239604
Cl-	2	1651.3099999999999	0.31571561223137606
Cl-	2	1652.98	0.32443672742424762
Cl-	2	1654.6500000000001	0.33286123858971489
Cl-	2	1656.3099999999999	0.340946090304445
Cl-	2	1657.98	0.34865301108103081
Cl-	2	1659.6500000000001	0.35593655352817671
Cl-	2	1661.3199999999999	0.36275605419051266
Cl-	2	1662.99	0.36906606567674283
Cl-	2	1664.6500000000001	0.37483310043538604
Cl-	2	1666.3199999999999	0.38001410304310951
Cl-	2	1667.99	0.38457558594843205
Cl-	2	1669.6600000000001	0.38847688569598376
Cl-	2	1671.3299999999999	0.3916940826061352
Cl-	2	1672.99	0.3941912971594424
Cl-	2	1674.6600000000001	0.39594939361220177
Cl-	2	1676.3299999999999	0.39695162818867269
Cl-	2	1678	0.39717886514515188
Cl-	2	1679.6700000000001	0.39662632054571323
Cl-	2	1681.3299999999999	0.39529638635831971
Cl-	2	1683	0.39318906258297143
Cl-	2	1684.6700000000001	0.3903115251235571
Cl-	2	1686.3399999999999	0.38669247759563213
Cl-	2	1688.01	0.38234866377493693
Cl-	2	1689.6700000000001	0.37730878727702677
Cl-	2	1691.3399999999999	0.37161111958930876
Cl-	2	1693.01	0.36529154023122679
Cl-	2	1694.6800000000001	0.3583931046261139
Cl-	2	1696.3499999999999	0.35096365213322883
Cl-	2	1698.01	0.34304384620794148
Cl-	2	1699.6800000000001	0.33469348604932531
Cl-	2	1701.3499999999999	0.32595562708071313
Cl-	2	1703.02	0.31688050062932682
Cl-	2	1704.6900000000001	0.30751833802238793
Cl-	2	1706.3499999999999	0.29791219468322933
Cl-	2	1708.02	0.28810990997110986
Cl-	2	1709.6900000000001	0.27815453930936235
Cl-	2	1711.3599999999999	0.2680915300892826
Cl-	2	1713.03	0.2579567618303148
Cl-	2	1714.6900000000001	0.24779807389171757
Cl-	2	1716.3599999999999	0.23764656185700914
Cl-	2	1718.03	0.22753810524563362
Cl-	2	1719.7	0.21751336751296091
Cl-	2	1721.3699999999999	0.20760583621047216
Cl-	2	1723.03	0.19784660692168557
Cl-	2	1724.7	0.18826916719808226
Cl-	2	1726.3699999999999	0.17890461262318039
Cl-	2	1728.04	0.1697768628766094
Cl-	2	1729.71	0.16091653514829488
Cl-	2	1731.3699999999999	0.15234372196912546
Cl-	2	1733.04	0.1440770806892121
Cl-	2	1734.71	0.13613813902022123
Cl-	2	1736.3800000000001	0.12853622563720835
Cl-	2	1738.05	0.12128162600241399
Cl-	2	1739.71	0.11438008083894931
Cl-	2	1741.3800000000001	0.10783398211477715
Cl-	2	1743.05	0.10164285143630501
Cl-	2	1744.72	0.095802383261199553
Cl-	2	1746.3900000000001	0.09030635847275717
Cl-	2	1748.05	0.085145687592718663
Cl-	2	1749.72	0.080310085158843414
Cl-	2	1751.3900000000001	0.075786395347335278
Cl-	2	1753.0599999999999	0.071561462334398099
Cl-	2	1754.73	0.067621173509050489
Cl-	2	1756.3900000000001	0.063949981079533411
Cl-	2	1758.0599999999999	0.060532576450884043
Cl-	2	1759.73	0.057353411831343293
Cl-	2	1761.4000000000001	0.054396700232355787
Cl-	2	1763.0699999999999	0.051646893862162362
Cl-	2	1764.73	0.049087966535411427
Cl-	2	1766.4000000000001	0.046705566444325275
Cl-	2	1768.0699999999999	0.04448414579714486
Cl-	2	1769.74	0.042409831179685109
Cl-	2	1771.4100000000001	0.040468988374557313
Cl-	2	1773.0699999999999	0.038648461557965287
Cl-	2	1774.74	0.036936290890094342
Cl-	2	1776.4100000000001	0.035320994924722376
Cl-	2	1778.0799999999999	0.033792049002812484
Cl-	2	1779.75	0.032340842039698066
Cl-	2	1781.4100000000001	0.030958284557119957
Cl-	2	1783.0799999999999	0.029637439847985649
Cl-	2	1784.75	0.028371371205202622
Cl-	2	1786.4200000000001	0.027154577102456123
Cl-	2	1788.0899999999999	0.025982751997412852
Cl-	2	1789.75	0.024850633560554346
Cl-	2	1791.4200000000001	0.023755112233528795
Cl-	2	1793.0899999999999	0.022692839261188077
Cl-	2	1794.76	0.021661422675569256
Cl-	2	1796.4300000000001	0.020658231311913109
Cl-	2	1798.0899999999999	0.019681590792645563
Cl-	2	1799.76	0.018730065936988873
Cl-	2	1801.4300000000001	0.017802699957757854
Cl-	2	1803.0999999999999	0.0168997320517488
Cl-	2	1804.76	0.01602020543177653
Cl-	2	1806.4300000000001	0.015165555278618821
Cl-	2	1808.0999999999999	0.014336499182664546
Cl-	2	1809.77	0.01353518991508036
Cl-	2	1811.4400000000001	0.012763062656644007
Cl-	2	1813.0999999999999	0.012022748572114723
Cl-	2	1814.77	0.011317118023048054
Cl-	2	1816.4400000000001	0.010648802174203205
Cl-	2	1818.1099999999999	0.01002019299354312
Cl-	2	1819.78	0.009433443252234457
Cl-	2	1821.4400000000001	0.0088911841150364421
Cl-	2	1823.1099999999999	0.0083943723691342377
Cl-	2	1824.78	0.0079439648017130358
Cl-	2	1826.45	0.0075397222159765288
Cl-	2	1828.1199999999999	0.0071811662183321372
Cl-	2	1829.78	0.0068666224312058047
Cl-	2	1831.45	0.0065936988866345985
Cl-	2	1833.1199999999999	0.0063592860262666785
Cl-	2	1834.79	0.0061593175045650782
Cl-	2	1836.46	0.0059897269759927752
Cl-	2	1838.1199999999999	0.0058464480950127917
Cl-	2	1839.79	0.0057239793353103764
Cl-	2	1841.46	0.0056177759577559399
Cl-	2	1843.1300000000001	0.0055230540264235945
Cl-	2	1844.8	0.0054359863925726587
Cl-	2	1846.46	0.0053527459074624167
Cl-	2	1848.1300000000001	0.0052699838159447647
Cl-	2	1849.8	0.0051850689532604655
Cl-	2	1851.47	0.0050965661386317678
Cl-	2	1853.1400000000001	0.0050037577816697751
Cl-	2	1854.8	0.0049061654887819078
Cl-	2	1856.47	0.0048040284567644597
Cl-	2	1858.1400000000001	0.0046987818663951934
Cl-	2	1859.8099999999999	0.0045918608984518699
Cl-	2	1861.48	0.0044849399305085472
Cl-	2	1863.1400000000001	0.0043801717337318717
Cl-	2	1864.8099999999999	0.0042797090792884808
Cl-	2	1866.48	0.0041852263447524308
Cl-	2	1868.1500000000001	0.0040991154980866661
Cl-	2	1869.8199999999999	0.0040223333264763558
Cl-	2	1871.48	0.0039558366171066825
Cl-	2	1873.1500000000001	0.0039005821571628267
Cl-	2	1874.8199999999999	0.0038563307498484726
Cl-	2	1876.49	0.0038226040015710504
Cl-	2	1878.1600000000001	0.0037984451251453786
Cl-	2	1879.8199999999999	0.0037819405462011053
Cl-	2	1881.49	0.0037714158871641735
Cl-	2	1883.1600000000001	0.0037647183768679459
Cl-	2	1884.8299999999999	0.0037589776537568999
Cl-	2	1886.5	0.003752040946664377
Cl-	2	1888.1600000000001	0.0037407986972385694
Cl-	2	1889.8299999999999	0.0037235765279054209
Cl-	2	1891.5	0.0036972648803131015
Cl-	2	1893.1700000000001	0.0036606677704801565
Cl-	2	1894.8399999999999	0.0036118716240362224
Cl-	2	1896.5	0.0035503980473887194
Cl-	2	1898.1700000000001	0.0034755294501487618
Cl-	2	1899.8399999999999	0.0033882226195015301
Cl-	2	1901.51	0.0032894343426321856
Cl-	2	1903.1800000000001	0.0031803606035222254
Cl-	2	1904.8399999999999	0.003063871763727152
Cl-	2	1906.51	0.002942120594413612
Cl-	2	1908.1800000000001	0.0028184558507297203
Cl-	2	1909.8499999999999	0.0026964654846198853
Cl-	2	1911.52	0.0025794982512322212
Cl-	2	1913.1800000000001	0.0024706637089185455
Cl-	2	1914.8499999999999	0.0023730714160306882
Cl-	2	1916.52	0.0022893525373278551
Cl-	2	1918.1900000000001	0.0022207030567915446
Cl-	2	1919.8599999999999	0.002168558155199497
Cl-	2	1921.52	0.0021324394389591319
Cl-	2	1923.1900000000001	0.0021118685144778694
Cl-	2	1924.8599999999999	0.0021049318073853465
Cl-	2	1926.53	0.0021097157433112219
Cl-	2	1928.2	0.0021228715671073816
Cl-	2	1929.8599999999999	0.0021417681140145873
Cl-	2	1931.53	0.0021632958256810313
Cl-	2	1933.2	0.0021843451437548846
Cl-	2	1934.8699999999999	0.00220276329706951
Cl-	2	1936.54	0.0022168759080508403
Cl-	2	1938.2	0.002225726189513705
Cl-	2	1939.8699999999999	0.0022293141414581139
Cl-	2	1941.54	0.0022283573542729433
Cl-	2	1943.21	0.0022240518119396586
Cl-	2	1944.8800000000001	0.0022183110888286017
Cl-	2	1946.54	0.0022140055464953175
Cl-	2	1948.21	0.0022128095625138407
Cl-	2	1949.8800000000001	0.0022171151048471357
Cl-	2	1951.55	0.002228835747865534
Cl-	2	1953.22	0.0022491674755505012
Cl-	2	1954.8800000000001	0.0022790670750872295
Cl-	2	1956.55	0.002317816956086822
Cl-	2	1958.22	0.0023646995281604039
Cl-	2	1959.8900000000001	0.0024180404137339176
Cl-	2	1961.5599999999999	0.0024754476448444209
Cl-	2	1963.22	0.002534290056732696
Cl-	2	1964.8900000000001	0.002591218894250619
Cl-	2	1966.5599999999999	0.002643602992638962
Cl-	2	1968.23	0.0026878543999533057
Cl-	2	1969.9000000000001	0.0027215811482307383
Cl-	2	1971.5599999999999	0.0027423912695082962
Cl-	2	1973.23	0.0027486103862119329
Cl-	2	1974.9000000000001	0.0027390425143601826
Cl-	2	1976.5699999999999	0.002713209260360454
Cl-	2	1978.24	0.0026708714274164521
Cl-	2	1979.9000000000001	0.0026134641963059383
Cl-	2	1981.5699999999999	0.0025414659606215143
Cl-	2	1983.24	0.0024563119011409198
Cl-	2	1984.9100000000001	0.0023601547890308239
Cl-	2	1986.5799999999999	0.0022544298050689669
Cl-	2	1988.24	0.0021405721300331209
Cl-	2	1989.9100000000001	0.0020212129286825242
Cl-	2	1991.5799999999999	0.001896591397813451
Cl-	2	1993.25	0.0017683819149999899
Cl-	2	1994.9200000000001	0.001638258857816166
Cl-	2	1996.5799999999999	0.0015064614230582852
Cl-	2	1998.25	0.0013734680043189381
Cl-	2	1999.9200000000001	0.0012407137823758864
Cl-	2	2001.5899999999999	0.0011086771508217103
Cl-	2	2003.26	0.00097735810965642001
Cl-	2	2004.9200000000001	0.00084795264286148216
Cl-	2	2006.5899999999999	0.00072141753762206733
Cl-	2	2008.26	0.00059918797471594765
Cl-	2	2009.9300000000001	0.00048245993812457859
Cl-	2	2011.5999999999999	0.0003731470022183125
Cl-	2	2013.26	0.00027340193816380759
Cl-	2	2014.9300000000001	0.00018585591072028081
Cl-	2	2016.5999999999999	0.00011218329746178911
Cl-	2	2018.27	5.5015263147570765e-05
Cl-	2	2019.9400000000001	1.6982972536864064e-05
Cl-	2	2021.5999999999999	0
Cl-	2	2023.27	5.0231327221706129e-06
Cl-	2	2024.9400000000001	3.3248354684842061e-05
Cl-	2	2026.6099999999999	8.5154059480594446e-05
Cl-	2	2028.28	0.00015930506633166623
Cl-	2	2029.9400000000001	0.0002547445880528866
Cl-	2	2031.6099999999999	0.0003681238694961419
Cl-	2	2033.28	0.00049609415551331824
Cl-	2	2034.95	0.00063482829736372201
Cl-	2	2036.6199999999999	0.00077906396552887634
Cl-	2	2038.28	0.0009237780272866109
Cl-	2	2039.95	0.001063947349914776
Cl-	2	2041.6199999999999	0.0011945488006911802
Cl-	2	2043.29	0.0013110376404862644
Cl-	2	2044.96	0.0014095867205593032
Cl-	2	2046.6199999999999	0.0014875648761510795
Cl-	2	2048.29	0.0015430585328912408
Cl-	2	2049.96	0.0015755892971871864
Cl-	2	2051.6300000000001	0.0015858747594278228
Cl-	2	2053.3000000000002	0.0015746325100020155
Cl-	2	2054.96	0.0015456896976504685
Cl-	2	2056.6300000000001	0.0015014382903361144
Cl-	2	2058.3000000000002	0.0014461838303922484
Cl-	2	2059.9699999999998	0.0013837534665595748
Cl-	2	2061.6399999999999	0.001318931134763958
Cl-	2	2063.3000000000002	0.0012560223773386936
Cl-	2	2064.9699999999998	0.0011978975558392939
Cl-	2	2066.6399999999999	0.0011486230158027797
Cl-	2	2068.3099999999999	0.0011108299219883579
Cl-	2	2069.98	0.0010861926519700955
Cl-	2	2071.6399999999999	0.0010763855833220495
Cl-	2	2073.3099999999999	0.0010814087160442203
Cl-	2	2074.98	0.0011012620501366073
Cl-	2	2076.6500000000001	0.0011354671920066203
Cl-	2	2078.3200000000002	0.0011830673544690881
Cl-	2	2079.98	0.0012426273567462387
Cl-	2	2081.6500000000001	0.0013117552308751399
Cl-	2	2083.3200000000002	0.0013897333864669162
Cl-	2	2084.9899999999998	0.0014741698555586244
Cl-	2	2086.6599999999999	0.0015631510637799128
Cl-	2	2088.3200000000002	0.0016554810271493148
Cl-	2	2089.9899999999998	0.0017492461712964782
Cl-	2	2091.6599999999999	0.0018425329218510617
Cl-	2	2093.3299999999999	0.0019341452948315777
Cl-	2	2095	0.0020219305190713999
Cl-	2	2096.6599999999999	0.0021039750202001758
Cl-	2	2098.3299999999999	0.0021793220110327138
Cl-	2	2100	0.0022453403268097964
Cl-	3	2900.6300000000001	0.0030755924067455394
Cl-	3	2902.3000000000002	0.0029095898301176562
Cl-	3	2903.9699999999998	0.0027787491825449462
Cl-	3	2905.6399999999999	0.0026885719903421918
Cl-	3	2907.3099999999999	0.0026416894182686099
Cl-	3	2908.9699999999998	0.0026400150406945531
Cl-	3	2910.6399999999999	0.0026833096608237256
Cl-	3	2912.3099999999999	0.0027703772946746723
Cl-	3	2913.98	0.0028978691870992579
Cl-	3	2915.6500000000001	0.0030614797957642086
Cl-	3	2917.3099999999999	0.0032552292007621835
Cl-	3	2918.98	0.0034724198917969432
Cl-	3	2920.6500000000001	0.0037065935553685569
Cl-	3	2922.3200000000002	0.0039505742875882268
Cl-	3	2923.9899999999998	0.0041962293973819426
Cl-	3	2925.6500000000001	0.0044371005712497942
Cl-	3	2927.3200000000002	0.0046667294956918284
Cl-	3	2928.9899999999998	0.0048791362508007127
Cl-	3	2930.6599999999999	0.0050697760974468585
Cl-	3	2932.3299999999999	0.0052341042965006954
Cl-	3	2933.9899999999998	0.00536925048640669
Cl-	3	2935.6599999999999	0.0054730618959981945
Cl-	3	2937.3299999999999	0.0055445817380900386
Cl-	3	2939	0.0055828532254970408
Cl-	3	2940.6700000000001	0.0055890723422006771
Cl-	3	2942.3299999999999	0.0055639566785898346
Cl-	3	2944	0.0055091806122385487
Cl-	3	2945.6700000000001	0.0054266577175171929
Cl-	3	2947.3400000000001	0.0053197367495738694
Cl-	3	2949.0100000000002	0.0051910488731678178
Cl-	3	2950.6700000000001	0.0050441820402434253
Cl-	3	2952.3400000000001	0.0048827242027451217
Cl-	3	2954.0100000000002	0.0047105025094135913
Cl-	3	2955.6799999999998	0.0045325400929710153
Cl-	3	2957.3499999999999	0.0043536208893432569
Cl-	3	2959.0100000000002	0.0041775720472710326
Cl-	3	2960.6799999999998	0.0040098950930690823
Cl-	3	2962.3499999999999	0.0038558523562558819
Cl-	3	2964.02	0.0037197493791647166
Cl-	3	2965.6900000000001	0.0036066092945177563
Cl-	3	2967.3499999999999	0.0035204984478519911
Cl-	3	2969.02	0.0034642872007229542
Cl-	3	2970.6900000000001	0.0034410851114824535
Cl-	3	2972.3600000000001	0.0034520881641119656
Cl-	3	2974.0300000000002	0.0034982531457966718
Cl-	3	2975.6900000000001	0.0035788624661476759
Cl-	3	2977.3600000000001	0.0036920025507946358
Cl-	3	2979.0300000000002	0.0038348030381820286
Cl-	3	2980.6999999999998	0.0040029583859765589
Cl-	3	2982.3699999999999	0.0041926414454375336
Cl-	3	2984.0300000000002	0.0043978722966576114
Cl-	3	2985.6999999999998	0.0046133886101183139
Cl-	3	2987.3699999999999	0.0048332104659123019
Cl-	3	2989.04	0.0050518363377248339
Cl-	3	2990.71	0.0052642430928337191
Cl-	3	2992.3699999999999	0.0054666035824982627
Cl-	3	2994.04	0.0056550906579777606
Cl-	3	2995.71	0.0058280299416981771
Cl-	3	2997.3800000000001	0.0059839862528817296
Cl-	3	2999.0500000000002	0.0061231987883247126
Cl-	3	3000.71	0.0062471027288048897
Cl-	3	3002.3800000000001	0.0063583292390815083
Cl-	3	3004.0500000000002	0.0064597486807100694
Cl-	3	3005.7199999999998	0.0065551882024312905
Cl-	3	3007.3899999999999	0.0066499101337636349
Cl-	3	3009.0500000000002	0.006747502426651503
Cl-	3	3010.7199999999998	0.006853466607409645
Cl-	3	3012.3899999999999	0.0069716298247787861
Cl-	3	3014.0599999999999	0.0071058192274995992
Cl-	3	3015.73	0.0072593835707202084
Cl-	3	3017.3899999999999	0.0074347148224035578
Cl-	3	3019.0599999999999	0.0076337265569199871
Cl-	3	3020.73	0.0078568971678620991
Cl-	3	3022.4000000000001	0.0081044658520261683
Cl-	3	3024.0700000000002	0.0083759542158196119
Cl-	3	3025.73	0.0086699270784646818
Cl-	3	3027.4000000000001	0.0089856668495724816
Cl-	3	3029.0700000000002	0.009320781561180087
Cl-	3	3030.7399999999998	0.0096735968357134217
Cl-	3	3032.4099999999999	0.010041720705209563
Cl-	3	3034.0700000000002	0.010423957185687036
Cl-	3	3035.7399999999998	0.010817675112386621
Cl-	3	3037.4099999999999	0.011221439304530538
Cl-	3	3039.0799999999999	0.011632379400563261
Cl-	3	3040.75	0.012048821022910747
Cl-	3	3042.4099999999999	0.012468372203610061
Cl-	3	3044.0799999999999	0.012887444990716774
Cl-	3	3045.75	0.01330388661306426
Cl-	3	3047.4200000000001	0.013712673937930346
Cl-	3	3049.0900000000001	0.014110458210166921
Cl-	3	3050.75	0.014492216297051802
Cl-	3	3052.4200000000001	0.014852925065862842
Cl-	3	3054.0900000000001	0.015187800580674142
Cl-	3	3055.7600000000002	0.015491341315170963
Cl-	3	3057.4299999999998	0.015759480923816304
Cl-	3	3059.0900000000001	0.015987435470684281
Cl-	3	3060.7600000000002	0.016172095397423085
Cl-	3	3062.4299999999998	0.016311547129662363
Cl-	3	3064.0999999999999	0.016404355486624358
Cl-	3	3065.77	0.016450759665105348
Cl-	3	3067.4299999999998	0.016452912436271994
Cl-	3	3069.0999999999999	0.016413444964883516
Cl-	3	3070.77	0.016336662793273216
Cl-	3	3072.4400000000001	0.016228067447755838
Cl-	3	3074.1100000000001	0.01609411724183131
Cl-	3	3075.77	0.015941509685795881
Cl-	3	3077.4400000000001	0.015777181486742044
Cl-	3	3079.1100000000001	0.015609265335743798
Cl-	3	3080.7800000000002	0.015444219546301085
Cl-	3	3082.4499999999998	0.01528945921909901
Cl-	3	3084.1100000000001	0.015150725077248605
Cl-	3	3085.7800000000002	0.015033518647064656
Cl-	3	3087.4499999999998	0.014942384667676721
Cl-	3	3089.1199999999999	0.014880671894232922
Cl-	3	3090.79	0.014850772294696194
Cl-	3	3092.4499999999998	0.014853642656251716
Cl-	3	3094.1199999999999	0.014890000569288377
Cl-	3	3095.79	0.014958889246620994
Cl-	3	3097.46	0.015057916720286613
Cl-	3	3099.1300000000001	0.015185408612711209
Cl-	3	3100.79	0.015337059381561467
Cl-	3	3102.46	0.015509281074892998
Cl-	3	3104.1300000000001	0.015697289756779916
Cl-	3	3105.8000000000002	0.015896301491296345
Cl-	3	3107.4699999999998	0.016100814752127535
Cl-	3	3109.1300000000001	0.016306284800143907
Cl-	3	3110.8000000000002	0.016507210109030689
Cl-	3	3112.4699999999998	0.016698567546065721
Cl-	3	3114.1399999999999	0.0168765299625083
Cl-	3	3115.8000000000002	0.017036313422432545
Cl-	3	3117.4699999999998	0.017175286761079243
Cl-	3	3119.1399999999999	0.017290101223300259
Cl-	3	3120.8099999999999	0.017379321628317845
Cl-	3	3122.48	0.017441991188946813
Cl-	3	3124.1399999999999	0.017477631511594587
Cl-	3	3125.8099999999999	0.017487199383446339
Cl-	3	3127.48	0.017471651591687246
Cl-	3	3129.1500000000001	0.017433858497872823
Cl-	3	3130.8200000000002	0.017376212069966025
Cl-	3	3132.48	0.017303017850300126
Cl-	3	3134.1500000000001	0.017218102987615825
Cl-	3	3135.8200000000002	0.017126012221042718
Cl-	3	3137.4899999999998	0.017031768683302966
Cl-	3	3139.1599999999999	0.016940873900711324
Cl-	3	3140.8200000000002	0.016858590202786263
Cl-	3	3142.4899999999998	0.016789701525453646
Cl-	3	3144.1599999999999	0.016740187788620839
Cl-	3	3145.8299999999999	0.016714354534621109
Cl-	3	3147.5	0.016716985699380335
Cl-	3	3149.1599999999999	0.016752865218824405
Cl-	3	3150.8299999999999	0.016824863454508843
Cl-	3	3152.5	0.016936329161581744
Cl-	3	3154.1700000000001	0.017089893504802355
Cl-	3	3155.8400000000001	0.017286274074559557
Cl-	3	3157.5	0.017526906051631111
Cl-	3	3159.1700000000001	0.017811071845628138
Cl-	3	3160.8400000000001	0.018137336275772856
Cl-	3	3162.5100000000002	0.018503785767694941
Cl-	3	3164.1799999999998	0.018906114779061095
Cl-	3	3165.8400000000001	0.019341213751519502
Cl-	3	3167.5100000000002	0.019802863568366514
Cl-	3	3169.1799999999998	0.020286041096879967
Cl-	3	3170.8499999999999	0.020783331236374752
Cl-	3	3172.52	0.021288275673350943
Cl-	3	3174.1799999999998	0.021793220110327138
Cl-	3	3175.8499999999999	0.022291945430599685
Cl-	3	3177.52	0.022777036533483491
Cl-	3	3179.1900000000001	0.023242752695867501
Cl-	3	3180.8600000000001	0.023683831588233246
Cl-	3	3182.52	0.024096446061840027
Cl-	3	3184.1900000000001	0.024477486558336033
Cl-	3	3185.8600000000001	0.024825757093739791
Cl-	3	3187.5300000000002	0.025141736061643882
Cl-	3	3189.1999999999998	0.025426858642826077
Cl-	3	3190.8600000000001	0.02568399519884192
Cl-	3	3192.5300000000002	0.025917690468820941
Cl-	3	3194.1999999999998	0.026132489191892767
Cl-	3	3195.8699999999999	0.026334132091168427
Cl-	3	3197.54	0.02652883828335157
Cl-	3	3199.1999999999998	0.026721870097960659
Cl-	3	3200.8699999999999	0.026919207454903043
Cl-	3	3202.54	0.027124916699715691
Cl-	3	3204.21	0.027343064177935632
Cl-	3	3205.8800000000001	0.027575802660729495
Cl-	3	3207.54	0.027824806525671313
Cl-	3	3209.21	0.028089836575964849
Cl-	3	3210.8800000000001	0.02836993602442487
Cl-	3	3212.5500000000002	0.028663191296681045
Cl-	3	3214.2199999999998	0.028966253637585274
Cl-	3	3215.8800000000001	0.029276731079174629
Cl-	3	3217.5500000000002	0.029590557275912074
Cl-	3	3219.2199999999998	0.029904861866242114
Cl-	3	3220.8899999999999	0.030216535291812913
Cl-	3	3222.5599999999999	0.030522946387865256
Cl-	3	3224.2199999999998	0.030822899170417677
Cl-	3	3225.8899999999999	0.031115197655488692
Cl-	3	3227.5599999999999	0.031398645859096831
Cl-	3	3229.23	0.03167396137163097
Cl-	3	3230.9000000000001	0.031940904996294844
Cl-	3	3232.5599999999999	0.032200433520273616
Cl-	3	3234.23	0.032453025337159852
Cl-	3	3235.9000000000001	0.032698919643749866
Cl-	3	3237.5700000000002	0.032938355636839958
Cl-	3	3239.2399999999998	0.033171572513226388
Cl-	3	3240.9000000000001	0.03339785268252031
Cl-	3	3242.5700000000002	0.033616478554332842
Cl-	3	3244.2399999999998	0.033826971735071376
Cl-	3	3245.9099999999999	0.034028853831143339
Cl-	3	3247.5799999999999	0.034222124842548711
Cl-	3	3249.2399999999998	0.034407263162880106
Cl-	3	3250.9099999999999	0.034585464776118985
Cl-	3	3252.5799999999999	0.034759121650228271
Cl-	3	3254.25	0.034931104146763516
Cl-	3	3255.9200000000001	0.035105957004854263
Cl-	3	3257.5799999999999	0.035288224963630134
Cl-	3	3259.25	0.035484605533387337
Cl-	3	3260.9200000000001	0.035701557027625792
Cl-	3	3262.5900000000001	0.035946016153438051
Cl-	3	3264.2600000000002	0.036225158814712895
Cl-	3	3265.9200000000001	0.036546400112135467
Cl-	3	3267.5900000000001	0.036915959162409355
Cl-	3	3269.2600000000002	0.037340533475830842
Cl-	3	3270.9299999999998	0.037823711004344299
Cl-	3	3272.5999999999999	0.038370275683875604
Cl-	3	3274.2600000000002	0.03898070590801736
Cl-	3	3275.9299999999998	0.039656197660751007
Cl-	3	3277.5999999999999	0.040394119777317349
Cl-	3	3279.27	0.041190405912179373
Cl-	3	3280.9400000000001	0.04203955453902234
Cl-	3	3282.5999999999999	0.042933432966772211
Cl-	3	3284.27	0.043862712520373583
Cl-	3	3285.9400000000001	0.044816150950400632
Cl-	3	3287.6100000000001	0.045782745204223846
Cl-	3	3289.2800000000002	0.046749817851639626
Cl-	3	3290.9400000000001	0.047704930659240724
Cl-	3	3292.6100000000001	0.0486380373615828
Cl-	3	3294.2800000000002	0.049537895709240026
Cl-	3	3295.9499999999998	0.050396851404731033
Cl-	3	3297.6199999999999	0.051208206937759571
Cl-	3	3299.2800000000002	0.051968135159584934
Cl-	3	3300.9499999999998	0.052675200889429376
Cl-	3	3302.6199999999999	0.053330600111274364
Cl-	3	3304.29	0.053937920777064288
Cl-	3	3305.96	0.054502903609910218
Cl-	3	3307.6199999999999	0.055032724513700962
Cl-	3	3309.29	0.055536472966695692
Cl-	3	3310.96	0.056023238447153539
Cl-	3	3312.6300000000001	0.056502588826926291
Cl-	3	3314.3000000000002	0.056984570371458279
Cl-	3	3315.96	0.057477794165416075
Cl-	3	3317.6300000000001	0.057990392899873656
Cl-	3	3319.3000000000002	0.058529781675516167
Cl-	3	3320.9699999999998	0.059100983625065717
Cl-	3	3322.6399999999999	0.059708543487651949
Cl-	3	3324.3000000000002	0.060355810018422933
Cl-	3	3325.9699999999998	0.061044457594952771
Cl-	3	3327.6399999999999	0.061774964610833989
Cl-	3	3329.3099999999999	0.06254733106606665
Cl-	3	3330.98	0.06336107856705811
Cl-	3	3332.6399999999999	0.064214293539438055
Cl-	3	3334.3099999999999	0.065105062408836123
Cl-	3	3335.98	0.066031471600881964
Cl-	3	3337.6500000000001	0.066990650754020054
Cl-	3	3339.3200000000002	0.06797996870349117
Cl-	3	3340.98	0.068996794284536075
Cl-	3	3342.6500000000001	0.070038974725988107
Cl-	3	3344.3200000000002	0.07110292207590288
Cl-	3	3345.9899999999998	0.07218672275991006
Cl-	3	3347.6599999999999	0.073287745613250369
Cl-	3	3349.3200000000002	0.074403120274368295
Cl-	3	3350.9899999999998	0.075530454775300931
Cl-	3	3352.6599999999999	0.076667835541677901
Cl-	3	3354.3299999999999	0.077812870605536266
Cl-	3	3356	0.078962928802116805
Cl-	3	3357.6599999999999	0.080116814147438042
Cl-	3	3359.3299999999999	0.081271417083148154
Cl-	3	3361	0.082425541625265691
Cl-	3	3362.6700000000001	0.083577035002624006
Cl-	3	3364.3400000000001	0.084723983640852721
Cl-	3	3366	0.085864952359174102
Cl-	3	3367.6700000000001	0.086997549189625184
Cl-	3	3369.3400000000001	0.088121056541817108
Cl-	3	3371.0100000000002	0.089233560841379539
Cl-	3	3372.6799999999998	0.090333866104330945
Cl-	3	3374.3400000000001	0.09142149393707881
Cl-	3	3376.0100000000002	0.092495248355641643
Cl-	3	3377.6799999999998	0.093555607753611991
Cl-	3	3379.3499999999999	0.094602332934193609
Cl-	3	3381.02	0.095636859078164257
Cl-	3	3382.6799999999998	0.096660621366301686
Cl-	3	3384.3499999999999	0.097675772569772501
Cl-	3	3386.02	0.098684943853336038
Cl-	3	3387.6900000000001	0.099691962365732883
Cl-	3	3389.3600000000001	0.10070041605890748
Cl-	3	3391.02	0.10171389288480426
Cl-	3	3392.6900000000001	0.10273693758255281
Cl-	3	3394.3600000000001	0.10377289890730121
Cl-	3	3396.0300000000002	0.10482560400779019
Cl-	3	3397.6999999999998	0.10589696645839004
Cl-	3	3399.3600000000001	0.10698961742386009
Cl-	3	3401.0300000000002	0.10810427449458913
Cl-	3	3402.6999999999998	0.1092414160641698
Cl-	3	3404.3699999999999	0.11040008534541695
Cl-	3	3406.04	0.1115793255511453
Cl-	3	3407.6999999999998	0.11277817989416976
Cl-	3	3409.3699999999999	0.11399497399691627
Cl-	3	3411.04	0.11522899026899594
Cl-	3	3412.71	0.11647951112001986
Cl-	3	3414.3800000000001	0.11774797173076583
Cl-	3	3416.04	0.11903676406919679
Cl-	3	3417.71	0.12034899769366451
Cl-	3	3419.3800000000001	0.12169041332728008
Cl-	3	3421.0500000000002	0.12306746928354342
Cl-	3	3422.7199999999998	0.12448877664712114
Cl-	3	3424.3800000000001	0.12596198971549458
Cl-	3	3426.0500000000002	0.12749691555731182
Cl-	3	3427.7199999999998	0.12910264365083202
Cl-	3	3429.3899999999999	0.13078802427751807
Cl-	3	3431.0599999999999	0.13256119012844392
Cl-	3	3432.7199999999998	0.13442788192672064
Cl-	3	3434.3899999999999	0.13639407959225561
Cl-	3	3436.0599999999999	0.13846073991223393
Cl-	3	3437.73	0.14063025485461858
Cl-	3	3439.4000000000001	0.14290023245144667
Cl-	3	3441.0599999999999	0.1452682807347552
Cl-	3	3442.73	0.14772961576861829
Cl-	3	3444.4000000000001	0.15027706164914711
Cl-	3	3446.0700000000002	0.15290583444041589
Cl-	3	3447.73	0.15560636627057275
Cl-	3	3449.4000000000001	0.1583738732036919
Cl-	3	3451.0700000000002	0.16119639539995859
Cl-	3	3452.7399999999998	0.16406675695548409
Cl-	3	3454.4099999999999	0.16697778196637947
Cl-	3	3456.0700000000002	0.16992755685827451
Cl-	3	3457.7399999999998	0.1729007730362063
Cl-	3	3459.4099999999999	0.17590030086173039
Cl-	3	3461.0799999999999	0.17891657246299511
Cl-	3	3462.75	0.18194480390407447
Cl-	3	3464.4099999999999	0.18498738715293148
Cl-	3	3466.0799999999999	0.18803714630567728
Cl-	3	3467.75	0.19109647333027485
Cl-	3	3469.4200000000001	0.19416776019468707
Cl-	3	3471.0900000000001	0.19725100689891401
Cl-	3	3472.75	0.20036056525073329
Cl-	3	3474.4200000000001	0.20349643525014485
Cl-	3	3476.0900000000001	0.20667057673696346
Cl-	3	3477.7600000000002	0.20989734151896666
Cl-	3	3479.4299999999998	0.21319586533985802
Cl-	3	3481.0900000000001	0.21657332410352631
Cl-	3	3482.7600000000002	0.22005124552163802
Cl-	3	3484.4299999999998	0.22364637336993365
Cl-	3	3486.0999999999999	0.22736827552026501
Cl-	3	3487.77	0.23123130378040971
Cl-	3	3489.4299999999998	0.23524502602221947
Cl-	3	3491.0999999999999	0.23940944224569438
Cl-	3	3492.77	0.24372933638676023
Cl-	3	3494.4400000000001	0.24819274860560234
Cl-	3	3496.1100000000001	0.25279489496629481
Cl-	3	3497.77	0.2575142477571713
Cl-	3	3499.4400000000001	0.26233406320249114
Cl-	3	3501.1100000000001	0.26722802965466208
Cl-	3	3502.7800000000002	0.27217701136998057
Cl-	3	3504.4499999999998	0.27715230473289137
Cl-	3	3506.1100000000001	0.28212520612783926
Cl-	3	3507.7800000000002	0.28707657981112067
Cl-	3	3509.4499999999998	0.2919896820069951
Cl-	3	3511.1199999999999	0.296845376971759
Cl-	3	3512.79	0.30163648880152361
Cl-	3	3514.4499999999998	0.30635823356036301
Cl-	3	3516.1199999999999	0.31102017912012897
Cl-	3	3517.79	0.3156247174487844
Cl-	3	3519.46	0.32018620035410694
Cl-	3	3521.1300000000001	0.32472615554776313
Cl-	3	3522.79	0.32927089467734505
Cl-	3	3524.46	0.33383476955063063
Cl-	3	3526.1300000000001	0.33844648378317482
Cl-	3	3527.8000000000002	0.34312756508664427
Cl-	3	3529.4699999999998	0.34789954117270538
Cl-	3	3531.1300000000001	0.35277676384913575
Cl-	3	3532.8000000000002	0.35777119295575005
Cl-	3	3534.4699999999998	0.36289000439643715
Cl-	3	3536.1399999999999	0.36813080620323407
Cl-	3	3537.8099999999999	0.37349599034410375
Cl-	3	3539.4699999999998	0.37896881304330565
Cl-	3	3541.1399999999999	0.38454209839695092
Cl-	3	3542.8099999999999	0.39019910262929902
Cl-	3	3544.48	0.3959230819646094
Cl-	3	3546.1500000000001	0.40170446853103037
Cl-	3	3547.8099999999999	0.40752651855282118
Cl-	3	3549.48	0.41337009628627847
Cl-	3	3551.1500000000001	0.41923520173140216
Cl-	3	3552.8200000000002	0.42511465898430351
Cl-	3	3554.4899999999998	0.43099890017313064
Cl-	3	3556.1500000000001	0.43689510120177261
Cl-	3	3557.8200000000002	0.44279847813430334
Cl-	3	3559.4899999999998	0.44871620687461167
Cl-	3	3561.1599999999999	0.45465067939066056
Cl-	3	3562.8299999999999	0.46060428765041295
Cl-	3	3564.4899999999998	0.46657703165386888
Cl-	3	3566.1599999999999	0.4725784792728801
Cl-	3	3567.8299999999999	0.47859667066763184
Cl-	3	3569.5	0.48462442993423527
Cl-	3	3571.1700000000001	0.49066414904065347
Cl-	3	3572.8299999999999	0.4966966922431828
Cl-	3	3574.5	0.50270531576608279
Cl-	3	3576.1700000000001	0.50867805976953873
Cl-	3	3577.8400000000001	0.51458622063799531
Cl-	3	3579.5100000000002	0.52041783853163792
Cl-	3	3581.1700000000001	0.52614181786694836
Cl-	3	3582.8400000000001	0.53173663093225998
Cl-	3	3584.5100000000002	0.53718075001590659
Cl-	3	3586.1799999999998	0.54245503937418471
Cl-	3	3587.8499999999999	0.54753079539153893
Cl-	3	3589.5100000000002	0.5524032341320434
Cl-	3	3591.1799999999998	0.55705082788403171
Cl-	3	3592.8499999999999	0.56147118467954094
Cl-	3	3594.52	0.5656571286146822
Cl-	3	3596.1900000000001	0.56961105165741865
Cl-	3	3597.8499999999999	0.57334491364756457
Cl-	3	3599.52	0.57687067442493511
Cl-	3	3601.1900000000001	0.58020986170119637
Cl-	3	3602.8600000000001	0.58338400318801498
Cl-	3	3604.5300000000002	0.5864313703727978
Cl-	3	3606.1900000000001	0.5893758829351744
Cl-	3	3607.8600000000001	0.59225820433051457
Cl-	3	3609.5300000000002	0.59511421407826237
Cl-	3	3611.1999999999998	0.59797500776193613
Cl-	3	3612.8699999999999	0.60088124883690563
Cl-	3	3614.5300000000002	0.60385924895076326
Cl-	3	3616.1999999999998	0.60694010368702733
Cl-	3	3617.8699999999999	0.61013816485347527
Cl-	3	3619.54	0.61347256819381069
Cl-	3	3621.21	0.61694331370803357
Cl-	3	3622.8699999999999	0.62055518533206977
Cl-	3	3624.54	0.62429383125814164
Cl-	3	3626.21	0.62815446755032345
Cl-	3	3627.8800000000001	0.63211078256102282
Cl-	3	3629.5500000000002	0.63613646464264717
Cl-	3	3631.21	0.64020998608353041
Cl-	3	3632.8800000000001	0.6442978593321913
Cl-	3	3634.5500000000002	0.64837377274103747
Cl-	3	3636.2199999999998	0.65241141466247665
Cl-	3	3637.8899999999999	0.65638686541687941
Cl-	3	3639.5500000000002	0.66027620532461639
Cl-	3	3641.2199999999998	0.664067474545873
Cl-	3	3642.8899999999999	0.66773914536898271
Cl-	3	3644.5599999999999	0.67129360976190833
Cl-	3	3646.23	0.67471651591687243
Cl-	3	3647.8899999999999	0.67800307989794917
Cl-	3	3649.5599999999999	0.6811509097371754
Cl-	3	3651.23	0.6841552214986254
Cl-	3	3652.9000000000001	0.68700405534248443
Cl-	3	3654.5700000000002	0.6896974112687525
Cl-	3	3656.23	0.69221615353372612
Cl-	3	3657.9000000000001	0.6945531062335164
Cl-	3	3659.5700000000002	0.69668434968849402
Cl-	3	3661.2399999999998	0.69860031602680728
Cl-	3	3662.9099999999999	0.70028665344067864
Cl-	3	3664.5700000000002	0.70172183421844125
Cl-	3	3666.2399999999998	0.70290346639213264
Cl-	3	3667.9099999999999	0.70382437405786369
Cl-	3	3669.5799999999999	0.7044821652476716
Cl-	3	3671.25	0.70488401586544525
Cl-	3	3672.9099999999999	0.70503710181507318
Cl-	3	3674.5799999999999	0.7049701267121109
Cl-	3	3676.25	0.7047022263002618
Cl-	3	3677.9200000000001	0.70425971222711847
Cl-	3	3679.5900000000001	0.70367128810823576
Cl-	3	3681.25	0.70297761739898368
Cl-	3	3682.9200000000001	0.70219783584306583
Cl-	3	3684.5900000000001	0.70137021492788942
Cl-	3	3686.2600000000002	0.70051867433308346
Cl-	3	3687.9299999999998	0.69966234980235176
Cl-	3	3689.5900000000001	0.69882276904736063
Cl-	3	3691.2600000000002	0.69801667584385041
Cl-	3	3692.9299999999998	0.6972488541277474
Cl-	3	3694.5999999999999	0.69653126373886598
Cl-	3	3696.27	0.69586868861313234
Cl-	3	3697.9299999999998	0.69526112875054602
Cl-	3	3699.5999999999999	0.69472054399092209
Cl-	3	3701.27	0.69423975843037156
Cl-	3	3702.9400000000001	0.6938259479727833
Cl-	3	3704.6100000000001	0.69348389655408316
Cl-	3	3706.27	0.69321838811019709
Cl-	3	3707.9400000000001	0.69303181460908792
Cl-	3	3709.6100000000001	0.69292895998668158
Cl-	3	3711.2800000000002	0.69291221621094101
Cl-	3	3712.9499999999998	0.69297679934594036
Cl-	3	3714.6100000000001	0.6931203174237166
Cl-	3	3716.2800000000002	0.69333320257241815
Cl-	3	3717.9499999999998	0.69360349495223006
Cl-	3	3719.6199999999999	0.69390727488352322
Cl-	3	3721.29	0.69422540662259391
Cl-	3	3722.9499999999998	0.69452440261796111
Cl-	3	3724.6199999999999	0.6947707753181438
Cl-	3	3726.29	0.69492864520369757
Cl-	3	3727.96	0.69496213275517882
Cl-	3	3729.6300000000001	0.69482818254925427
Cl-	3	3731.29	0.69449330703444301
Cl-	3	3732.96	0.69391923472333794
Cl-	3	3734.6300000000001	0.69307726200038378
Cl-	3	3736.3000000000002	0.69194346918595118
Cl-	3	3737.9699999999998	0.69049872053633665
Cl-	3	3739.6300000000001	0.68873105621172559
Cl-	3	3741.3000000000002	0.68663569227619203
Cl-	3	3742.9699999999998	0.68421741266566183
Cl-	3	3744.6399999999999	0.6814881772199497
Cl-	3	3746.3099999999999	0.67846233774683318
Cl-	3	3747.9699999999998	0.6751614219579789
Cl-	3	3749.6399999999999	0.67162130937283082
Cl-	3	3751.3099999999999	0.66786113573509243
Cl-	3	3752.98	0.66391438859624496
Cl-	3	3754.6500000000001	0.65981455550776946
Cl-	3	3756.3099999999999	0.65558316418133222
Cl-	3	3757.98	0.65125609413637764
Cl-	3	3759.6500000000001	0.64684769718068313
Cl-	3	3761.3200000000002	0.64238189299387805
Cl-	3	3762.9899999999998	0.63786346551188844
Cl-	3	3764.6500000000001	0.63330198260656578
Cl-	3	3766.3200000000002	0.6287070121497621
Cl-	3	3767.9899999999998	0.62406420233369964
Cl-	3	3769.6599999999999	0.61937355315837839
Cl-	3	3771.3200000000002	0.61462071281602093
Cl-	3	3772.9899999999998	0.60979372146681221
Cl-	3	3774.6599999999999	0.60487822730297491
Cl-	3	3776.3299999999999	0.59985031064487937
Cl-	3	3778	0.59469801165271119
Cl-	3	3779.6599999999999	0.58939980261480374
Cl-	3	3781.3299999999999	0.58394133172337948
Cl-	3	3783	0.57830585520269784
Cl-	3	3784.6700000000001	0.57248141321294399
Cl-	3	3786.3400000000001	0.56645604591430343
Cl-	3	3788	0.56022975330677616
Cl-	3	3789.6700000000001	0.55379535948647329
Cl-	3	3791.3400000000001	0.54715764838932057
Cl-	3	3793.0100000000002	0.54032379591920698
Cl-	3	3794.6799999999998	0.53330097798002141
Cl-	3	3796.3400000000001	0.52610115441157834
Cl-	3	3798.0100000000002	0.51874585292554432
Cl-	3	3799.6799999999998	0.51125420926562282
Cl-	3	3801.3499999999999	0.50364057523959149
Cl-	3	3803.02	0.49593365446300564
Cl-	3	3804.6799999999998	0.48814779874364284
Cl-	3	3806.3499999999999	0.48031171169705827
Cl-	3	3808.02	0.47243496119510381
Cl-	3	3809.6900000000001	0.46453429101351995
Cl-	3	3811.3600000000001	0.45661926902415845
Cl-	3	3813.02	0.44870185506683402
Cl-	3	3814.6900000000001	0.44077965717358369
Cl-	3	3816.3600000000001	0.4328502833764446
Cl-	3	3818.0300000000002	0.4249113417074537
Cl-	3	3819.6999999999998	0.41694608839087061
Cl-	3	3821.3600000000001	0.40894973949076924
Cl-	3	3823.0300000000002	0.40090076729548318
Cl-	3	3824.6999999999998	0.39278721196519784
Cl-	3	3826.3699999999999	0.38458993775620964
Cl-	3	3828.04	0.37629459286074113
Cl-	3	3829.6999999999998	0.36789160940694032
Cl-	3	3831.3699999999999	0.35936663558702969
Cl-	3	3833.04	0.3507124954971203
Cl-	3	3834.71	0.34193636504110125
Cl-	3	3836.3800000000001	0.33303346028304642
Cl-	3	3838.04	0.32401813303073346
Cl-	3	3839.71	0.31490234312397714
Cl-	3	3841.3800000000001	0.3057004423705551
Cl-	3	3843.0500000000002	0.29643635045009664
Cl-	3	3844.7199999999998	0.2871387709781571
Cl-	3	3846.3800000000001	0.27782923166640278
Cl-	3	3848.0500000000002	0.26854122006631498
Cl-	3	3849.7199999999998	0.25930822372937468
Cl-	3	3851.3899999999999	0.25015655430317429
Cl-	3	3853.0599999999999	0.24111730737123199
Cl-	3	3854.7199999999998	0.23222397048502896
Cl-	3	3856.3899999999999	0.22350046332419443
Cl-	3	3858.0599999999999	0.21497548950428383
Cl-	3	3859.73	0.20667296870492638
Cl-	3	3861.4000000000001	0.19861442863778861
Cl-	3	3863.0599999999999	0.19082378898249991
Cl-	3	3864.73	0.18330822564294907
Cl-	3	3866.4000000000001	0.17608687436283954
Cl-	3	3868.0700000000002	0.16916930301402316
Cl-	3	3869.7399999999998	0.16256220910679611
Cl-	3	3871.4000000000001	0.15627133336426946
Cl-	3	3873.0700000000002	0.15029380542488768
Cl-	3	3874.7399999999998	0.14462484135272485
Cl-	3	3876.4099999999999	0.13926204917981813
Cl-	3	3878.0799999999999	0.1341951434439268
Cl-	3	3879.7399999999998	0.12940953314047696
Cl-	3	3881.4099999999999	0.12489134485528355
Cl-	3	3883.0799999999999	0.12062407400940237
Cl-	3	3884.75	0.11658906325272243
Cl-	3	3886.4200000000001	0.11276837282552175
Cl-	3	3888.0799999999999	0.10914310618089308
Cl-	3	3889.75	0.10569628034629959
Cl-	3	3891.4200000000001	0.10241067315240807
Cl-	3	3893.0900000000001	0.099272411185033563
Cl-	3	3894.7600000000002	0.096268338620379854
Cl-	3	3896.4200000000001	0.093388169996206347
Cl-	3	3898.0900000000001	0.090623294227846443
Cl-	3	3899.7600000000002	0.087967492198596481
Cl-	3	3901.4299999999998	0.08541669756291953
Cl-	3	3903.0999999999999	0.082967800762463711
Cl-	3	3904.7600000000002	0.080618649026062417
Cl-	3	3906.4299999999998	0.078368763960123031
Cl-	3	3908.0999999999999	0.076217188777460407
Cl-	3	3909.77	0.074162966690889329
Cl-	3	3911.4400000000001	0.072205380110020964
Cl-	3	3913.0999999999999	0.070342754657281237
Cl-	3	3914.77	0.068572698364707196
Cl-	3	3916.4400000000001	0.066891384083558159
Cl-	3	3918.1100000000001	0.065295702255482271
Cl-	3	3919.7800000000002	0.063779672960572256
Cl-	3	3921.4400000000001	0.062337555475716989
Cl-	3	3923.1100000000001	0.060963130684212878
Cl-	3	3924.7800000000002	0.059649701075763673
Cl-	3	3926.4499999999998	0.058389851549684284
Cl-	3	3928.1199999999999	0.057177123792474777
Cl-	3	3929.7800000000002	0.056004341900246328
Cl-	3	3931.4499999999998	0.054866004346684191
Cl-	3	3933.1199999999999	0.053756848802269878
Cl-	3	3934.79	0.052673048118262726
Cl-	3	3936.46	0.051611253539514602
Cl-	3	3938.1199999999999	0.050570508278840312
Cl-	3	3939.79	0.049549377155462142
Cl-	3	3941.46	0.048549534546954098
Cl-	3	3943.1300000000001	0.047571698043705098
Cl-	3	3944.8000000000002	0.046618738007270621
Cl-	3	3946.46	0.045692568012021074
Cl-	3	3948.1300000000001	0.04479653681310454
Cl-	3	3949.8000000000002	0.043932797181687668
Cl-	3	3951.4699999999998	0.043102784298548219
Cl-	3	3953.1399999999999	0.042308650934852844
Cl-	3	3954.8000000000002	0.041550636287397823
Cl-	3	3956.4699999999998	0.040828022765794295
Cl-	3	3958.1399999999999	0.040139614386060764
Cl-	3	3959.8099999999999	0.039483258377030601
Cl-	3	3961.48	0.038856323573944584
Cl-	3	3963.1399999999999	0.038255700418450882
Cl-	3	3964.8099999999999	0.037678518548993963
Cl-	3	3966.48	0.037121668407222023
Cl-	3	3968.1500000000001	0.036582758025172121
Cl-	3	3969.8200000000002	0.036059395434881306
Cl-	3	3971.48	0.035550623849164409
Cl-	3	3973.1500000000001	0.035055247284039984
Cl-	3	3974.8200000000002	0.034573026542711695
Cl-	3	3976.4899999999998	0.034105396805957339
Cl-	3	3978.1599999999999	0.033653075664165782
Cl-	3	3979.8200000000002	0.033218215888503676
Cl-	3	3981.4899999999998	0.032802491856545067
Cl-	3	3983.1599999999999	0.032408534733049194
Cl-	3	3984.8299999999999	0.032038497289182712
Cl-	3	3986.5	0.031695010689704831
Cl-	3	3988.1599999999999	0.031380227705782207
Cl-	3	3989.8299999999999	0.031095822714988883
Cl-	3	3991.5	0.030843470094898951
Cl-	3	3993.1700000000001	0.030623648239104954
Cl-	3	3994.8400000000001	0.030437074737995787
Cl-	3	3996.5	0.030283510394775188
Cl-	3	3998.1700000000001	0.030161998422257932
Cl-	3	3999.8400000000001	0.030070146852481109
Br-	1	60.047600000000003	0.0092973402751432913
Br-	1	61.715600000000002	0.0097386583643053332
Br-	1	63.383600000000001	0.010193849867652411
Br-	1	65.051599999999993	0.010638995105555158
Br-	1	66.7196	0.011058785483050759
Br-	1	68.387600000000006	0.011444849112268935
Br-	1	70.055599999999998	0.011794315631654156
Br-	1	71.723600000000005	0.012108859418780489
Br-	1	73.391599999999997	0.012394221196758979
Br-	1	75.0595	0.012657576869478446
Br-	1	76.727500000000006	0.012908015915198037
Br-	1	78.395499999999998	0.013154627812176934
Br-	1	80.063500000000005	0.013406502038674299
Br-	1	81.731499999999997	0.013672488876152992
Br-	1	83.399500000000003	0.013960242622094415
Br-	1	85.067499999999995	0.014275743196405928
Br-	1	86.735500000000002	0.014624252928605979
Br-	1	88.403499999999994	0.015009838164231565
Br-	1	90.0715	0.01543536926483822
Br-	1	91.739400000000003	0.015903955788777752
Br-	1	93.407399999999996	0.016417032916827924
Br-	1	95.075400000000002	0.016976992616951691
Br-	1	96.743399999999994	0.017585748463519377
Br-	1	98.4114	0.018245692424493941
Br-	1	100.07899999999999	0.018959455664634611
Br-	1	101.747	0.019729669348700612
Br-	1	103.41500000000001	0.02055920383824748
Br-	1	105.083	0.021450451101238135
Br-	1	106.751	0.02240580310563553
Br-	1	108.419	0.023425738245032246
Br-	1	110.087	0.024510256519428286
Br-	1	111.755	0.025657683551249588
Br-	1	113.423	0.026864431388551747
Br-	1	115.09099999999999	0.028124759308223723
Br-	1	116.759	0.0294312522095804
Br-	1	118.42700000000001	0.030774581417566324
Br-	1	120.095	0.03214422227314457
Br-	1	121.76300000000001	0.03352797573970414
Br-	1	123.431	0.034912925190245185
Br-	1	125.099	0.036286393194564108
Br-	1	126.767	0.03763546312566108
Br-	1	128.435	0.038949371127702859
Br-	1	130.10300000000001	0.040217831738448839
Br-	1	131.77099999999999	0.041432951463621283
Br-	1	133.43899999999999	0.042588511186516569
Br-	1	135.107	0.043681401348782907
Br-	1	136.77500000000001	0.044710665163235075
Br-	1	138.44300000000001	0.045677977007447169
Br-	1	140.11099999999999	0.046586207242974673
Br-	1	141.779	0.047440857396132387
Br-	1	143.447	0.048249820961197967
Br-	1	145.11500000000001	0.04902099143244916
Br-	1	146.78299999999999	0.049763697484941367
Br-	1	148.45099999999999	0.050487267793730091
Br-	1	150.119	0.051202466214648516
Br-	1	151.78700000000001	0.051918621422752116
Br-	1	153.45500000000001	0.052645062093096363
Br-	1	155.12299999999999	0.053390877703940395
Br-	1	156.791	0.054163961749561909
Br-	1	158.459	0.054971011740257154
Br-	1	160.12700000000001	0.055817290005544577
Br-	1	161.79499999999999	0.05670662369416489
Br-	1	163.46299999999999	0.057640926380488434
Br-	1	165.131	0.058620198064515204
Br-	1	166.79900000000001	0.059642285975078563
Br-	1	168.46700000000001	0.06070360216023412
Br-	1	170.13499999999999	0.061797688306481899
Br-	1	171.803	0.062917368509933139
Br-	1	173.471	0.064053553292328633
Br-	1	175.13900000000001	0.065196435585020363
Br-	1	176.80699999999999	0.06633525153217508
Br-	1	178.47499999999999	0.067460433261941066
Br-	1	180.143	0.068561695312077689
Br-	1	181.81100000000001	0.06963138338510351
Br-	1	183.47900000000001	0.070662082380333432
Br-	1	185.14699999999999	0.071649965149026787
Br-	1	186.815	0.072592161329628035
Br-	1	188.483	0.073489149315729738
Br-	1	190.15100000000001	0.074342842681702256
Br-	1	191.81899999999999	0.075157307773082618
Br-	1	193.48699999999999	0.075938763706574416
Br-	1	195.155	0.076694386386066515
Br-	1	196.82300000000001	0.07743183010904027
Br-	1	198.49100000000001	0.078159705960162265
Br-	1	200.15899999999999	0.078885907433710212
Br-	1	201.827	0.079617849630369192
Br-	1	203.495	0.080362469257231769
Br-	1	205.16300000000001	0.081125746234205237
Br-	1	206.83099999999999	0.081911986103622922
Br-	1	208.499	0.082725494407818109
Br-	1	210.167	0.083567945524364834
Br-	1	211.83500000000001	0.084440774634040858
Br-	1	213.50299999999999	0.085344699327235096
Br-	1	215.17099999999999	0.086278523619966047
Br-	1	216.839	0.087240573134659674
Br-	1	218.50700000000001	0.088228216706556742
Br-	1	220.17500000000001	0.089238344777305412
Br-	1	221.84299999999999	0.090266173410979811
Br-	1	223.511	0.091307397065246682
Br-	1	225.179	0.092356753410587522
Br-	1	226.84700000000001	0.093409219314280201
Br-	1	228.51499999999999	0.094458575659621055
Br-	1	230.18299999999999	0.0955007561010731
Br-	1	231.851	0.096530737505914149
Br-	1	233.51900000000001	0.097545888709384979
Br-	1	235.18700000000001	0.098544296137115253
Br-	1	236.85499999999999	0.099525959789104987
Br-	1	238.523	0.1004918364525393
Br-	1	240.191	0.10144527488256634
Br-	1	241.85900000000001	0.10239058062151939
Br-	1	243.52699999999999	0.1033339727861021
Br-	1	245.19499999999999	0.10428214888661068
Br-	1	246.86199999999999	0.10524276322052654
Br-	1	248.53	0.1062225132981459
Br-	1	250.19800000000001	0.10722857502335757
Br-	1	251.86600000000001	0.10826597152888374
Br-	1	253.53399999999999	0.10933900835705768
Br-	1	255.202	0.11045031667263863
Br-	1	256.87	0.11160013567242286
Br-	1	258.53800000000001	0.11278631258524377
Br-	1	260.20600000000002	0.11400549865595322
Br-	1	261.87400000000002	0.11525338834221791
Br-	1	263.54199999999997	0.11652304493694535
Br-	1	265.20999999999998	0.11780944530741334
Br-	1	266.87799999999999	0.1191051743529368
Br-	1	268.54599999999999	0.1204061657279787
Br-	1	270.214	0.12170811389020582
Br-	1	271.88200000000001	0.12300982285563664
Br-	1	273.55000000000001	0.12431248860825257
Br-	1	275.21800000000002	0.12562017749359072
Br-	1	276.88600000000002	0.12693934782515098
Br-	1	278.55399999999997	0.12827956747478508
Br-	1	280.22199999999998	0.12965327467590032
Br-	1	281.88999999999999	0.13107410364588543
Br-	1	283.55799999999999	0.13255736297970319
Br-	1	285.226	0.13411907886270538
Br-	1	286.89400000000001	0.13577575587383614
Br-	1	288.56200000000001	0.13753863626252136
Br-	1	290.23000000000002	0.13942589898527935
Br-	1	291.89800000000002	0.14144232797803602
Br-	1	293.56599999999997	0.14359509914468013
Br-	1	295.23399999999998	0.14589378035706344
Br-	1	296.90199999999999	0.1483311957112971
Br-	1	298.56999999999999	0.15091212914330712
Br-	1	300.238	0.15362462081327871
Br-	1	301.90600000000001	0.156463886785286
Br-	1	303.57400000000001	0.15942035918747721
Br-	1	305.24200000000002	0.16247968621207473
Br-	1	306.91000000000003	0.16563229998722689
Br-	1	308.57799999999997	0.16886624067311895
Br-	1	310.24599999999998	0.1721719403978991
Br-	1	311.91399999999999	0.17553265538582682
Br-	1	313.58199999999999	0.17894360170097628
Br-	1	315.25	0.18239281950353273
Br-	1	316.91800000000001	0.18587552485757031
Br-	1	318.58600000000001	0.1893797579232743
Br-	1	320.25400000000002	0.19290312673268181
Br-	1	321.92200000000003	0.19643367144597815
Br-	1	323.58999999999997	0.19997139206316328
Br-	1	325.25799999999998	0.20350193677645961
Br-	1	326.92599999999999	0.20702052164994125
Br-	1	328.59399999999999	0.21051997077971937
Br-	1	330.262	0.21399071629394226
Br-	1	331.93000000000001	0.21742319032075813
Br-	1	333.59800000000001	0.22080782498831528
Br-	1	335.26600000000002	0.22413744439272479
Br-	1	336.93400000000003	0.22740248066213503
Br-	1	338.60199999999998	0.23059575789265713
Br-	1	340.26999999999998	0.23371010018040222
Br-	1	341.93799999999999	0.23674550752537044
Br-	1	343.60599999999999	0.23969480402367285
Br-	1	345.274	0.2425579896753095
Br-	1	346.94200000000001	0.24533984841620626
Br-	1	348.61000000000001	0.24804755615025198
Br-	1	350.27800000000002	0.2506858968133725
Br-	1	351.94600000000003	0.25325965434149367
Br-	1	353.61399999999998	0.25578318054239307
Br-	1	355.28199999999998	0.25826365131995971
Br-	1	356.94999999999999	0.26071781044993397
Br-	1	358.61799999999999	0.26315522580416773
Br-	1	360.286	0.26558068131858675
Br-	1	361.95400000000001	0.26801331273689455
Br-	1	363.62200000000001	0.27045790399501707
Br-	1	365.29000000000002	0.27291923902888016
Br-	1	366.95800000000003	0.27540210177440966
Br-	1	368.62599999999998	0.27790888419956861
Br-	1	370.29399999999998	0.28044197827231987
Br-	1	371.96199999999999	0.28299899202470047
Br-	1	373.63	0.28557992545671046
Br-	1	375.298	0.28817521069649804
Br-	1	376.96600000000001	0.29078245577610035
Br-	1	378.63400000000001	0.29340166069551737
Br-	1	380.30200000000002	0.29601608167900845
Br-	1	381.97000000000003	0.29863050266249958
Br-	1	383.63799999999998	0.30123774774210182
Br-	1	385.30599999999998	0.30383064101392654
Br-	1	386.97399999999999	0.30641157444593653
Br-	1	388.642	0.30897576410220595
Br-	1	390.31	0.31152560195069773
Br-	1	391.97800000000001	0.31405391208752309
Br-	1	393.64600000000002	0.31656547844860794
Br-	1	395.31400000000002	0.31906508496987795
Br-	1	396.98200000000003	0.32154555574744453
Br-	1	398.64999999999998	0.32401645865315942
Br-	1	400.31799999999998	0.32647779368702246
Br-	1	401.98599999999999	0.32892956084903385
Br-	1	403.654	0.33137654407511935
Br-	1	405.322	0.33382591926916771
Br-	1	406.99000000000001	0.33627051052729023
Br-	1	408.65800000000002	0.3387198857213386
Br-	1	410.32499999999999	0.3411764368192759
Br-	1	411.99299999999999	0.34364016382110185
Br-	1	413.661	0.34611106672681674
Br-	1	415.32900000000001	0.3485891455364204
Br-	1	416.99700000000001	0.3510767922178758
Br-	1	418.66500000000002	0.35356922283525705
Br-	1	420.33300000000003	0.35606165345263835
Br-	1	422.00099999999998	0.35855169210205667
Br-	1	423.66899999999998	0.36103216287962325
Br-	1	425.33699999999999	0.36348871397756044
Br-	1	427.005	0.36592134539586835
Br-	1	428.673	0.36831092139084332
Br-	1	430.34100000000001	0.37064787409063366
Br-	1	432.00900000000001	0.37292024365542459
Br-	1	433.67700000000002	0.37511128630947571
Br-	1	435.34500000000003	0.37721143418093522
Br-	1	437.01299999999998	0.37920872742998835
Br-	1	438.68099999999998	0.38109359818478339
Br-	1	440.34899999999999	0.38285408660550568
Br-	1	442.017	0.38448540875622927
Br-	1	443.685	0.38598278070102843
Br-	1	445.35300000000001	0.38734859440786595
Br-	1	447.02100000000002	0.38857806594081606
Br-	1	448.68900000000002	0.3896759792358046
Br-	1	450.35700000000003	0.39065190216468321
Br-	1	452.02499999999998	0.39150583472745198
Br-	1	453.69299999999998	0.39225452069985162
Br-	1	455.36099999999999	0.3929051359857707
Br-	1	457.029	0.39346485648909824
Br-	1	458.697	0.39394085811372287
Br-	1	460.36500000000001	0.39434270873149635
Br-	1	462.03300000000002	0.39467758424630772
Br-	1	463.70100000000002	0.39494548465815665
Br-	1	465.36900000000003	0.39514880193500651
Br-	1	467.03699999999998	0.39528275214093089
Br-	1	468.70499999999998	0.3953473352759303
Br-	1	470.37299999999999	0.39533776740407855
Br-	1	472.041	0.39524687262148683
Br-	1	473.709	0.39507225896019249
Br-	1	475.37700000000001	0.39480675051630626
Br-	1	477.04500000000002	0.39444795532186555
Br-	1	478.71300000000002	0.39399587337687042
Br-	1	480.38099999999997	0.39345528861724632
Br-	1	482.04899999999998	0.39282859301095674
Br-	1	483.71699999999998	0.3921181785259642
Br-	1	485.38499999999999	0.39133600500208338
Br-	1	487.053	0.39048924834320348
Br-	1	488.721	0.38958269248525002
Br-	1	490.38900000000001	0.38863068923600075
Br-	1	492.05700000000002	0.38763323859545568
Br-	1	493.72500000000002	0.38659512449954048
Br-	1	495.39299999999997	0.38551634694825554
Br-	1	497.06099999999998	0.38439451397363766
Br-	1	498.72899999999998	0.38322723360772398
Br-	1	500.39699999999999	0.38200972191458854
Br-	1	502.065	0.38073241102237976
Br-	1	503.733	0.37939530093109752
Br-	1	505.40100000000001	0.3779912157368529
Br-	1	507.06900000000002	0.3765225474076091
Br-	1	508.73700000000002	0.37499407987929179
Br-	1	510.40499999999997	0.37341298905578985
Br-	1	512.07299999999998	0.37179123477691789
Br-	1	513.74099999999999	0.37014795278637957
Br-	1	515.40899999999999	0.36850227882787834
Br-	1	517.077	0.36688052454900638
Br-	1	518.745	0.36530182569346742
Br-	1	520.41300000000001	0.3637972778447795
Br-	1	522.08100000000002	0.36238601674664611
Br-	1	523.74900000000002	0.36108717814277091
Br-	1	525.41700000000003	0.35991989777685718
Br-	1	527.08500000000004	0.35888656761686799
Br-	1	528.75300000000004	0.35799914750261802
Br-	1	530.42100000000005	0.35725524546614429
Br-	1	532.08900000000006	0.35664529363559522
Br-	1	533.75699999999995	0.35616211610708176
Br-	1	535.42499999999995	0.35578896910486341
Br-	1	537.09299999999996	0.3555043249172738
Br-	1	538.76099999999997	0.35529143976857236
Br-	1	540.42899999999997	0.3551263939791296
Br-	1	542.09699999999998	0.35499005180524212
Br-	1	543.76499999999999	0.35485370963135476
Br-	1	545.43299999999999	0.35470301564968959
Br-	1	547.101	0.35451405018061749
Br-	1	548.76900000000001	0.3542700694483979
Br-	1	550.43700000000001	0.35395193770932715
Br-	1	552.10500000000002	0.35354530315562771
Br-	1	553.77300000000002	0.35303820594748486
Br-	1	555.44100000000003	0.35241629427712101
Br-	1	557.10900000000004	0.35167239224064728
Br-	1	558.77700000000004	0.35079932393417496
Br-	1	560.44500000000005	0.34979708935770404
Br-	1	562.11300000000006	0.34866090457530852
Br-	1	563.78099999999995	0.34739555352291435
Br-	1	565.44899999999996	0.34601060407237333
Br-	1	567.11699999999996	0.34451323212757418
Br-	1	568.78499999999997	0.34292496540018341
Br-	1	570.45299999999997	0.34125776373001576
Br-	1	572.12099999999998	0.33953793876466343
Br-	1	573.78800000000001	0.33778223427986692
Br-	1	575.45600000000002	0.33602174585914468
Br-	1	577.12400000000002	0.33427321727823706
Br-	1	578.79200000000003	0.33256774412066231
Br-	1	580.46000000000004	0.33091489425827231
Br-	1	582.12800000000004	0.32934337130662211
Br-	1	583.79600000000005	0.32786274313756353
Br-	1	585.46400000000006	0.32648257762294841
Br-	1	587.13199999999995	0.3252076586987025
Br-	1	588.79999999999995	0.32404037833278881
Br-	1	590.46799999999996	0.32297595258928141
Br-	1	592.13599999999997	0.32200481359632865
Br-	1	593.80399999999997	0.32112217741800458
Br-	1	595.47199999999998	0.3203136922465315
Br-	1	597.13999999999999	0.31956261430616906
Br-	1	598.80799999999999	0.31885937572506529
Br-	1	600.476	0.31818484075951681
Br-	1	602.14400000000001	0.3175318335056348
Br-	1	603.81200000000001	0.31688839412360448
Br-	1	605.48000000000002	0.31624256277361129
Br-	1	607.14800000000002	0.31559194748769215
Br-	1	608.81600000000003	0.31493415629788424
Br-	1	610.48400000000004	0.31426679723622458
Br-	1	612.15200000000004	0.31359465423863903
Br-	1	613.82000000000005	0.31292011927309055
Br-	1	615.48800000000006	0.31225276021143084
Br-	1	617.15599999999995	0.3115877931177341
Br-	1	618.82399999999996	0.31093717783181501
Br-	1	620.49199999999996	0.31030091435367357
Br-	1	622.15999999999997	0.30967900268330967
Br-	1	623.82799999999997	0.30907144282072346
Br-	1	625.49599999999998	0.30847105886202603
Br-	1	627.16399999999999	0.30787067490332864
Br-	1	628.83199999999999	0.30727029094463121
Br-	1	630.5	0.30664598730630444
Br-	1	632.16800000000001	0.30599058808445945
Br-	1	633.83600000000001	0.30529213343928158
Br-	1	635.50400000000002	0.30453148762706733
Br-	1	637.17200000000003	0.30370386671189087
Br-	1	638.84000000000003	0.30279252691801151
Br-	1	640.50800000000004	0.30179029234154053
Br-	1	642.17600000000004	0.30068998707858907
Br-	1	643.84400000000005	0.29948443522526841
Br-	1	645.51199999999994	0.29817842071750433
Br-	1	647.17999999999995	0.29677433552325977
Br-	1	648.84799999999996	0.29527217964253477
Br-	1	650.51599999999996	0.29368630488310693
Br-	1	652.18399999999997	0.29202867108479097
Br-	1	653.85199999999998	0.29030884611943863
Br-	1	655.51999999999998	0.28853878982686459
Br-	1	657.18799999999999	0.28674242188669824
Br-	1	658.85599999999999	0.28492931017079132
Br-	1	660.524	0.28311380648692147
Br-	1	662.19200000000001	0.28130547870694039
Br-	1	663.86000000000001	0.27952107060658876
Br-	1	665.52800000000002	0.27776058218586647
Br-	1	667.19600000000003	0.27603358131662531
Br-	1	668.86400000000003	0.27433767603090231
Br-	1	670.53200000000004	0.2726704743607346
Br-	1	672.20000000000005	0.27102480040223337
Br-	1	673.86800000000005	0.26939826218743557
Br-	1	675.53599999999994	0.26777650790856372
Br-	1	677.20399999999995	0.2661427937898771
Br-	1	678.87199999999996	0.26449472786341288
Br-	1	680.53999999999996	0.26281556635343051
Br-	1	682.20799999999997	0.26109334942011519
Br-	1	683.87599999999998	0.25932329312754115
Br-	1	685.54399999999998	0.25750300550774546
Br-	1	687.21199999999999	0.25562531065683924
Br-	1	688.88	0.25369738447871126
Br-	1	690.548	0.25172879484521338
Br-	1	692.21600000000001	0.24972432569227143
Br-	1	693.88400000000001	0.24770311276358892
Br-	1	695.55200000000002	0.24568429180286933
Br-	1	697.22000000000003	0.24367982264992735
Br-	1	698.88800000000003	0.24171123301642947
Br-	1	700.55600000000004	0.23980005061404214
Br-	1	702.22400000000005	0.23796301921850582
Br-	1	703.89200000000005	0.23621449063759822
Br-	1	705.55999999999995	0.23456403274317106
Br-	1	707.22799999999995	0.23301882143911321
Br-	1	708.89599999999996	0.23158364066135045
Br-	1	710.56399999999996	0.23025370647395699
Br-	1	712.23199999999997	0.22901945100508103
Br-	1	713.89999999999998	0.22787609031879671
Br-	1	715.56799999999998	0.22680209670343762
Br-	1	717.23599999999999	0.22578311835122608
Br-	1	718.904	0.2247952355825327
Br-	1	720.572	0.22382409658957991
Br-	1	722.24000000000001	0.22284338972477538
Br-	1	723.90800000000002	0.22183637121237854
Br-	1	725.57600000000002	0.22077672940479706
Br-	1	727.24400000000003	0.21965489643017921
Br-	1	728.91200000000003	0.2184541285127844
Br-	1	730.58000000000004	0.21716246581279791
Br-	1	732.24800000000005	0.21577751636225687
Br-	1	733.91600000000005	0.21428971228930949
Br-	1	735.58399999999995	0.21270383752988167
Br-	1	737.25199999999995	0.2110198920839734
Br-	1	738.91899999999998	0.20924983579139936
Br-	1	740.58699999999999	0.20739845258808542
Br-	1	742.255	0.20548487821773512
Br-	1	743.923	0.20351389661627428
Br-	1	745.59100000000001	0.20150942746333234
Br-	1	747.25900000000001	0.19948343059872395
Br-	1	748.92700000000002	0.19745025783022677
Br-	1	750.59500000000003	0.1954218689976554
Br-	1	752.26300000000003	0.19341022394082463
Br-	1	753.93100000000004	0.19142489053158618
Br-	1	755.59900000000005	0.18947065270586594
Br-	1	757.26700000000005	0.18754751046366386
Br-	1	758.93499999999995	0.18565785577294294
Br-	1	760.60299999999995	0.18379690469777726
Br-	1	762.27099999999996	0.1819550893663151
Br-	1	763.93899999999996	0.18011805797077879
Br-	1	765.60699999999997	0.17827863460727952
Br-	1	767.27499999999998	0.17642246746803972
Br-	1	768.94299999999998	0.17453042080935585
Br-	1	770.61099999999999	0.17258814282345031
Br-	1	772.279	0.17059084957439713
Br-	1	773.947	0.16851701335053001
Br-	1	775.61500000000001	0.16636185021592295
Br-	1	777.28300000000002	0.1641229682026131
Br-	1	778.95100000000002	0.16179797534263746
Br-	1	780.61900000000003	0.159389263603959
Br-	1	782.28700000000003	0.1569064008584295
Br-	1	783.95500000000004	0.15435656300993769
Br-	1	785.62300000000005	0.15175649383422418
Br-	1	787.29100000000005	0.14912054513906664
Br-	1	788.95899999999995	0.14646546070020558
Br-	1	790.62699999999995	0.14381276822930747
Br-	1	792.29499999999996	0.1411768195341499
Br-	1	793.96299999999997	0.13857675035843639
Br-	1	795.63099999999997	0.13602452054198166
Br-	1	797.29899999999998	0.13353448189256334
Br-	1	798.96699999999998	0.13111620228203311
Br-	1	800.63499999999999	0.12877661841748358
Br-	1	802.303	0.12652003584124796
Br-	1	803.971	0.12434812893090036
Br-	1	805.63900000000001	0.12226089768644074
Br-	1	807.30700000000002	0.12025642853349881
Br-	1	808.97500000000002	0.1183311335201301
Br-	1	810.64300000000003	0.11648142469439023
Br-	1	812.31100000000004	0.1147027573171496
Br-	1	813.97900000000004	0.11299058664927866
Br-	1	815.64700000000005	0.11134084634524039
Br-	1	817.31500000000005	0.10974923086270152
Br-	1	818.98299999999995	0.10821191305292135
Br-	1	820.65099999999995	0.10672530496395545
Br-	1	822.31899999999996	0.1052870146278409
Br-	1	823.98699999999997	0.10389345409263327
Br-	1	825.65499999999997	0.10254247058716595
Br-	1	827.32299999999998	0.10123047615949451
Br-	1	828.99099999999999	0.099955078841656025
Br-	1	830.65899999999999	0.098713169075298673
Br-	1	832.327	0.097501398105274348
Br-	1	833.995	0.096315938782842336
Br-	1	835.66300000000001	0.095153203156058228
Br-	1	837.33100000000002	0.094009124879385023
Br-	1	838.99900000000002	0.09287963760728575
Br-	1	840.66700000000003	0.091760196600630811
Br-	1	842.33500000000004	0.090647453104272122
Br-	1	844.00300000000004	0.089537340772672627
Br-	1	845.67100000000005	0.088426989244276874
Br-	1	847.33900000000006	0.087313528157529283
Br-	1	849.00699999999995	0.086195522331652105
Br-	1	850.67499999999995	0.085072014979460167
Br-	1	852.34299999999996	0.08394348449454607
Br-	1	854.01099999999997	0.082811366057687574
Br-	1	855.67899999999997	0.081677573243255031
Br-	1	857.34699999999998	0.080545694003192822
Br-	1	859.01499999999999	0.079419555486241647
Br-	1	860.68299999999999	0.07830394162832742
Br-	1	862.351	0.077203397168579699
Br-	1	864.01900000000001	0.07612246684612807
Br-	1	865.68700000000001	0.075066173793694679
Br-	1	867.35500000000002	0.07403834516002028
Br-	1	869.02300000000002	0.073041612109864068
Br-	1	870.69100000000003	0.072078845004781553
Br-	1	872.35900000000004	0.071151479025550524
Br-	1	874.02700000000004	0.070259753368967282
Br-	1	875.69500000000005	0.069403668035031812
Br-	1	877.36300000000006	0.068581787842966341
Br-	1	879.03099999999995	0.067792916808789447
Br-	1	880.69899999999996	0.067033945374149237
Br-	1	882.36699999999996	0.066302720767879131
Br-	1	884.03499999999997	0.065595655038034689
Br-	1	885.70299999999997	0.064910595413449262
Br-	1	887.37099999999998	0.064243475548585907
Br-	1	889.03899999999999	0.06359118588509273
Br-	1	890.70699999999999	0.062950856061414262
Br-	1	892.375	0.062318658928809785
Br-	1	894.04300000000001	0.061692441716112642
Br-	1	895.71100000000001	0.061068855668174736
Br-	1	897.37900000000002	0.060445508817033117
Br-	1	899.04700000000003	0.059819769997928568
Br-	1	900.71500000000003	0.059189964833287007
Br-	1	902.38199999999995	0.058554897339127013
Br-	1	904.04999999999995	0.05791337153146707
Br-	1	905.71799999999996	0.057264909016714598
Br-	1	907.38599999999997	0.056609748991665917
Br-	1	909.05399999999997	0.055949087440302456
Br-	1	910.72199999999998	0.055283641953013135
Br-	1	912.38999999999999	0.054616043694557179
Br-	1	914.05799999999999	0.053948445436101208
Br-	1	915.726	0.053283956735997062
Br-	1	917.39400000000001	0.052625208759003964
Br-	1	919.06200000000001	0.051976507047455205
Br-	1	920.73000000000002	0.051340243569313743
Br-	1	922.39800000000002	0.050720963063709115
Br-	1	924.06600000000003	0.050121057498604293
Br-	1	925.73400000000004	0.049543158038758493
Br-	1	927.40200000000004	0.048990135045727266
Br-	1	929.07000000000005	0.048463662897084633
Br-	1	930.73800000000006	0.047964698380015776
Br-	1	932.40599999999995	0.047493959084909616
Br-	1	934.07399999999996	0.047051684208562379
Br-	1	935.74199999999996	0.046636916963788952
Br-	1	937.40999999999997	0.046248461366607839
Br-	1	939.07799999999997	0.045884403842648691
Br-	1	940.74599999999998	0.04554307001433746
Br-	1	942.41399999999999	0.045221828716914908
Br-	1	944.08199999999999	0.044918048785621778
Br-	1	945.75	0.044628381465310007
Br-	1	947.41800000000001	0.044350434788016632
Br-	1	949.08600000000001	0.044080620801797234
Br-	1	950.75400000000002	0.043815351554707414
Br-	1	952.42200000000003	0.043551517488395364
Br-	1	954.09000000000003	0.043285769847712978
Br-	1	955.75800000000004	0.043014042287123237
Br-	1	957.42600000000004	0.042733942838663191
Br-	1	959.09400000000005	0.042441644353592198
Br-	1	960.76199999999994	0.042134276470354677
Br-	1	962.42999999999995	0.041809686417783994
Br-	1	964.09799999999996	0.041465482227917239
Br-	1	965.76599999999996	0.041100467916772923
Br-	1	967.43399999999997	0.040713925893962152
Br-	1	969.10199999999998	0.040306573749873828
Br-	1	970.76999999999998	0.03987865068130423
Br-	1	972.43799999999999	0.039432548656216315
Br-	1	974.10599999999999	0.038969942052184132
Br-	1	975.774	0.038494179624355779
Br-	1	977.44200000000001	0.038008131734286806
Br-	1	979.11000000000001	0.037515147137125317
Br-	1	980.77800000000002	0.037018574588019403
Br-	1	982.44600000000003	0.036520806054932034
Br-	1	984.11400000000003	0.03602423350582612
Br-	1	985.78200000000004	0.03553124890866461
Br-	1	987.45000000000005	0.035042809050632701
Br-	1	989.11800000000005	0.034559392325322964
Br-	1	990.78599999999994	0.034081716323124248
Br-	1	992.45399999999995	0.033609781044036606
Br-	1	994.12199999999996	0.033142868897671124
Br-	1	995.78999999999996	0.032680501490435249
Br-	1	997.45799999999997	0.032223157215921526
Br-	1	999.12599999999998	0.031770596877333662
Br-	1	1000.79	0.031322342081079098
Br-	1	1002.46	0.030880306401528192
Br-	1	1004.13	0.030444968232273491
Br-	1	1005.8	0.030017762754092788
Br-	1	1007.47	0.029601081934948998
Br-	1	1009.13	0.029196600152416194
Br-	1	1010.8	0.028806709374457336
Br-	1	1012.47	0.028433801569035307
Br-	1	1014.14	0.028079311916927904
Br-	1	1015.8099999999999	0.027745632386098083
Br-	1	1017.47	0.027433958960527263
Br-	1	1019.14	0.027145009230604363
Br-	1	1020.8099999999999	0.026879739983514565
Br-	1	1022.48	0.026638151219257826
Br-	1	1024.1500000000001	0.026419525347445315
Br-	1	1025.8099999999999	0.026222666384095525
Br-	1	1027.48	0.026047335132412162
Br-	1	1029.1500000000001	0.025891139624432326
Br-	1	1030.8199999999999	0.025753123072970809
Br-	1	1032.49	0.025631850297249861
Br-	1	1034.1500000000001	0.025525407722899116
Br-	1	1035.8199999999999	0.025433077759529726
Br-	1	1037.49	0.025353664423160178
Br-	1	1039.1600000000001	0.025286450123401638
Br-	1	1040.8299999999999	0.025231195663457762
Br-	1	1042.49	0.025187422649735999
Br-	1	1044.1600000000001	0.025155609475828917
Br-	1	1045.8299999999999	0.025135995338532828
Br-	1	1047.5	0.025128819434644029
Br-	1	1049.1700000000001	0.025134320960958769
Br-	1	1050.8299999999999	0.025152978311069701
Br-	1	1052.5	0.025184073894587884
Br-	1	1054.1700000000001	0.025227846908309648
Br-	1	1055.8399999999999	0.025283101368253524
Br-	1	1057.51	0.025348641290438005
Br-	1	1059.1700000000001	0.025422074706900204
Br-	1	1060.8399999999999	0.025501488043269752
Br-	1	1062.51	0.025583293347602232
Br-	1	1064.1800000000001	0.02566414186474953
Br-	1	1065.8499999999999	0.02574044564276725
Br-	1	1067.51	0.025807899139322094
Br-	1	1069.1800000000001	0.025861957615284484
Br-	1	1070.8499999999999	0.025898793921913736
Br-	1	1072.52	0.025914820107265406
Br-	1	1074.1900000000001	0.025906926612987713
Br-	1	1075.8499999999999	0.025871764683932541
Br-	1	1077.52	0.025808616729710972
Br-	1	1079.1900000000001	0.025715808372748988
Br-	1	1080.8599999999999	0.025593578809842858
Br-	1	1082.53	0.025442645631381475
Br-	1	1084.1900000000001	0.025264444018142592
Br-	1	1085.8599999999999	0.025061365938089164
Br-	1	1087.53	0.02483580335918413
Br-	1	1089.2	0.024590626642982994
Br-	1	1090.8699999999999	0.024327988560652415
Br-	1	1092.53	0.024051477064136798
Br-	1	1094.2	0.023762527334213898
Br-	1	1095.8699999999999	0.023463292142050375
Br-	1	1097.54	0.023155206668423974
Br-	1	1099.21	0.022839466897316165
Br-	1	1100.8699999999999	0.022517268812708432
Br-	1	1102.54	0.02218861241460077
Br-	1	1104.21	0.021854932883770925
Br-	1	1105.8800000000001	0.021516708613811511
Br-	1	1107.55	0.02117585317909286
Br-	1	1109.21	0.020833801760392741
Br-	1	1110.8800000000001	0.020493424719266681
Br-	1	1112.55	0.0201575924172702
Br-	1	1114.22	0.019830132003144003
Br-	1	1115.8900000000001	0.019515109822425089
Br-	1	1117.55	0.019216831417446723
Br-	1	1119.22	0.018939841527338519
Br-	1	1120.8900000000001	0.018688445694433745
Br-	1	1122.5599999999999	0.018466231870676815
Br-	1	1124.23	0.018276788008012135
Br-	1	1125.8900000000001	0.018122266877606357
Br-	1	1127.5599999999999	0.01800434285703351
Br-	1	1129.23	0.017923255143089914
Br-	1	1130.9000000000001	0.01787900373577557
Br-	1	1132.5699999999999	0.017870392651108992
Br-	1	1134.23	0.01789479072433096
Br-	1	1135.9000000000001	0.017949805987478529
Br-	1	1137.5699999999999	0.018033046472588771
Br-	1	1139.24	0.018140445834124674
Br-	1	1140.9100000000001	0.018269372907327032
Br-	1	1142.5699999999999	0.01841600054345512
Br-	1	1144.24	0.018577697577749727
Br-	1	1145.9100000000001	0.018751593648655307
Br-	1	1147.5799999999999	0.018934579197820062
Br-	1	1149.24	0.019124501454077323
Br-	1	1150.9100000000001	0.019318250859075296
Br-	1	1152.5799999999999	0.019513913838443614
Br-	1	1154.25	0.019707902440237884
Br-	1	1155.9200000000001	0.019898063893291438
Br-	1	1157.5799999999999	0.020080571048863606
Br-	1	1159.25	0.020252075151806249
Br-	1	1160.9200000000001	0.020408509856582394
Br-	1	1162.5899999999999	0.020545808817655022
Br-	1	1164.26	0.020659666492690871
Br-	1	1165.9200000000001	0.020746255732949217
Br-	1	1167.5899999999999	0.020801749389689376
Br-	1	1169.26	0.020823037904559524
Br-	1	1170.9300000000001	0.020807490112800423
Br-	1	1172.5999999999999	0.02075414922722691
Br-	1	1174.26	0.020662776051042688
Br-	1	1175.9300000000001	0.020534805765025511
Br-	1	1177.5999999999999	0.020372151943545733
Br-	1	1179.27	0.020178641735344054
Br-	1	1180.9400000000001	0.019959298273142655
Br-	1	1182.5999999999999	0.019720101476848863
Br-	1	1184.27	0.019466792069573736
Br-	1	1185.9400000000001	0.019206785152002394
Br-	1	1187.6099999999999	0.018946060644042157
Br-	1	1189.28	0.018691316055989279
Br-	1	1190.9400000000001	0.018448292110954782
Br-	1	1192.6099999999999	0.018221533548068269
Br-	1	1194.28	0.01801486751607044
Br-	1	1195.95	0.017830925179720514
Br-	1	1197.6199999999999	0.017671141719796266
Br-	1	1199.28	0.017535995529890273
Br-	1	1200.95	0.017425247413206245
Br-	1	1202.6199999999999	0.017338179779355308
Br-	1	1204.29	0.017273835841152281
Br-	1	1205.96	0.017230541221023112
Br-	1	1207.6199999999999	0.017207578328578905
Br-	1	1209.29	0.017203990376634497
Br-	1	1210.96	0.017219298971597293
Br-	1	1212.6300000000001	0.017253025719874724
Br-	1	1214.3	0.017305409818263059
Br-	1	1215.96	0.01737549447957714
Br-	1	1217.6300000000001	0.017463040507020668
Br-	1	1219.3	0.01756733031020476
Br-	1	1220.97	0.017686450314759062
Br-	1	1222.6400000000001	0.017818247749516944
Br-	1	1224.3	0.01795889546573769
Br-	1	1225.97	0.018104805511476901
Br-	1	1227.6400000000001	0.018250476360419817
Br-	1	1229.3099999999999	0.018390645683047983
Br-	1	1230.98	0.018519333559454045
Br-	1	1232.6400000000001	0.018631038463323243
Br-	1	1234.3099999999999	0.018720019671544529
Br-	1	1235.98	0.018781014854599442
Br-	1	1237.6500000000001	0.018810675257339877
Br-	1	1239.3199999999999	0.018805173731025113
Br-	1	1240.98	0.018763314291673702
Br-	1	1242.6500000000001	0.018684140152100463
Br-	1	1244.3199999999999	0.018568847296286852
Br-	1	1245.99	0.018418870905010654
Br-	1	1247.6600000000001	0.018236842143031076
Br-	1	1249.3199999999999	0.018026827355885126
Br-	1	1250.99	0.017792653692313511
Br-	1	1252.6600000000001	0.017538626694649499
Br-	1	1254.3299999999999	0.017269530298818989
Br-	1	1256	0.016989430850358964
Br-	1	1257.6600000000001	0.016702873088399007
Br-	1	1259.3299999999999	0.016413684161679813
Br-	1	1261	0.016125212825349504
Br-	1	1262.6700000000001	0.01584104703135248
Br-	1	1264.3399999999999	0.015563100354059101
Br-	1	1266	0.015294243155024884
Br-	1	1267.6700000000001	0.01503638900862018
Br-	1	1269.3399999999999	0.014790733898826453
Br-	1	1271.01	0.014558952203217772
Br-	1	1272.6800000000001	0.014341761512183011
Br-	1	1274.3399999999999	0.014140597006499934
Br-	1	1276.01	0.013955697882964834
Br-	1	1277.6800000000001	0.013788499322355475
Br-	1	1279.3499999999999	0.01363924052146815
Br-	1	1281.02	0.013509835054673212
Br-	1	1282.6800000000001	0.013400282921970661
Br-	1	1284.3499999999999	0.013312736894527135
Br-	1	1286.02	0.013247675365935222
Br-	1	1287.6900000000001	0.013207011910565277
Br-	1	1289.3599999999999	0.01319170331560247
Br-	1	1291.02	0.013202945565028278
Br-	1	1292.6900000000001	0.013240738658842699
Br-	1	1294.3599999999999	0.013305800187434611
Br-	1	1296.03	0.013397173363618843
Br-	1	1297.7	0.013513662203413917
Br-	1	1299.3599999999999	0.013653113935653195
Br-	1	1301.03	0.013811940608392271
Br-	1	1302.7	0.013986315072890439
Br-	1	1304.3699999999999	0.014170974999629243
Br-	1	1306.04	0.014361614846275399
Br-	1	1307.7	0.014551776299328963
Br-	1	1309.3699999999999	0.014736675422864063
Br-	1	1311.04	0.01491009310017706
Br-	1	1312.71	0.015068441379323545
Br-	1	1314.3800000000001	0.015207414717970233
Br-	1	1316.04	0.015324860344950489
Br-	1	1317.71	0.015419103882690242
Br-	1	1319.3800000000001	0.015489666937596906
Br-	1	1321.05	0.015537745493651963
Br-	1	1322.72	0.015564774731633159
Br-	1	1324.3800000000001	0.015573864209892319
Br-	1	1326.05	0.015568123486781273
Br-	1	1327.72	0.015550422923855533
Br-	1	1329.3900000000001	0.015525068063448385
Br-	1	1331.0599999999999	0.01549445087352278
Br-	1	1332.72	0.015461920109226824
Br-	1	1334.3900000000001	0.015429150148134573
Br-	1	1336.0599999999999	0.01539805456461639
Br-	1	1337.73	0.015370068539450013
Br-	1	1339.4000000000001	0.01534447448224658
Br-	1	1341.0599999999999	0.015321989983394966
Br-	1	1342.73	0.015301658255709987
Br-	1	1344.4000000000001	0.015283240102395361
Br-	1	1346.0699999999999	0.015265300342673338
Br-	1	1347.74	0.015247838976543884
Br-	1	1349.4000000000001	0.015230138413618144
Br-	1	1351.0699999999999	0.015211720260303528
Br-	1	1352.74	0.015192823713396312
Br-	1	1354.4100000000001	0.015174166363285401
Br-	1	1356.0799999999999	0.015156226603563368
Br-	1	1357.74	0.015140439615007979
Br-	1	1359.4100000000001	0.015128479775193287
Br-	1	1361.0799999999999	0.015122021461693355
Br-	1	1362.75	0.015122978248878524
Br-	1	1364.4200000000001	0.015133981301508047
Br-	1	1366.0799999999999	0.015156465800359663
Br-	1	1367.75	0.015192823713396312
Br-	1	1369.4200000000001	0.015244490221395769
Br-	1	1371.0899999999999	0.015312422111543204
Br-	1	1372.76	0.015397576171023799
Br-	1	1374.4200000000001	0.015499474006244952
Br-	1	1376.0899999999999	0.015617637223614082
Br-	1	1377.76	0.015750152248760849
Br-	1	1379.4300000000001	0.015894866310518584
Br-	1	1381.0999999999999	0.016048669850535487
Br-	1	1382.76	0.016206778932885687
Br-	1	1384.4300000000001	0.016365605605624764
Br-	1	1386.0999999999999	0.016519887539234258
Br-	1	1387.77	0.01666436240419571
Br-	1	1389.4400000000001	0.016794246264583236
Br-	1	1391.0999999999999	0.016904515987674673
Br-	1	1392.77	0.016990387637544145
Br-	1	1394.4400000000001	0.017048990852636114
Br-	1	1396.1099999999999	0.017076498484209911
Br-	1	1397.78	0.017071236154691444
Br-	1	1399.4400000000001	0.01703248627369185
Br-	1	1401.1099999999999	0.016959770447618532
Br-	1	1402.78	0.016854763054045558
Br-	1	1404.45	0.016719377667343278
Br-	1	1406.1199999999999	0.016556963042659797
Br-	1	1407.78	0.016370867935143231
Br-	1	1409.45	0.016165637083923153
Br-	1	1411.1199999999999	0.015945815228129163
Br-	1	1412.79	0.015716186303687121
Br-	1	1414.46	0.015481534246522917
Br-	1	1416.1199999999999	0.015246882189358713
Br-	1	1417.79	0.015016057280935202
Br-	1	1419.46	0.014793365063585692
Br-	1	1421.1300000000001	0.014582154292458273
Br-	1	1422.8	0.014385056132312184
Br-	1	1424.46	0.01420398415751779
Br-	1	1426.1300000000001	0.014041091139241724
Br-	1	1427.8	0.013896377077483979
Br-	1	1429.47	0.013770320365837155
Br-	1	1431.1400000000001	0.013662442610708651
Br-	1	1432.8	0.013571787024913306
Br-	1	1434.47	0.013496440034080757
Br-	1	1436.1400000000001	0.013434727260636959
Br-	1	1437.8099999999999	0.013383778343026387
Br-	1	1439.48	0.013340722919693499
Br-	1	1441.1400000000001	0.013302212235490203
Br-	1	1442.8099999999999	0.013264897535268371
Br-	1	1444.48	0.013225430063879903
Br-	1	1446.1500000000001	0.013180700262972958
Br-	1	1447.8199999999999	0.013126880983806854
Br-	1	1449.48	0.013061819455214941
Br-	2	1471.1700000000001	0.011251578100863552
Br-	2	1472.8399999999999	0.01115063705282757
Br-	2	1474.5	0.011079834801124611
Br-	2	1476.1700000000001	0.011042520100902781
Br-	2	1477.8399999999999	0.011042520100902781
Br-	2	1479.51	0.011082226769087544
Br-	2	1481.1700000000001	0.011163314483031138
Br-	2	1482.8399999999999	0.011286979226715029
Br-	2	1484.51	0.011452742606546629
Br-	2	1486.1800000000001	0.011660604622525933
Br-	2	1487.8499999999999	0.011908651700282593
Br-	2	1489.51	0.012195209462242548
Br-	2	1491.1800000000001	0.012516929153257699
Br-	2	1492.8499999999999	0.012870940411772501
Br-	2	1494.52	0.01325389448263886
Br-	2	1496.1900000000001	0.013660768233134593
Br-	2	1497.8499999999999	0.014087734514519012
Br-	2	1499.52	0.014529530997273634
Br-	2	1501.1900000000001	0.014980895351880017
Br-	2	1502.8599999999999	0.015436565248819686
Br-	2	1504.53	0.015891039161777889
Br-	2	1506.1900000000001	0.01633953315482874
Br-	2	1507.8599999999999	0.016776545701657486
Br-	2	1509.53	0.017197532063134562
Br-	2	1511.2	0.017599143484111832
Br-	2	1512.8699999999999	0.017978270406237486
Br-	2	1514.53	0.018333477648733762
Br-	2	1516.2	0.01866404762121178
Br-	2	1517.8699999999999	0.018970937110856713
Br-	2	1519.54	0.019256538085631499
Br-	2	1521.21	0.019524199300684251
Br-	2	1522.8699999999999	0.019778226298348252
Br-	2	1524.54	0.020024359801734556
Br-	2	1526.21	0.020268340533954227
Br-	2	1527.8800000000001	0.020516387611710887
Br-	2	1529.55	0.02077424175811559
Br-	2	1531.21	0.021048361286668274
Br-	2	1532.8800000000001	0.021343051739702221
Br-	2	1534.55	0.021662379462754427
Br-	2	1536.22	0.022009932407769307
Br-	2	1537.8900000000001	0.022387145755524609
Br-	2	1539.55	0.022794976293205524
Br-	2	1541.22	0.023233663217608329
Br-	2	1542.8900000000001	0.023702249741547863
Br-	2	1544.5599999999999	0.024199539881042658
Br-	2	1546.23	0.024723620061722341
Br-	2	1547.8900000000001	0.025272576709216593
Br-	2	1549.5599999999999	0.025844496249155042
Br-	2	1551.23	0.026437465107167352
Br-	2	1552.9000000000001	0.027050526496068324
Br-	2	1554.5699999999999	0.027682484431876511
Br-	2	1556.23	0.028332860520999325
Br-	2	1557.9000000000001	0.02900189396023305
Br-	2	1559.5699999999999	0.029690780733559172
Br-	2	1561.24	0.03040095602175542
Br-	2	1562.9100000000001	0.031134572595988487
Br-	2	1564.5699999999999	0.031895457604999032
Br-	2	1566.24	0.032687916591120351
Br-	2	1567.9100000000001	0.033516733490278339
Br-	2	1569.5799999999999	0.034388845009565489
Br-	2	1571.25	0.03531118785607433
Br-	2	1572.9100000000001	0.03629261231126775
Br-	2	1574.5799999999999	0.037342686246997478
Br-	2	1576.25	0.03847169512550417
Br-	2	1577.9200000000001	0.03969183798339878
Br-	2	1579.5899999999999	0.041015553054088612
Br-	2	1581.25	0.042455996161369816
Br-	2	1582.9200000000001	0.044027040719427431
Br-	2	1584.5899999999999	0.045743756126427955
Br-	2	1586.26	0.047620254993352734
Br-	2	1587.9300000000001	0.049671606718368261
Br-	2	1589.5899999999999	0.051912163109252195
Br-	2	1591.26	0.054357232760967308
Br-	2	1592.9300000000001	0.057020689087698646
Br-	2	1594.5999999999999	0.05991664470042754
Br-	2	1596.27	0.063058016226153882
Br-	2	1597.9300000000001	0.066458198685470093
Br-	2	1599.5999999999999	0.070129391114987172
Br-	2	1601.27	0.074083553354519799
Br-	2	1602.9400000000001	0.078332884440678957
Br-	2	1604.6099999999999	0.082888865819686769
Br-	2	1606.27	0.087763457331357889
Br-	2	1607.9400000000001	0.09296861881550704
Br-	2	1609.6099999999999	0.098516549308745191
Br-	2	1611.28	0.10441944784768332
Br-	2	1612.95	0.11068999186252501
Br-	2	1614.6099999999999	0.11734038038988122
Br-	2	1616.28	0.12438137728558522
Br-	2	1617.95	0.13182350720867383
Br-	2	1619.6199999999999	0.13967466365342493
Br-	2	1621.29	0.14793652099741239
Br-	2	1622.95	0.15661458076695106
Br-	2	1624.6199999999999	0.16569927509018917
Br-	2	1626.29	0.17518103609527497
Br-	2	1627.96	0.18504312000646789
Br-	2	1629.6300000000001	0.19525921517617562
Br-	2	1631.29	0.20579583405291704
Br-	2	1632.96	0.21661231318132221
Br-	2	1634.6300000000001	0.22766320517009525
Br-	2	1636.3	0.23888631885219982
Br-	2	1637.97	0.25022903093245136
Br-	2	1639.6300000000001	0.26161719040399861
Br-	2	1641.3	0.27298621413184243
Br-	2	1642.97	0.28425955914116868
Br-	2	1644.6400000000001	0.29537264229697818
Br-	2	1646.3099999999999	0.30624892062445674
Br-	2	1647.97	0.31682141902064226
Br-	2	1649.6400000000001	0.32702555435053526
Br-	2	1651.3099999999999	0.33679913544709944
Br-	2	1652.98	0.34608714704718729
Br-	2	1654.6500000000001	0.35483457388765122
Br-	2	1656.3099999999999	0.36300075251312114
Br-	2	1657.98	0.3705378435643385
Br-	2	1659.6500000000001	0.37741235948982194
Br-	2	1661.3199999999999	0.38358842077012767
Br-	2	1662.99	0.38903732378970007
Br-	2	1664.6500000000001	0.39372797296502132
Br-	2	1666.3199999999999	0.39763644861646191
Br-	2	1667.99	0.40073883106439234
Br-	2	1669.6600000000001	0.40301359259714614
Br-	2	1671.3299999999999	0.40444159747102021
Br-	2	1672.99	0.40500370994231061
Br-	2	1674.6600000000001	0.40468318623527683
Br-	2	1676.3299999999999	0.40347285044603032
Br-	2	1678	0.40136552667068198
Br-	2	1679.6700000000001	0.39836121490923199
Br-	2	1681.3299999999999	0.39445991516168027
Br-	2	1683	0.3896807631717305
Br-	2	1684.6700000000001	0.3840405027151228
Br-	2	1686.3399999999999	0.37757022937537588
Br-	2	1688.01	0.37030821463989638
Br-	2	1689.6700000000001	0.3622951219640545
Br-	2	1691.3399999999999	0.35359553448284936
Br-	2	1693.01	0.34426446745942862
Br-	2	1694.6800000000001	0.33437846386860637
Br-	2	1696.3499999999999	0.32400689078130768
Br-	2	1698.01	0.31323346707623539
Br-	2	1699.6800000000001	0.30214191163209236
Br-	2	1701.3499999999999	0.29081833529554441
Br-	2	1703.02	0.27933928104140543
Br-	2	1704.6900000000001	0.26779085971634131
Br-	2	1706.3499999999999	0.25624722232720309
Br-	2	1708.02	0.24478251988084176
Br-	2	1709.6900000000001	0.23346611944818257
Br-	2	1711.3599999999999	0.22235303629237316
Br-	2	1713.03	0.21149589370859803
Br-	2	1714.6900000000001	0.20093774712019019
Br-	2	1716.3599999999999	0.19071208407863069
Br-	2	1718.03	0.18084760819947485
Br-	2	1719.7	0.17136584719438905
Br-	2	1721.3699999999999	0.16226919303133625
Br-	2	1723.03	0.15357438948605698
Br-	2	1724.7	0.14527426065466251
Br-	2	1726.3699999999999	0.1373640226012269
Br-	2	1728.04	0.12983984817700947
Br-	2	1729.71	0.12268690718064
Br-	2	1731.3699999999999	0.11589204378832231
Br-	2	1733.04	0.109441862979464
Br-	2	1734.71	0.10332033856871335
Br-	2	1736.3800000000001	0.097512879551496442
Br-	2	1738.05	0.092005134120035664
Br-	2	1739.71	0.086782511269757057
Br-	2	1741.3800000000001	0.081832333570457091
Br-	2	1743.05	0.07714288037911736
Br-	2	1744.72	0.072702431052719452
Br-	2	1746.3900000000001	0.068500939325819049
Br-	2	1748.05	0.064528837326564392
Br-	2	1749.72	0.06077775316708519
Br-	2	1751.3900000000001	0.057239554156307458
Br-	2	1753.0599999999999	0.053906107603157213
Br-	2	1754.73	0.05077023760374564
Br-	2	1756.3900000000001	0.0478250074509802
Br-	2	1758.0599999999999	0.045063002044175834
Br-	2	1759.73	0.042477763069832558
Br-	2	1761.4000000000001	0.040062593017654163
Br-	2	1763.0699999999999	0.037810315983751848
Br-	2	1764.73	0.035715191245014537
Br-	2	1766.4000000000001	0.033770521291146043
Br-	2	1768.0699999999999	0.031970326202238983
Br-	2	1769.74	0.03030862605838603
Br-	2	1771.4100000000001	0.028779440939679834
Br-	2	1773.0699999999999	0.027376790926213042
Br-	2	1774.74	0.026095174491670939
Br-	2	1776.4100000000001	0.024928133322553534
Br-	2	1778.0799999999999	0.023869687498953518
Br-	2	1779.75	0.022913139510574655
Br-	2	1781.4100000000001	0.022051313453528128
Br-	2	1783.0799999999999	0.021276794227128842
Br-	2	1784.75	0.020581449140302799
Br-	2	1786.4200000000001	0.019955949517994544
Br-	2	1788.0899999999999	0.019391205881944904
Br-	2	1789.75	0.018877411163505844
Br-	2	1791.4200000000001	0.018404758294029312
Br-	2	1793.0899999999999	0.017962961811274689
Br-	2	1794.76	0.017542214646593907
Br-	2	1796.4300000000001	0.017133905715320412
Br-	2	1798.0899999999999	0.016729663129583905
Br-	2	1799.76	0.016322550182291874
Br-	2	1801.4300000000001	0.015906826150333276
Br-	2	1803.0999999999999	0.015478663884967393
Br-	2	1804.76	0.015035432221434998
Br-	2	1806.4300000000001	0.01457665276614351
Br-	2	1808.0999999999999	0.014102803912685513
Br-	2	1809.77	0.01361603843222766
Br-	2	1811.4400000000001	0.013119226686325456
Br-	2	1813.0999999999999	0.012616435020515909
Br-	2	1814.77	0.012111490583539726
Br-	2	1816.4400000000001	0.011608938114526476
Br-	2	1818.1099999999999	0.011112604762216862
Br-	2	1819.78	0.010625839281759
Br-	2	1821.4400000000001	0.010151990428301
Br-	2	1823.1099999999999	0.0096922541858243429
Br-	2	1824.78	0.0092480657351067773
Br-	2	1826.45	0.0088196642729445988
Br-	2	1828.1199999999999	0.0084058538153563411
Br-	2	1829.78	0.0080061559687494132
Br-	2	1831.45	0.0076181787651608953
Br-	2	1833.1199999999999	0.0072404870238130031
Br-	2	1834.79	0.0068706887767428044
Br-	2	1836.46	0.0065073488431725375
Br-	2	1838.1199999999999	0.0061487928455281459
Br-	2	1839.79	0.0057938247998281641
Br-	2	1841.46	0.0054424447060725904
Br-	2	1843.1300000000001	0.0050934565802799496
Br-	2	1844.8	0.0047485348000243085
Br-	2	1846.46	0.0044072009717130659
Br-	2	1848.1300000000001	0.0040708902761239941
Br-	2	1849.8	0.0037410378940348648
Br-	2	1851.47	0.0034178830222419527
Br-	2	1853.1400000000001	0.0031031000383193248
Br-	2	1854.8	0.002797406532655867
Br-	2	1856.47	0.0025019984892330352
Br-	2	1858.1400000000001	0.0022171151048471357
Br-	2	1859.8099999999999	0.0019439523634796234
Br-	2	1861.48	0.0016827494619268048
Br-	2	1863.1400000000001	0.0014347023841701457
Br-	2	1864.8099999999999	0.0012007679173948276
Br-	2	1866.48	0.00098238124237859078
Br-	2	1868.1500000000001	0.00078073834310293322
Br-	2	1869.8199999999999	0.00059823118753076616
Br-	2	1871.48	0.00043629495643987228
Br-	2	1873.1500000000001	0.00029732161779318387
Br-	2	1874.8199999999999	0.00018322474596104251
Br-	2	1876.49	9.567871851751575e-05
Br-	2	1878.1600000000001	3.5640322647774381e-05
Br-	2	1879.8199999999999	4.0663455369998109e-06
Br-	2	1881.49	0
Br-	2	1883.1600000000001	2.2962892444205482e-05
Br-	2	1884.8299999999999	7.0323858110377959e-05
Br-	2	1886.5	0.0001396909290355745
Br-	2	1888.1600000000001	0.00022723695647910126
Br-	2	1889.8299999999999	0.0003288955949039584
Br-	2	1891.5	0.00044107889236574751
Br-	2	1893.1700000000001	0.00055852451934600264
Br-	2	1894.8399999999999	0.00067860131108548531
Br-	2	1896.5	0.00079700372525091121
Br-	2	1898.1700000000001	0.00091181818747192807
Br-	2	1899.8399999999999	0.0010206527297856034
Br-	2	1901.51	0.0011230289585993361
Br-	2	1903.1800000000001	0.0012189468739131472
Br-	2	1904.8399999999999	0.0013088848693196169
Br-	2	1906.51	0.001394278125596496
Br-	2	1908.1800000000001	0.0014772794139104428
Br-	2	1909.8499999999999	0.0015583671278540374
Br-	2	1911.52	0.0016406508257790983
Br-	2	1913.1800000000001	0.0017248480980745114
Br-	2	1914.8499999999999	0.0018128725191106287
Br-	2	1916.52	0.0019047240888874402
Br-	2	1918.1900000000001	0.0020006420042012513
Br-	2	1919.8599999999999	0.0021013438554409376
Br-	2	1921.52	0.0022056336586250328
Br-	2	1923.1900000000001	0.0023132722169572316
Br-	2	1924.8599999999999	0.0024225851528634976
Br-	2	1926.53	0.0025333332695475254
Br-	2	1928.2	0.0026445597798241331
Br-	2	1929.8599999999999	0.0027557862901007512
Br-	2	1931.53	0.0028665344067847682
Br-	2	1933.2	0.0029768041298762053
Br-	2	1934.8699999999999	0.0030873130497639373
Br-	2	1936.54	0.003198539560040545
Br-	2	1938.2	0.0033116796446875157
Br-	2	1939.8699999999999	0.0034272116972974076
Br-	2	1941.54	0.0035463317018517198
Br-	2	1943.21	0.0036699964455356115
Br-	2	1944.8800000000001	0.0037984451251453681
Br-	2	1946.54	0.0039321561342736009
Br-	2	1948.21	0.0040701726857351184
Br-	2	1949.8800000000001	0.0042120163859373306
Br-	2	1951.55	0.0043560128573062002
Br-	2	1953.22	0.0044997701318787633
Br-	2	1954.8800000000001	0.0046406570448958044
Br-	2	1956.55	0.0047753248412092083
Br-	2	1958.22	0.004900185568874566
Br-	2	1959.8900000000001	0.0050114120791511741
Br-	2	1961.5599999999999	0.0051054164200946325
Br-	2	1963.22	0.0051781322461679534
Br-	2	1964.8900000000001	0.0052269283926118766
Br-	2	1966.5599999999999	0.0052482169074820253
Br-	2	1968.23	0.0052408018067969225
Br-	2	1969.9000000000001	0.0052037263033713867
Br-	2	1971.5599999999999	0.0051362728068165319
Br-	2	1973.23	0.0050393981043175499
Br-	2	1974.9000000000001	0.0049147765734484875
Br-	2	1976.5699999999999	0.0047655177725611621
Br-	2	1978.24	0.0045944920632111086
Br-	2	1979.9000000000001	0.0044064833813241798
Br-	2	1981.5699999999999	0.0042057972692336933
Br-	2	1983.24	0.003997935253254389
Br-	2	1984.9100000000001	0.0037879204661084467
Br-	2	1986.5799999999999	0.0035807760405180281
Br-	2	1988.24	0.0033822426995941783
Br-	2	1989.9100000000001	0.0031963867888739079
Br-	2	1991.5799999999999	0.0030270354570979007
Br-	2	1993.25	0.0028777766562105758
Br-	2	1994.9200000000001	0.0027505239605822851
Br-	2	1996.5799999999999	0.0026464733541944853
Br-	2	1998.25	0.0025653856402508904
Br-	2	1999.9200000000001	0.0025065432283626152
Br-	2	2001.5899999999999	0.002467314953770432
Br-	2	2003.26	0.0024448304549188173
Br-	2	2004.9200000000001	0.0024347841894744866
Br-	2	2006.5899999999999	0.0024323922215115437
Br-	2	2008.26	0.0024326314183078391
Br-	2	2009.9300000000001	0.0024307178439374865
Br-	2	2011.5999999999999	0.0024218675624746114
Br-	2	2013.26	0.0024012966379933489
Br-	2	2014.9300000000001	0.0023656563153455746
Br-	2	2016.5999999999999	0.0023123154297720609
Br-	2	2018.27	0.0022400779972913411
Br-	2	2019.9400000000001	0.0021491832146997005
Br-	2	2021.5999999999999	0.0020396310819971392
Br-	2	2023.27	0.001915248747924372
Br-	2	2024.9400000000001	0.0017784281804443206
Br-	2	2026.6099999999999	0.001633714118686586
Br-	2	2028.28	0.0014861296953733178
Br-	2	2029.9400000000001	0.0013409372400229821
Br-	2	2031.6099999999999	0.0012033990821540552
Br-	2	2033.28	0.0010785383544886973
Br-	2	2034.95	0.00097066059936019259
Br-	2	2036.6199999999999	0.00088407135910184727
Br-	2	2038.28	0.00082188019206545836
Br-	2	2039.95	0.000786239869417684
Br-	2	2041.6199999999999	0.00077810717834369495
Br-	2	2043.29	0.0007977213156397867
Br-	2	2044.96	0.0008446038877133685
Br-	2	2046.6199999999999	0.00091708051699039398
Br-	2	2048.29	0.0010125200387116145
Br-	2	2049.96	0.0011285304849140974
Br-	2	2051.6300000000001	0.0012615239036534442
Br-	2	2053.3000000000002	0.0014081515397815416
Br-	2	2054.96	0.0015643470477613788
Br-	2	2056.6300000000001	0.0017267616724448635
Br-	2	2058.3000000000002	0.0018913290682949957
Br-	2	2059.9699999999998	0.0020551788737562418
Br-	2	2061.6399999999999	0.0022147231368841928
Br-	2	2063.3000000000002	0.0023675698897159267
Br-	2	2064.9699999999998	0.0025113271642884906
Br-	2	2066.6399999999999	0.0026443205830278377
Br-	2	2068.3099999999999	0.0027648757683599113
Br-	2	2069.98	0.0028720359330995297
Br-	2	2071.6399999999999	0.0029653226836541023
Br-	2	2073.3099999999999	0.0030442576264310601
Br-	2	2074.98	0.0031093191550229616
Br-	2	2076.6500000000001	0.0031605072694298381
Br-	2	2078.3200000000002	0.003198539560040545
Br-	2	2079.98	0.0032241336172439887
Br-	2	2081.6500000000001	0.0032375286378364333
Br-	2	2083.3200000000002	0.003240398999391967
Br-	2	2084.9899999999998	0.0032337014890957395
Br-	2	2086.6599999999999	0.0032179145005403519
Br-	2	2088.3200000000002	0.0031944732145035557
Br-	2	2089.9899999999998	0.0031648128117631228
Br-	2	2091.6599999999999	0.0031301292763005299
Br-	2	2093.3299999999999	0.003091140198504642
Br-	2	2095	0.0030492807591532309
Br-	2	2096.6599999999999	0.0030059861390240475
Br-	2	2098.3299999999999	0.0029624523220985795
Br-	2	2100	0.0029196360955619869
Br-	3	2900.6300000000001	0.0025828470063803347
Br-	3	2902.3000000000002	0.0027402384983416486
Br-	3	2903.9699999999998	0.0028765806722291093
Br-	3	2905.6399999999999	0.0029887639696908985
Br-	3	2907.3099999999999	0.003075353209949244
Br-	3	2908.9699999999998	0.0031346740154301099
Br-	3	2910.6399999999999	0.0031655304021520089
Br-	3	2912.3099999999999	0.0031679223701149414
Br-	3	2913.98	0.0031428067065040989
Br-	3	2915.6500000000001	0.0030906618049120513
Br-	3	2917.3099999999999	0.003013879633301741
Br-	3	2918.98	0.002914612962839827
Br-	3	2920.6500000000001	0.0027964497454706855
Br-	3	2922.3200000000002	0.0026627387363424631
Br-	3	2923.9899999999998	0.0025177854777884228
Br-	3	2925.6500000000001	0.0023666131025307561
Br-	3	2927.3200000000002	0.0022132879561064314
Br-	3	2928.9899999999998	0.0020630723680339354
Br-	3	2930.6599999999999	0.0019205110774428379
Br-	3	2932.3299999999999	0.001790388020259014
Br-	3	2933.9899999999998	0.0016770087388157588
Br-	3	2935.6599999999999	0.0015846787754463566
Br-	3	2937.3299999999999	0.001516986082095217
Br-	3	2939	0.0014772794139104428
Br-	3	2940.6700000000001	0.001468189935651283
Br-	3	2942.3299999999999	0.00149258800887325
Br-	3	2944	0.0015519088143541053
Br-	3	2945.6700000000001	0.0016473483360753259
Br-	3	2947.3400000000001	0.001779863361222082
Br-	3	2949.0100000000002	0.0019492146929980896
Br-	3	2950.6700000000001	0.0021549239378107466
Br-	3	2952.3400000000001	0.0023953167180860075
Br-	3	2954.0100000000002	0.0026682402626572246
Br-	3	2955.6799999999998	0.0029703458163762731
Br-	3	2957.3499999999999	0.0032978062305024699
Br-	3	2959.0100000000002	0.0036463159627025199
Br-	3	2960.6799999999998	0.0040101342898653776
Br-	3	2962.3499999999999	0.0043830420952873945
Br-	3	2964.02	0.0047585810654686396
Br-	3	2965.6900000000001	0.0051293360997240198
Br-	3	2967.3499999999999	0.005489088081349877
Br-	3	2969.02	0.0058304219096611092
Br-	3	2970.6900000000001	0.0061478360583429757
Br-	3	2972.3600000000001	0.0064348722138955223
Br-	3	2974.0300000000002	0.0066874640307817614
Br-	3	2975.6900000000001	0.0069027411474461694
Br-	3	2977.3600000000001	0.0070790291863146891
Br-	3	2979.0300000000002	0.0072160889505910363
Br-	3	2980.6999999999998	0.0073155948178492457
Br-	3	2982.3699999999999	0.0073808955432374526
Br-	3	2984.0300000000002	0.0074167750626815227
Br-	3	2985.6999999999998	0.0074292132960887963
Br-	3	2987.3699999999999	0.0074256253441443874
Br-	3	2989.04	0.0074134263075334092
Br-	3	2990.71	0.0074009880741261356
Br-	3	2992.3699999999999	0.0073969217285891359
Br-	3	2994.04	0.0074088815684038292
Br-	3	2995.71	0.007443804300662717
Br-	3	2997.3800000000001	0.0075083874356620386
Br-	3	2999.0500000000002	0.0076069365157350882
Br-	3	3000.71	0.0077430394928262531
Br-	3	3002.3800000000001	0.0079183707445096025
Br-	3	3004.0500000000002	0.0081322126803962478
Br-	3	3005.7199999999998	0.0083833693165047268
Br-	3	3007.3899999999999	0.0086670567169091599
Br-	3	3009.0500000000002	0.0089784909456836742
Br-	3	3010.7199999999998	0.0093107352957357455
Br-	3	3012.3899999999999	0.0096547002888062155
Br-	3	3014.0599999999999	0.010001774840228505
Br-	3	3015.73	0.01034143429096568
Br-	3	3017.3899999999999	0.010664110769166001
Br-	3	3019.0599999999999	0.010959040418996242
Br-	3	3020.73	0.011216894565400948
Br-	3	3022.4000000000001	0.011429062123713536
Br-	3	3024.0700000000002	0.011587888796452613
Br-	3	3025.73	0.011687873057303424
Br-	3	3027.4000000000001	0.011724948560728959
Br-	3	3029.0700000000002	0.01169768012595147
Br-	3	3030.7399999999998	0.011606306949767237
Br-	3	3032.4099999999999	0.011453460196935505
Br-	3	3034.0700000000002	0.011244402196974732
Br-	3	3035.7399999999998	0.010985591263384857
Br-	3	3037.4099999999999	0.010686116874425037
Br-	3	3039.0799999999999	0.010356264492335896
Br-	3	3040.75	0.010006558776154381
Br-	3	3042.4099999999999	0.009649916352880341
Br-	3	3044.0799999999999	0.0092985362591247577
Br-	3	3045.75	0.0089641391379060489
Br-	3	3047.4200000000001	0.0086596416162240467
Br-	3	3049.0900000000001	0.0083955683531157042
Br-	3	3050.75	0.0081817264172290589
Br-	3	3052.4200000000001	0.008026726893230687
Br-	3	3054.0900000000001	0.0079372672914168087
Br-	3	3055.7600000000002	0.0079186099413058875
Br-	3	3057.4299999999998	0.0079729076140645817
Br-	3	3059.0900000000001	0.0081013562936743493
Br-	3	3060.7600000000002	0.0083027599961537218
Br-	3	3062.4299999999998	0.0085735307695582914
Br-	3	3064.0999999999999	0.0089086454811658864
Br-	3	3065.77	0.009301645817476575
Br-	3	3067.4299999999998	0.0097436814970275048
Br-	3	3069.0999999999999	0.010226141435152072
Br-	3	3070.77	0.01073850097281337
Br-	3	3072.4400000000001	0.011270474647770756
Br-	3	3074.1100000000001	0.0118117769977836
Br-	3	3075.77	0.012352600954203864
Br-	3	3077.4400000000001	0.01288361784197607
Br-	3	3079.1100000000001	0.013396216576433662
Br-	3	3080.7800000000002	0.013883938844076696
Br-	3	3082.4499999999998	0.014340565528201545
Br-	3	3084.1100000000001	0.014762030283271201
Br-	3	3085.7800000000002	0.015145701944526435
Br-	3	3087.4499999999998	0.015490145331189496
Br-	3	3089.1199999999999	0.015796078033649248
Br-	3	3090.79	0.016064456839090885
Br-	3	3092.4499999999998	0.016297673715477329
Br-	3	3094.1199999999999	0.016498838221160404
Br-	3	3095.79	0.016672495095269697
Br-	3	3097.46	0.01682294988013849
Br-	3	3099.1300000000001	0.016955225708488949
Br-	3	3100.79	0.017074106516246967
Br-	3	3102.46	0.017184854632930995
Br-	3	3104.1300000000001	0.017292014797670612
Br-	3	3105.8000000000002	0.017400370946391696
Br-	3	3107.4699999999998	0.017513750227834954
Br-	3	3109.1300000000001	0.017635023003555902
Br-	3	3110.8000000000002	0.017767059635110077
Br-	3	3112.4699999999998	0.017911056106478938
Br-	3	3114.1399999999999	0.018067969204847659
Br-	3	3115.8000000000002	0.018237798930216247
Br-	3	3117.4699999999998	0.018418870905010654
Br-	3	3119.1399999999999	0.018608793161267914
Br-	3	3120.8099999999999	0.01880493453422883
Br-	3	3122.48	0.019003707071948966
Br-	3	3124.1399999999999	0.019200326838502462
Br-	3	3125.8099999999999	0.019390488291556016
Br-	3	3127.48	0.01956964669198007
Br-	3	3129.1500000000001	0.019733496497441317
Br-	3	3130.8200000000002	0.019877253772013881
Br-	3	3132.48	0.019998048154142248
Br-	3	3134.1500000000001	0.020093248479067172
Br-	3	3135.8200000000002	0.020160462778825734
Br-	3	3137.4899999999998	0.020199930250214201
Br-	3	3139.1599999999999	0.020211890090028894
Br-	3	3140.8200000000002	0.020198016675843849
Br-	3	3142.4899999999998	0.020161897959603495
Br-	3	3144.1599999999999	0.02010712189325221
Br-	3	3145.8299999999999	0.020038950806308478
Br-	3	3147.5	0.019963125421883349
Br-	3	3149.1599999999999	0.019885147266291574
Br-	3	3150.8299999999999	0.019812431440218263
Br-	3	3152.5	0.01975095786357076
Br-	3	3154.1700000000001	0.019706706456256405
Br-	3	3155.8400000000001	0.019684461154201086
Br-	3	3157.5	0.019690201877312144
Br-	3	3159.1700000000001	0.019726798987145088
Br-	3	3160.8400000000001	0.01979688364845917
Br-	3	3162.5100000000002	0.019902608632421027
Br-	3	3164.1799999999998	0.020043734742234365
Br-	3	3165.8400000000001	0.020220022781102884
Br-	3	3167.5100000000002	0.020430037568248825
Br-	3	3169.1799999999998	0.020671387135709256
Br-	3	3170.8499999999999	0.020941440318724951
Br-	3	3172.52	0.021236848362147783
Br-	3	3174.1799999999998	0.021554023314033343
Br-	3	3175.8499999999999	0.021890094812826121
Br-	3	3177.52	0.022241953300174283
Br-	3	3179.1900000000001	0.022606489217726015
Br-	3	3180.8600000000001	0.02298107140072209
Br-	3	3182.52	0.023364264668384743
Br-	3	3184.1900000000001	0.023754633839936205
Br-	3	3185.8600000000001	0.024150504537802427
Br-	3	3187.5300000000002	0.024551159171594526
Br-	3	3189.1999999999998	0.024955880150923624
Br-	3	3190.8600000000001	0.025364428278993417
Br-	3	3192.5300000000002	0.025776085965415016
Br-	3	3194.1999999999998	0.026189896423003262
Br-	3	3195.8699999999999	0.026604902864572996
Br-	3	3197.54	0.027019909306142731
Br-	3	3199.1999999999998	0.027433719763730977
Br-	3	3200.8699999999999	0.027843703072578541
Br-	3	3202.54	0.028248424051907629
Br-	3	3204.21	0.028644773143366432
Br-	3	3205.8800000000001	0.029030597575788322
Br-	3	3207.54	0.029402787790821453
Br-	3	3209.21	0.02975895182050289
Br-	3	3210.8800000000001	0.030096936893666031
Br-	3	3212.5500000000002	0.030413633451959
Br-	3	3214.2199999999998	0.030708084708196661
Br-	3	3215.8800000000001	0.03097837708800863
Br-	3	3217.5500000000002	0.03122379300100607
Br-	3	3219.2199999999998	0.031444571643985231
Br-	3	3220.8899999999999	0.031640952213742433
Br-	3	3222.5599999999999	0.031814369891055426
Br-	3	3224.2199999999998	0.031966738250294585
Br-	3	3225.8899999999999	0.032100927653015393
Br-	3	3227.5599999999999	0.032220286854365981
Br-	3	3229.23	0.032328164609494496
Br-	3	3230.9000000000001	0.032429584051123048
Br-	3	3232.5599999999999	0.032529089918381278
Br-	3	3234.23	0.032630748556806137
Br-	3	3235.9000000000001	0.032739343902323505
Br-	3	3237.5700000000002	0.032859659890859295
Br-	3	3239.2399999999998	0.032996002064746753
Br-	3	3240.9000000000001	0.033151479982337716
Br-	3	3242.5700000000002	0.033329920792372882
Br-	3	3244.2399999999998	0.0335332380692226
Br-	3	3245.9099999999999	0.03376334538725722
Br-	3	3247.5799999999999	0.034020960336865635
Br-	3	3249.2399999999998	0.034306082918047827
Br-	3	3250.9099999999999	0.03461823473721122
Br-	3	3252.5799999999999	0.034955980613578054
Br-	3	3254.25	0.035317646169574272
Br-	3	3255.9200000000001	0.035700839437236925
Br-	3	3257.5799999999999	0.036104125235788237
Br-	3	3259.25	0.036524872400469019
Br-	3	3260.9200000000001	0.036961884947297775
Br-	3	3262.5900000000001	0.037414206089089332
Br-	3	3264.2600000000002	0.037881835825843688
Br-	3	3265.9200000000001	0.038365491747949731
Br-	3	3267.5900000000001	0.038867326626574092
Br-	3	3269.2600000000002	0.039389254036087139
Br-	3	3270.9299999999998	0.039935101125229577
Br-	3	3272.5999999999999	0.040508455845945791
Br-	3	3274.2600000000002	0.041113145346976479
Br-	3	3275.9299999999998	0.041752996777062366
Br-	3	3277.5999999999999	0.042431119694555271
Br-	3	3279.27	0.04314942767382552
Br-	3	3280.9400000000001	0.043909355895650884
Br-	3	3282.5999999999999	0.044709708376049893
Br-	3	3284.27	0.04554857154065222
Br-	3	3285.9400000000001	0.046423075027902307
Br-	3	3287.6100000000001	0.047328195705078006
Br-	3	3289.2800000000002	0.048257475258679378
Br-	3	3290.9400000000001	0.049204694572002786
Br-	3	3292.6100000000001	0.050163156134752002
Br-	3	3294.2800000000002	0.051125444846241916
Br-	3	3295.9499999999998	0.052085580786565187
Br-	3	3297.6199999999999	0.053037584035814461
Br-	3	3299.2800000000002	0.053976670658063892
Br-	3	3300.9499999999998	0.054899731094961601
Br-	3	3302.6199999999999	0.055805330165729895
Br-	3	3304.29	0.056692032689590971
Br-	3	3305.96	0.05756079545373001
Br-	3	3307.6199999999999	0.058412575245332193
Br-	3	3309.29	0.059250481622749339
Br-	3	3310.96	0.060077384947536977
Br-	3	3312.6300000000001	0.060896155581250618
Br-	3	3314.3000000000002	0.061710620672630959
Br-	3	3315.96	0.062523889780029845
Br-	3	3317.6300000000001	0.063339550855391669
Br-	3	3319.3000000000002	0.064159995866679365
Br-	3	3320.9699999999998	0.064988095175448457
Br-	3	3322.6399999999999	0.065825762356069309
Br-	3	3324.3000000000002	0.066674432589319668
Br-	3	3325.9699999999998	0.067535780252773611
Br-	3	3327.6399999999999	0.068411001330412585
Br-	3	3329.3099999999999	0.069299856625440304
Br-	3	3330.98	0.070203063728245654
Br-	3	3332.6399999999999	0.071120622638828623
Br-	3	3334.3099999999999	0.072052294160392952
Br-	3	3335.98	0.072997121505753396
Br-	3	3337.6500000000001	0.07395438708452115
Br-	3	3339.3200000000002	0.0749233733063073
Br-	3	3340.98	0.075902884187130357
Br-	3	3342.6500000000001	0.076891723743008872
Br-	3	3344.3200000000002	0.077888456793165098
Br-	3	3345.9899999999998	0.078891648156821245
Br-	3	3347.6599999999999	0.07989986265319958
Br-	3	3349.3200000000002	0.080910708314337124
Br-	3	3350.9899999999998	0.081922989156252443
Br-	3	3352.6599999999999	0.082934791604575175
Br-	3	3354.3299999999999	0.08394348449454607
Br-	3	3356	0.084947632645387419
Br-	3	3357.6599999999999	0.085944844089136219
Br-	3	3359.3299999999999	0.086932248464236972
Br-	3	3361	0.087908888983504505
Br-	3	3362.6700000000001	0.088872373678975894
Br-	3	3364.3400000000001	0.08982126736987335
Br-	3	3366	0.090754374072215427
Br-	3	3367.6700000000001	0.091671215392409536
Br-	3	3369.3400000000001	0.092571791330455649
Br-	3	3371.0100000000002	0.093457537067131544
Br-	3	3372.6799999999998	0.094330126980011295
Br-	3	3374.3400000000001	0.095193388217835573
Br-	3	3376.0100000000002	0.096050908732548804
Br-	3	3377.6799999999998	0.096908668444058335
Br-	3	3379.3499999999999	0.097772647272271501
Br-	3	3381.02	0.098650499514669712
Br-	3	3382.6799999999998	0.099550118665530651
Br-	3	3384.3499999999999	0.10047987661272462
Br-	3	3386.02	0.10144958042489964
Br-	3	3387.6900000000001	0.10246712359633342
Br-	3	3389.3600000000001	0.10354207399887769
Br-	3	3391.02	0.10468160753642131
Br-	3	3392.6900000000001	0.10589409609683452
Br-	3	3394.3600000000001	0.10718528040322839
Br-	3	3396.0300000000002	0.1085604227851214
Br-	3	3397.6999999999998	0.11002335039125422
Br-	3	3399.3600000000001	0.11157693358318237
Br-	3	3401.0300000000002	0.11322236834488734
Br-	3	3402.6999999999998	0.11495941547957285
Br-	3	3404.3699999999999	0.11678735739684998
Br-	3	3406.04	0.11870332373516324
Br-	3	3407.6999999999998	0.12070420493616077
Br-	3	3409.3699999999999	0.1227864130478982
Br-	3	3411.04	0.12494492493765338
Br-	3	3412.71	0.12717567425988924
Br-	3	3414.3800000000001	0.12947411627547625
Br-	3	3416.04	0.13183570624528484
Br-	3	3417.71	0.13425661702057429
Br-	3	3419.3800000000001	0.13673493502697423
Br-	3	3421.0500000000002	0.13926563713176252
Br-	3	3422.7199999999998	0.14184896253173546
Br-	3	3424.3800000000001	0.14448730319485595
Br-	3	3426.0500000000002	0.14717826715316107
Br-	3	3427.7199999999998	0.14992185440665085
Br-	3	3429.3899999999999	0.15272045692328814
Br-	3	3431.0599999999999	0.15557885863899895
Br-	3	3432.7199999999998	0.15849227561785731
Br-	3	3434.3899999999999	0.16146309982782617
Br-	3	3436.0599999999999	0.16449133126890553
Br-	3	3437.73	0.16757218600516954
Br-	3	3439.4000000000001	0.17070088010069229
Br-	3	3441.0599999999999	0.17387502158751089
Br-	3	3442.73	0.17707786668988471
Br-	3	3444.4000000000001	0.18030702343985086
Br-	3	3446.0700000000002	0.18355053199759463
Br-	3	3447.73	0.18679404055533844
Br-	3	3449.4000000000001	0.19003037320919342
Br-	3	3451.0700000000002	0.19324517815138192
Br-	3	3452.7399999999998	0.19643606341394107
Br-	3	3454.4099999999999	0.19959346112501908
Br-	3	3456.0700000000002	0.2027125873486901
Br-	3	3457.7399999999998	0.20580061798884294
Br-	3	3459.4099999999999	0.20885276910955167
Br-	3	3461.0799999999999	0.21188339251859398
Br-	3	3462.75	0.21489727215189575
Br-	3	3464.4099999999999	0.21791115178519746
Br-	3	3466.0799999999999	0.22094177519423977
Br-	3	3467.75	0.22399871025087442
Br-	3	3469.4200000000001	0.22710587663473072
Br-	3	3471.0900000000001	0.23027523418562343
Br-	3	3472.75	0.23352352667929308
Br-	3	3474.4200000000001	0.23686032198759144
Br-	3	3476.0900000000001	0.24029997191829613
Br-	3	3477.7600000000002	0.24384247647140714
Br-	3	3479.4299999999998	0.24749740351877628
Br-	3	3481.0900000000001	0.25125279322058874
Br-	3	3482.7600000000002	0.25511103754480757
Br-	3	3484.4299999999998	0.25906017665161801
Br-	3	3486.0999999999999	0.26308585873324253
Br-	3	3487.77	0.26717612394986628
Br-	3	3489.4299999999998	0.27131422852574882
Br-	3	3491.0999999999999	0.2754858206531125
Br-	3	3492.77	0.27967894049214265
Br-	3	3494.4400000000001	0.28387206033117279
Br-	3	3496.1100000000001	0.28806278820223996
Br-	3	3497.77	0.29223677229756662
Br-	3	3499.4400000000001	0.29640118852104147
Br-	3	3501.1100000000001	0.30054407703284985
Br-	3	3502.7800000000002	0.30467739767280655
Br-	3	3504.4499999999998	0.30881071831276324
Br-	3	3506.1100000000001	0.31295360682457168
Br-	3	3507.7800000000002	0.31711563108008362
Br-	3	3509.4499999999998	0.32132071075892843
Br-	3	3511.1199999999999	0.32557841373295787
Br-	3	3512.79	0.32991026771383841
Br-	3	3514.4499999999998	0.33432344860545882
Br-	3	3516.1199999999999	0.3388394841194855
Br-	3	3517.79	0.3434655501598074
Br-	3	3519.46	0.3482064306623503
Br-	3	3521.1300000000001	0.35306930153100308
Br-	3	3522.79	0.35805655473372849
Br-	3	3524.46	0.36316340633460098
Br-	3	3526.1300000000001	0.36838746436565734
Br-	3	3527.8000000000002	0.37372633685893464
Br-	3	3529.4699999999998	0.37917523987850721
Br-	3	3531.1300000000001	0.38472460555252314
Br-	3	3532.8000000000002	0.39037443388098236
Br-	3	3534.4699999999998	0.39611515699203337
Br-	3	3536.1399999999999	0.40194438291771295
Br-	3	3537.8099999999999	0.40785493575413256
Br-	3	3539.4699999999998	0.41384203156536598
Br-	3	3541.1399999999999	0.41990327838345076
Br-	3	3542.8099999999999	0.42602910833653462
Br-	3	3544.48	0.43220995355276615
Br-	3	3546.1500000000001	0.43843146222436763
Br-	3	3547.8099999999999	0.44468167451152435
Br-	3	3549.48	0.45094145467053276
Br-	3	3551.1500000000001	0.4571940589256524
Br-	3	3552.8200000000002	0.46341317562929091
Br-	3	3554.4899999999998	0.46957727706978186
Br-	3	3556.1500000000001	0.4756648355354588
Br-	3	3557.8200000000002	0.48165432331465524
Br-	3	3559.4899999999998	0.48751942875977905
Br-	3	3561.1599999999999	0.49324819203101528
Br-	3	3562.8299999999999	0.49882386935262352
Br-	3	3564.4899999999998	0.50423450088478905
Br-	3	3566.1599999999999	0.50948008662751176
Br-	3	3567.8299999999999	0.51455584264486598
Br-	3	3569.5	0.51946894484074035
Br-	3	3571.1700000000001	0.52422656911902388
Br-	3	3572.8299999999999	0.52883828335156813
Br-	3	3574.5	0.53331843934615075
Br-	3	3576.1700000000001	0.53768378087851254
Br-	3	3577.8400000000001	0.54194387582050496
Br-	3	3579.5100000000002	0.54611785991583139
Br-	3	3581.1700000000001	0.55020812513245521
Br-	3	3582.8400000000001	0.55423141524611685
Br-	3	3584.5100000000002	0.55819012222477893
Br-	3	3586.1799999999998	0.5620866380364048
Br-	3	3587.8499999999999	0.56592335464895727
Br-	3	3589.5100000000002	0.56969788009447331
Br-	3	3591.1799999999998	0.57341021437295292
Br-	3	3592.8499999999999	0.57704839764458138
Br-	3	3594.52	0.5806124299093588
Br-	3	3596.1900000000001	0.58409752723135933
Br-	3	3597.8499999999999	0.58749890567465701
Br-	3	3599.52	0.59081417327128893
Br-	3	3601.1900000000001	0.59404333002125498
Br-	3	3602.8600000000001	0.59718637592455559
Br-	3	3604.5300000000002	0.60024331098118999
Br-	3	3606.1900000000001	0.60322609503097369
Br-	3	3607.8600000000001	0.60613951200983207
Br-	3	3609.5300000000002	0.60899073782165403
Br-	3	3611.1999999999998	0.61179890821014293
Br-	3	3612.8699999999999	0.61456880711122508
Br-	3	3614.5300000000002	0.61731717830064081
Br-	3	3616.1999999999998	0.6200631575220934
Br-	3	3617.8699999999999	0.62281631264743509
Br-	3	3619.54	0.62558860351647994
Br-	3	3621.21	0.62840155784089502
Br-	3	3622.8699999999999	0.63125995955660563
Br-	3	3624.54	0.63416859259953817
Br-	3	3626.21	0.63713702484154411
Br-	3	3627.8800000000001	0.64016047234669771
Br-	3	3629.5500000000002	0.64323654314703571
Br-	3	3631.21	0.64634610149885507
Br-	3	3632.8800000000001	0.64948197149826659
Br-	3	3634.5500000000002	0.65261784149767821
Br-	3	3636.2199999999998	0.65572739984949735
Br-	3	3637.8899999999999	0.65878433490613197
Br-	3	3639.5500000000002	0.66175755108406376
Br-	3	3641.2199999999998	0.66462073673570043
Br-	3	3642.8899999999999	0.66733801234159806
Br-	3	3644.5599999999999	0.66988785019008967
Br-	3	3646.23	0.67224393863358356
Br-	3	3647.8899999999999	0.67439431783226467
Br-	3	3649.5599999999999	0.67632224401039276
Br-	3	3651.23	0.67802532520000447
Br-	3	3652.9000000000001	0.67950116943313721
Br-	3	3654.5700000000002	0.68075695261367963
Br-	3	3656.23	0.68179985064552051
Br-	3	3657.9000000000001	0.68264421533643749
Br-	3	3659.5700000000002	0.68330679046217124
Br-	3	3661.2399999999998	0.6837995358625365
Br-	3	3662.9099999999999	0.68413919531327372
Br-	3	3664.5700000000002	0.68434012062216054
Br-	3	3666.2399999999998	0.68441187966104866
Br-	3	3667.9099999999999	0.68436404030178988
Br-	3	3669.5799999999999	0.68420377844827296
Br-	3	3671.25	0.68393348606846105
Br-	3	3672.9099999999999	0.68355794709827977
Br-	3	3674.5799999999999	0.68306998563384047
Br-	3	3676.25	0.68248156151495776
Br-	3	3677.9200000000001	0.68178789080570568
Br-	3	3679.5900000000001	0.68099854137793625
Br-	3	3681.25	0.6801087292957233
Br-	3	3682.9200000000001	0.67913759030277066
Br-	3	3684.5900000000001	0.6780875163670409
Br-	3	3686.2600000000002	0.67697764323223775
Br-	3	3687.9299999999998	0.6758199307381757
Br-	3	3689.5900000000001	0.6746359065965214
Br-	3	3691.2600000000002	0.67343992261505259
Br-	3	3692.9299999999998	0.67224633060154659
Br-	3	3694.5999999999999	0.67107905023563286
Br-	3	3696.27	0.66994764938916318
Br-	3	3697.9299999999998	0.66886887183787824
Br-	3	3699.5999999999999	0.66784271758177782
Br-	3	3701.27	0.66688353842863968
Br-	3	3702.9400000000001	0.66598894241050099
Br-	3	3704.6100000000001	0.66515892952736155
Br-	3	3706.27	0.66437914797144371
Br-	3	3707.9400000000001	0.66364002987089599
Br-	3	3709.6100000000001	0.66292961538590345
Br-	3	3711.2800000000002	0.66222398483683664
Br-	3	3712.9499999999998	0.66150639444795545
Br-	3	3714.6100000000001	0.66075292453962997
Br-	3	3716.2800000000002	0.65993726346426806
Br-	3	3717.9499999999998	0.65904266744612938
Br-	3	3719.6199999999999	0.65804760877354718
Br-	3	3721.29	0.65693534367078099
Br-	3	3722.9499999999998	0.65568912836209048
Br-	3	3724.6199999999999	0.65430178694358654
Br-	3	3726.29	0.65276853547934321
Br-	3	3727.96	0.65109176593732387
Br-	3	3729.6300000000001	0.64926908634956515
Br-	3	3731.29	0.64731245655588199
Br-	3	3732.96	0.64522666049220001
Br-	3	3734.6300000000001	0.64302365799833439
Br-	3	3736.3000000000002	0.64071301694613625
Br-	3	3737.9699999999998	0.63829712930356908
Br-	3	3739.6300000000001	0.63578556294248412
Br-	3	3741.3000000000002	0.63317831786288203
Br-	3	3742.9699999999998	0.63047539406476216
Br-	3	3744.6399999999999	0.62766243974034719
Br-	3	3746.3099999999999	0.62473706292167408
Br-	3	3747.9699999999998	0.6216849118009653
Br-	3	3749.6399999999999	0.61849402653840624
Br-	3	3751.3099999999999	0.61514766335825599
Br-	3	3752.98	0.6116362543886632
Br-	3	3754.6500000000001	0.60794305585388719
Br-	3	3756.3099999999999	0.60406328381800189
Br-	3	3757.98	0.59998976237711865
Br-	3	3759.6500000000001	0.59571770759531151
Br-	3	3761.3200000000002	0.59124951144054361
Br-	3	3762.9899999999998	0.58658278194485181
Br-	3	3764.6500000000001	0.58172469501212498
Br-	3	3766.3200000000002	0.57668003457828898
Br-	3	3767.9899999999998	0.57145836851519549
Br-	3	3769.6599999999999	0.56606448075877047
Br-	3	3771.3200000000002	0.56050554721290291
Br-	3	3772.9899999999998	0.55478635181351832
Br-	3	3774.6599999999999	0.5489140704645058
Br-	3	3776.3299999999999	0.54289348710179119
Br-	3	3778	0.53672220975741136
Br-	3	3779.6599999999999	0.5304074143352554
Br-	3	3781.3299999999999	0.52394431689939713
Br-	3	3783	0.51733770138576285
Br-	3	3784.6700000000001	0.51058039189046311
Br-	3	3786.3400000000001	0.5036723884134986
Br-	3	3788	0.49661129898690592
Br-	3	3789.6700000000001	0.48939473164272224
Br-	3	3791.3400000000001	0.48202029441298483
Br-	3	3793.0100000000002	0.4744855953297305
Br-	3	3794.6799999999998	0.46679302636092218
Br-	3	3796.3400000000001	0.45894019553859711
Br-	3	3798.0100000000002	0.45093667073460686
Br-	3	3799.6799999999998	0.44277766801302576
Br-	3	3801.3499999999999	0.4344799311495941
Br-	3	3803.02	0.42604824408023806
Br-	3	3804.6799999999998	0.41749695861273523
Br-	3	3806.3499999999999	0.40883325065097414
Br-	3	3808.02	0.40007864790662145
Br-	3	3809.6900000000001	0.3912475021874548
Br-	3	3811.3600000000001	0.38235416530125166
Br-	3	3813.02	0.37341298905578985
Br-	3	3814.6900000000001	0.36444310919477274
Br-	3	3816.3600000000001	0.35545648555801507
Br-	3	3818.0300000000002	0.34646746995329447
Br-	3	3819.6999999999998	0.33748323828449972
Br-	3	3821.3600000000001	0.32852053432737144
Br-	3	3823.0300000000002	0.31958414201783547
Br-	3	3824.6999999999998	0.31068362922774356
Br-	3	3826.3699999999999	0.30182856382894752
Br-	3	3828.04	0.29302851369329902
Br-	3	3829.6999999999998	0.28429304669264982
Br-	3	3831.3699999999999	0.27562694676292587
Br-	3	3833.04	0.26704934964783056
Br-	3	3834.71	0.25856982321921573
Br-	3	3836.3800000000001	0.25020271928485899
Br-	3	3838.04	0.24196238965253797
Br-	3	3839.71	0.23386079416206734
Br-	3	3841.3800000000001	0.22592185249307645
Br-	3	3843.0500000000002	0.21815513251741711
Br-	3	3844.7199999999998	0.2105773780108299
Br-	3	3846.3800000000001	0.20319815684516651
Br-	3	3848.0500000000002	0.19603182082820458
Br-	3	3849.7199999999998	0.18908554586383294
Br-	3	3851.3899999999999	0.18236411588797746
Br-	3	3853.0599999999999	0.17586992286860109
Br-	3	3854.7199999999998	0.16960535877366673
Br-	3	3856.3899999999999	0.16356324769928562
Br-	3	3858.0599999999999	0.15774119767749481
Br-	3	3859.73	0.15212724886847959
Br-	3	3861.4000000000001	0.14671661733631405
Br-	3	3863.0599999999999	0.14149495127322062
Br-	3	3864.73	0.1364478988714217
Br-	3	3866.4000000000001	0.13156876262062095
Br-	3	3868.0700000000002	0.12684319071304087
Br-	3	3869.7399999999998	0.12226209367042221
Br-	3	3871.4000000000001	0.11781686040809844
Br-	3	3873.0700000000002	0.11350151100616221
Br-	3	3874.7399999999998	0.10931150072548389
Br-	3	3876.4099999999999	0.10524563358208207
Br-	3	3878.0799999999999	0.10130462716634558
Br-	3	3879.7399999999998	0.097490873446237414
Br-	3	3881.4099999999999	0.09381011314486859
Br-	3	3883.0799999999999	0.090267847788553859
Br-	3	3884.75	0.086871731674774647
Br-	3	3886.4200000000001	0.083629419101012348
Br-	3	3888.0799999999999	0.080548803561544619
Br-	3	3889.75	0.077636343369871449
Br-	3	3891.4200000000001	0.074897540052307573
Br-	3	3893.0900000000001	0.072336220757593675
Br-	3	3894.7600000000002	0.069954538256896404
Br-	3	3896.4200000000001	0.067751535763030613
Br-	3	3898.0900000000001	0.065723386127255576
Br-	3	3899.7600000000002	0.06386506621684912
Br-	3	3901.4299999999998	0.062168443340737276
Br-	3	3903.0999999999999	0.060622753643086821
Br-	3	3904.7600000000002	0.059215798087286733
Br-	3	3906.4299999999998	0.05793418165274463
Br-	3	3908.0999999999999	0.056763552531682825
Br-	3	3909.77	0.055688841325934831
Br-	3	3911.4400000000001	0.054694978637334142
Br-	3	3913.0999999999999	0.053767612658103106
Br-	3	3914.77	0.052893826761241901
Br-	3	3916.4400000000001	0.05206213950052839
Br-	3	3918.1100000000001	0.051262265413721968
Br-	3	3919.7800000000002	0.050486550203341196
Br-	3	3921.4400000000001	0.049729013949478762
Br-	3	3923.1100000000001	0.048986307896986561
Br-	3	3924.7800000000002	0.048256757668290504
Br-	3	3926.4499999999998	0.047540602460186904
Br-	3	3928.1199999999999	0.046839995043842383
Br-	3	3929.7800000000002	0.046157566584016201
Br-	3	3931.4499999999998	0.045497622623041641
Br-	3	3933.1199999999999	0.044863751112863108
Br-	3	3934.79	0.044259779202221274
Br-	3	3936.46	0.04368881644946801
Br-	3	3938.1199999999999	0.043153972412955099
Br-	3	3939.79	0.04265548628947885
Br-	3	3941.46	0.042193597275835541
Br-	3	3943.1300000000001	0.041766391797654817
Br-	3	3944.8000000000002	0.041370760296584888
Br-	3	3946.46	0.041003114820681343
Br-	3	3948.1300000000001	0.040657953843629406
Br-	3	3949.8000000000002	0.040330015035910625
Br-	3	3951.4699999999998	0.040013796871210226
Br-	3	3953.1399999999999	0.039703797823213482
Br-	3	3954.8000000000002	0.039394994759198207
Br-	3	3956.4699999999998	0.039084038924016261
Br-	3	3958.1399999999999	0.038766863972130701
Br-	3	3959.8099999999999	0.038442752313152632
Br-	3	3961.48	0.038110029569507965
Br-	3	3963.1399999999999	0.037770130921974489
Br-	3	3964.8099999999999	0.03742329556734849
Br-	3	3966.48	0.037072154670389205
Br-	3	3968.1500000000001	0.036718861002263292
Br-	3	3969.8200000000002	0.036365328137341071
Br-	3	3971.48	0.036014665633974374
Br-	3	3973.1500000000001	0.035668547869737256
Br-	3	3974.8200000000002	0.035328410025407486
Br-	3	3976.4899999999998	0.034995448084966539
Br-	3	3978.1599999999999	0.034670379638803261
Br-	3	3979.8200000000002	0.034352487096528828
Br-	3	3981.4899999999998	0.034041770458143189
Br-	3	3983.1599999999999	0.033737272936461213
Br-	3	3984.8299999999999	0.03343827694109397
Br-	3	3986.5	0.033144064881652613
Br-	3	3988.1599999999999	0.032853919167748248
Br-	3	3989.8299999999999	0.032567361405788281
Br-	3	3991.5	0.032285109186161606
Br-	3	3993.1700000000001	0.032006684115275644
Br-	3	3994.8400000000001	0.031733282177111848
Br-	3	3996.5	0.031465620962059092
Br-	3	3998.1700000000001	0.031204657257302572
Br-	3	3999.8400000000001	0.030951347850027434
I-	1	60.047600000000003	0.016083353385998093
I-	1	61.715600000000002	0.015822628878037863
I-	1	63.383600000000001	0.015676240438706062
I-	1	65.051599999999993	0.015625291521095489
I-	1	66.7196	0.01565662630140997
I-	1	68.387600000000006	0.015760916104594066
I-	1	70.055599999999998	0.015933137797925597
I-	1	71.723600000000005	0.016169942626256449
I-	1	73.391599999999997	0.016470373802401451
I-	1	75.0595	0.016833713735971707
I-	1	76.727500000000006	0.017259962426967247
I-	1	78.395499999999998	0.017750315859369509
I-	1	80.063500000000005	0.018304056442789637
I-	1	81.731499999999997	0.018920705783635017
I-	1	83.399500000000003	0.01960002468510938
I-	1	85.067499999999995	0.020339621179249777
I-	1	86.735500000000002	0.021138060085278448
I-	1	88.403499999999994	0.021991992648047274
I-	1	90.0715	0.022898070112408145
I-	1	91.739400000000003	0.023853182920009243
I-	1	93.407399999999996	0.02485350392210987
I-	1	95.075400000000002	0.025894966773173031
I-	1	96.743399999999994	0.026974461914846898
I-	1	98.4114	0.028088401395187076
I-	1	100.07899999999999	0.029233436459045456
I-	1	101.747	0.030407414335255373
I-	1	103.41500000000001	0.031607464662261303
I-	1	105.083	0.032831195472100339
I-	1	106.751	0.034076453993605801
I-	1	108.419	0.035340848258814769
I-	1	110.087	0.036621986299764306
I-	1	111.755	0.037917236951695174
I-	1	113.423	0.039223012262662976
I-	1	115.09099999999999	0.040536202674315874
I-	1	116.759	0.041852981037913177
I-	1	118.42700000000001	0.04316999859830678
I-	1	120.095	0.044482710616367091
I-	1	121.76300000000001	0.045788485927334886
I-	1	123.431	0.047083258185673167
I-	1	125.099	0.048365353013807885
I-	1	126.767	0.049632139246979783
I-	1	128.435	0.0508833776883926
I-	1	130.10300000000001	0.052118589944453723
I-	1	131.77099999999999	0.05333777601516318
I-	1	133.43899999999999	0.054542610278094997
I-	1	135.107	0.055734288717230643
I-	1	136.77500000000001	0.056914007316551607
I-	1	138.44300000000001	0.058082483666446784
I-	1	140.11099999999999	0.059240435357305006
I-	1	141.779	0.060387623192330014
I-	1	143.447	0.061522372793947747
I-	1	145.11500000000001	0.062643248981380462
I-	1	146.78299999999999	0.063746663802683706
I-	1	148.45099999999999	0.064829029305913111
I-	1	150.119	0.065886518342327935
I-	1	151.78700000000001	0.066915542959983823
I-	1	153.45500000000001	0.067912276010140035
I-	1	155.12299999999999	0.06887480391842625
I-	1	156.791	0.069801452307268377
I-	1	158.459	0.070693417160647934
I-	1	160.12700000000001	0.0715528512497315
I-	1	161.79499999999999	0.072383581723259843
I-	1	163.46299999999999	0.073191827697936557
I-	1	165.131	0.073984525880854163
I-	1	166.79900000000001	0.074769569766290386
I-	1	168.46700000000001	0.075556288029300658
I-	1	170.13499999999999	0.076352334967366389
I-	1	171.803	0.077165843271561563
I-	1	173.471	0.078003510452182415
I-	1	175.13900000000001	0.078870359641951118
I-	1	176.80699999999999	0.079769500399219456
I-	1	178.47499999999999	0.080701889511172645
I-	1	180.143	0.081667048584218083
I-	1	181.81100000000001	0.082661389666411372
I-	1	183.47900000000001	0.0836806072154192
I-	1	185.14699999999999	0.08471824291774166
I-	1	186.815	0.085767360066286227
I-	1	188.483	0.086820065166775193
I-	1	190.15100000000001	0.087868225528134586
I-	1	191.81899999999999	0.08890466524647557
I-	1	193.48699999999999	0.089921730024316762
I-	1	195.155	0.090913200744954514
I-	1	196.82300000000001	0.091874293472462953
I-	1	198.49100000000001	0.092801181058101395
I-	1	200.15899999999999	0.093691232337110575
I-	1	201.827	0.094544208112694234
I-	1	203.495	0.095360825975241231
I-	1	205.16300000000001	0.096143477892714505
I-	1	206.83099999999999	0.096895273423465891
I-	1	208.499	0.097621235700217537
I-	1	210.167	0.098326866249284231
I-	1	211.83500000000001	0.099018862580962139
I-	1	213.50299999999999	0.099702965418362405
I-	1	215.17099999999999	0.10038491548459597
I-	1	216.839	0.1010728454707369
I-	1	218.50700000000001	0.10177249609989626
I-	1	220.17500000000001	0.1024862593400369
I-	1	221.84299999999999	0.10321963671747368
I-	1	223.511	0.10397286742900282
I-	1	225.179	0.10475169219773539
I-	1	226.84700000000001	0.10555228387493069
I-	1	228.51499999999999	0.10637870880612577
I-	1	230.18299999999999	0.10722474787461686
I-	1	231.851	0.10809446742594109
I-	1	233.51900000000001	0.10898404031135771
I-	1	235.18700000000001	0.10989538010523704
I-	1	236.85499999999999	0.11082657323320877
I-	1	238.523	0.1117792940728469
I-	1	240.191	0.11275593459211447
I-	1	241.85900000000001	0.11375625559421509
I-	1	243.52699999999999	0.11478217065351914
I-	1	245.19499999999999	0.11583965968993398
I-	1	246.86199999999999	0.11692704832588556
I-	1	248.53	0.11804792451331826
I-	1	250.19800000000001	0.11920228825223207
I-	1	251.86600000000001	0.12038655159068261
I-	1	253.53399999999999	0.12160023613507732
I-	1	255.202	0.12283784035910136
I-	1	256.87	0.12409697229479187
I-	1	258.53800000000001	0.12536806407029705
I-	1	260.20600000000002	0.12664896291445032
I-	1	261.87400000000002	0.12792818738102951
I-	1	263.54199999999997	0.12920310630527537
I-	1	265.20999999999998	0.13047037093203992
I-	1	266.87799999999999	0.13172758929336006
I-	1	268.54599999999999	0.13297284781486551
I-	1	270.214	0.13421236561325994
I-	1	271.88200000000001	0.13544996983728397
I-	1	273.55000000000001	0.13669738112995611
I-	1	275.21800000000002	0.13796440655992431
I-	1	276.88600000000002	0.13926611552535509
I-	1	278.55399999999997	0.14061757742441502
I-	1	280.22199999999998	0.14203123049051131
I-	1	281.88999999999999	0.14352621046734748
I-	1	283.55799999999999	0.14510969325881237
I-	1	285.226	0.14680081460860947
I-	1	286.89400000000001	0.14859957451673875
I-	1	288.56200000000001	0.15051793282301495
I-	1	290.23000000000002	0.15255110559151214
I-	1	291.89800000000002	0.15470148479019333
I-	1	293.56599999999997	0.15696189451516962
I-	1	295.23399999999998	0.15932276689458935
I-	1	296.90199999999999	0.16177453405660067
I-	1	298.56999999999999	0.16431002009731482
I-	1	300.238	0.16691487320895421
I-	1	301.90600000000001	0.16957952551966701
I-	1	303.57400000000001	0.17229393076400895
I-	1	305.24200000000002	0.17505186982527632
I-	1	306.91000000000003	0.17784568840598777
I-	1	308.57799999999997	0.18068017044206919
I-	1	310.24599999999998	0.18354574806166879
I-	1	311.91399999999999	0.1864519891366383
I-	1	313.58199999999999	0.18939410973105195
I-	1	315.25	0.1923840696847243
I-	1	316.91800000000001	0.19541947702969245
I-	1	318.58600000000001	0.19850272373391939
I-	1	320.25400000000002	0.20163620176536803
I-	1	321.92200000000003	0.20481751915607546
I-	1	323.58999999999997	0.20804189197011569
I-	1	325.25799999999998	0.21130932020748888
I-	1	326.92599999999999	0.21460066812449141
I-	1	328.59399999999999	0.21791354375316041
I-	1	330.262	0.22123120331775525
I-	1	331.93000000000001	0.22454168697846127
I-	1	333.59800000000001	0.22782825095953799
I-	1	335.26600000000002	0.23108132738913348
I-	1	336.93400000000003	0.23428656445947027
I-	1	338.60199999999998	0.23743200233073358
I-	1	340.26999999999998	0.24051524903496055
I-	1	341.93799999999999	0.24352195276437344
I-	1	343.60599999999999	0.24645689745489824
I-	1	345.274	0.24932008310653489
I-	1	346.94200000000001	0.2521139016872464
I-	1	348.61000000000001	0.25484792106888438
I-	1	350.27800000000002	0.25752931715533778
I-	1	351.94600000000003	0.26017004978642122
I-	1	353.61399999999998	0.26278207880194937
I-	1	355.28199999999998	0.26538214797766291
I-	1	356.94999999999999	0.26798460912133926
I-	1	358.61799999999999	0.27059903010483044
I-	1	360.286	0.27324454667183973
I-	1	361.95400000000001	0.27592833472625605
I-	1	363.62200000000001	0.27865996213993111
I-	1	365.29000000000002	0.28145138875267961
I-	1	366.95800000000003	0.28430500653246449
I-	1	368.62599999999998	0.2872208154792858
I-	1	370.29399999999998	0.29019881559314348
I-	1	371.96199999999999	0.29323900687403753
I-	1	373.63	0.29632703751419037
I-	1	375.298	0.29946051554563902
I-	1	376.96600000000001	0.3026226971926429
I-	1	378.63400000000001	0.30580401458335033
I-	1	380.30200000000002	0.3089853319740577
I-	1	381.97000000000003	0.3121546895249504
I-	1	383.63799999999998	0.31529773542825079
I-	1	385.30599999999998	0.31839533394025532
I-	1	386.97399999999999	0.32143552522114943
I-	1	388.642	0.32440634943111829
I-	1	390.31	0.32729584673034723
I-	1	391.97800000000001	0.33009205727902163
I-	1	393.64600000000002	0.3327901971412156
I-	1	395.31400000000002	0.33538548238100319
I-	1	396.98200000000003	0.33787073709449567
I-	1	398.64999999999998	0.34024596128169299
I-	1	400.31799999999998	0.34250637100666925
I-	1	401.98599999999999	0.34465675020535042
I-	1	403.654	0.34669470690977355
I-	1	405.322	0.34861784915197563
I-	1	406.99000000000001	0.35043096086788256
I-	1	408.65800000000002	0.35213404205749427
I-	1	410.32499999999999	0.35372948468877385
I-	1	411.99299999999999	0.35521489679375834
I-	1	413.661	0.35659027837244767
I-	1	415.32900000000001	0.35785802139280465
I-	1	416.99700000000001	0.35901573388686664
I-	1	418.66500000000002	0.36006819979055932
I-	1	420.33300000000003	0.36101302713591976
I-	1	422.00099999999998	0.36185260789091095
I-	1	423.66899999999998	0.3625893340234958
I-	1	425.33699999999999	0.36322559750163735
I-	1	427.005	0.36377096619718718
I-	1	428.673	0.36422544011014535
I-	1	430.34100000000001	0.36460097908032657
I-	1	432.00900000000001	0.36489997507569388
I-	1	433.67700000000002	0.36513438793606179
I-	1	435.34500000000003	0.36530900159735624
I-	1	437.01299999999998	0.36543816786735484
I-	1	438.68099999999998	0.36552427871402066
I-	1	440.34899999999999	0.36557690200920528
I-	1	442.017	0.3656032136567976
I-	1	443.685	0.36561038956068642
I-	1	445.35300000000001	0.36560082168883468
I-	1	447.02100000000002	0.36557929397716821
I-	1	448.68900000000002	0.36555537429753887
I-	1	450.35700000000003	0.36552906264994656
I-	1	452.02499999999998	0.36550514297031711
I-	1	453.69299999999998	0.3654883991945766
I-	1	455.36099999999999	0.3654883991945766
I-	1	457.029	0.36550035903439126
I-	1	458.697	0.3655338465858724
I-	1	460.36500000000001	0.36559125381698288
I-	1	462.03300000000002	0.3656773646636487
I-	1	463.70100000000002	0.36578978715790672
I-	1	465.36900000000003	0.36592612933179425
I-	1	467.03699999999998	0.36608639118531106
I-	1	468.70499999999998	0.36626339681456843
I-	1	470.37299999999999	0.36644518637975171
I-	1	472.041	0.36662458397697206
I-	1	473.709	0.36678723779845179
I-	1	475.37700000000001	0.36692357997233932
I-	1	477.04500000000002	0.36702165065881975
I-	1	478.71300000000002	0.36706231411418971
I-	1	480.38099999999997	0.36704078640252324
I-	1	482.04899999999998	0.36694749965196871
I-	1	483.71699999999998	0.3667776699266001
I-	1	485.38499999999999	0.36652890525845455
I-	1	487.053	0.36620120564753206
I-	1	488.721	0.36579935502975847
I-	1	490.38900000000001	0.36533052930902266
I-	1	492.05700000000002	0.36480429635717632
I-	1	493.72500000000002	0.36422544011014535
I-	1	495.39299999999997	0.36361070434367032
I-	1	497.06099999999998	0.36296008905775118
I-	1	498.72899999999998	0.36228794606016568
I-	1	500.39699999999999	0.36159905928683955
I-	1	502.065	0.36089821267369876
I-	1	503.733	0.36018779818870617
I-	1	505.40100000000001	0.35946781583186194
I-	1	507.06900000000002	0.35873826560316585
I-	1	508.73700000000002	0.35799914750261802
I-	1	510.40499999999997	0.35724328562632968
I-	1	512.07299999999998	0.35647067997430071
I-	1	513.74099999999999	0.35568133054653123
I-	1	515.40899999999999	0.3548680614391323
I-	1	517.077	0.35403087265210403
I-	1	518.745	0.35317454812137228
I-	1	520.41300000000001	0.35229191194304826
I-	1	522.08100000000002	0.35138774805305772
I-	1	523.74900000000002	0.35046205645140077
I-	1	525.41700000000003	0.34951722910604027
I-	1	527.08500000000004	0.3485556579849392
I-	1	528.75300000000004	0.34757734308809762
I-	1	530.42100000000005	0.34658228441551547
I-	1	532.08900000000006	0.3455704819671927
I-	1	533.75699999999995	0.34454193574312941
I-	1	535.42499999999995	0.34349425377536263
I-	1	537.09299999999996	0.34242026016000354
I-	1	538.76099999999997	0.34131995489705214
I-	1	540.42899999999997	0.34018855405058251
I-	1	542.09699999999998	0.33901888171670586
I-	1	543.76499999999999	0.33780615395949631
I-	1	545.43299999999999	0.33655037077895394
I-	1	547.101	0.33524914020711571
I-	1	548.76900000000001	0.33390007027601876
I-	1	550.43700000000001	0.33250316098566302
I-	1	552.10500000000002	0.33106798020790035
I-	1	553.77300000000002	0.32959452794273053
I-	1	555.44100000000003	0.32809476402996851
I-	1	557.10900000000004	0.32658064830942884
I-	1	558.77700000000004	0.32505696471703738
I-	1	560.44500000000005	0.32354045702853473
I-	1	562.11300000000006	0.32204308508373564
I-	1	563.78099999999995	0.32057441675449178
I-	1	565.44899999999996	0.31914162794469203
I-	1	567.11699999999996	0.31776146243007686
I-	1	568.78499999999997	0.31643152824268334
I-	1	570.45299999999997	0.31515660931843742
I-	1	572.12099999999998	0.31394148959326501
I-	1	573.78800000000001	0.31278377709920302
I-	1	575.45600000000002	0.31168107986828869
I-	1	577.12400000000002	0.31063100593255893
I-	1	578.79200000000003	0.30962637938812504
I-	1	580.46000000000004	0.30866241629906105
I-	1	582.12800000000004	0.30773672469740415
I-	1	583.79600000000005	0.30683973671130238
I-	1	585.46400000000006	0.30596666840483011
I-	1	587.13199999999995	0.3051151278100242
I-	1	588.79999999999995	0.30427554705503301
I-	1	590.46799999999996	0.30344553417189352
I-	1	592.13599999999997	0.30261552128875407
I-	1	593.80399999999997	0.30178311643765171
I-	1	595.47199999999998	0.3009363597787717
I-	1	597.13999999999999	0.30007525131211404
I-	1	598.80799999999999	0.29918543922990115
I-	1	600.476	0.29826453156417004
I-	1	602.14400000000001	0.29730056847510605
I-	1	603.81200000000001	0.29629115799474631
I-	1	605.48000000000002	0.29522673225123891
I-	1	607.14800000000002	0.29410489927662109
I-	1	608.81600000000003	0.29292087513496678
I-	1	610.48400000000004	0.29167226785831324
I-	1	612.15200000000004	0.29035907744666029
I-	1	613.82000000000005	0.28897891193204517
I-	1	615.48800000000006	0.28753655525039362
I-	1	617.15599999999995	0.28603918330559452
I-	1	618.82399999999996	0.28448440412968484
I-	1	620.49199999999996	0.28288178559451649
I-	1	622.15999999999997	0.2812361116360152
I-	1	623.82799999999997	0.27955695012603282
I-	1	625.49599999999998	0.27784669303253223
I-	1	627.16399999999999	0.27611969216329102
I-	1	628.83199999999999	0.27437833948627227
I-	1	630.5	0.27262981090536464
I-	1	632.16800000000001	0.2708884582283459
I-	1	633.83600000000001	0.26915906539114182
I-	1	635.50400000000002	0.26745120026560415
I-	1	637.17200000000003	0.26576725481969588
I-	1	638.84000000000003	0.26412397282915751
I-	1	640.50800000000004	0.26252135429398915
I-	1	642.17600000000004	0.26096418315011655
I-	1	643.84400000000005	0.2594620272693916
I-	1	645.51199999999994	0.25801727861977714
I-	1	647.17999999999995	0.25662754523331016
I-	1	648.84799999999996	0.25529761104591669
I-	1	650.51599999999996	0.25402269212167078
I-	1	652.18399999999997	0.25279800452464662
I-	1	653.85199999999998	0.2516211562868812
I-	1	655.51999999999998	0.25048497150448568
I-	1	657.18799999999999	0.24938466624153424
I-	1	658.85599999999999	0.24830588869024925
I-	1	660.524	0.24724385491470485
I-	1	662.19200000000001	0.2461866050750863
I-	1	663.86000000000001	0.24513413917139362
I-	1	665.52800000000002	0.2440673214599233
I-	1	667.19600000000003	0.24299093587660123
I-	1	668.86400000000003	0.24189063061364982
I-	1	670.53200000000004	0.24076401370310607
I-	1	672.20000000000005	0.23960869317700709
I-	1	673.86800000000005	0.23841988509942696
I-	1	675.53599999999994	0.23719519750240273
I-	1	677.20399999999995	0.23593463038593446
I-	1	678.87199999999996	0.23463818375002213
I-	1	680.53999999999996	0.23330346562670279
I-	1	682.20799999999997	0.23193286798393939
I-	1	683.87599999999998	0.2305263908217319
I-	1	685.54399999999998	0.22908164217211741
I-	1	687.21199999999999	0.22761058187491062
I-	1	688.88	0.22610603402622267
I-	1	690.548	0.22457995846586828
I-	1	692.21600000000001	0.22302996322588453
I-	1	693.88400000000001	0.22146800814608611
I-	1	695.55200000000002	0.21989409322647296
I-	1	697.22000000000003	0.21831539437093397
I-	1	698.88800000000003	0.21674147945132086
I-	1	700.55600000000004	0.21517234846763356
I-	1	702.22400000000005	0.21361996125968688
I-	1	703.89200000000005	0.21208431782748075
I-	1	705.55999999999995	0.21057498604286692
I-	1	707.22799999999995	0.20909674984177132
I-	1	708.89599999999996	0.20765200119215685
I-	1	710.56399999999996	0.20624552402994936
I-	1	712.23199999999997	0.20488210229107476
I-	1	713.89999999999998	0.20356173597553306
I-	1	715.56799999999998	0.20228681705128718
I-	1	717.23599999999999	0.20105973748629999
I-	1	718.904	0.19988528121649751
I-	1	720.572	0.19875627233799081
I-	1	722.24000000000001	0.1976751028187429
I-	1	723.90800000000002	0.19663938069079079
I-	1	725.57600000000002	0.19564910595413451
I-	1	727.24400000000003	0.19469471073692227
I-	1	728.91200000000003	0.19377380307119121
I-	1	730.58000000000004	0.19287920705305245
I-	1	732.24800000000005	0.19200374677861717
I-	1	733.91600000000005	0.19114024634399657
I-	1	735.58399999999995	0.19028152984530186
I-	1	737.25199999999995	0.18941802941068131
I-	1	738.91899999999998	0.18854017716828309
I-	1	740.58699999999999	0.18765036508607019
I-	1	742.255	0.18673424135626498
I-	1	743.923	0.18579180597886746
I-	1	745.59100000000001	0.18482066698591468
I-	1	747.25900000000001	0.18382082437740663
I-	1	748.92700000000002	0.18279227815334331
I-	1	750.59500000000003	0.18173742028168774
I-	1	752.26300000000003	0.18065864273040272
I-	1	753.93100000000004	0.17955594549948836
I-	1	755.59900000000005	0.17843889646079639
I-	1	757.26700000000005	0.17730749561432677
I-	1	758.93499999999995	0.17615935099211658
I-	1	760.60299999999995	0.17499685456212874
I-	1	762.27099999999996	0.17382479026028919
I-	1	763.93899999999996	0.17263119824678316
I-	1	765.60699999999997	0.17141847048957368
I-	1	767.27499999999998	0.17018230144632734
I-	1	768.94299999999998	0.16891455842597028
I-	1	770.61099999999999	0.16761571982209497
I-	1	772.279	0.16627621776284979
I-	1	773.947	0.16489844421619754
I-	1	775.61500000000001	0.16347761524621243
I-	1	777.28300000000002	0.16201373085289444
I-	1	778.95100000000002	0.16051157497216947
I-	1	780.61900000000003	0.15897593153996331
I-	1	782.28700000000003	0.15741158449220197
I-	1	783.95500000000004	0.15582570973277415
I-	1	785.62300000000005	0.15422309119760574
I-	1	787.29100000000005	0.15261568872651149
I-	1	788.95899999999995	0.15101067822338016
I-	1	790.62699999999995	0.14941523559210057
I-	1	792.29499999999996	0.14783175280063568
I-	1	793.96299999999997	0.14626740575287431
I-	1	795.63099999999997	0.14472219444881645
I-	1	797.29899999999998	0.14319851085642499
I-	1	798.96699999999998	0.14169396300773709
I-	1	800.63499999999999	0.14020376696682676
I-	1	802.303	0.13872361719136078
I-	1	803.971	0.1372449025966726
I-	1	805.63900000000001	0.13576427442761402
I-	1	807.30700000000002	0.13427168641874077
I-	1	808.97500000000002	0.13275948427257145
I-	1	810.64300000000003	0.13122336244677271
I-	1	812.31100000000004	0.12965375306949289
I-	1	813.97900000000004	0.12804874256636156
I-	1	815.64700000000005	0.12640187262387884
I-	1	817.31500000000005	0.12471362163563725
I-	1	818.98299999999995	0.12297800968172953
I-	1	820.65099999999995	0.12120101668206298
I-	1	822.31899999999996	0.11938025066867466
I-	1	823.98699999999997	0.11751810360952752
I-	1	825.65499999999997	0.1156203162277326
I-	1	827.32299999999998	0.1136909548688269
I-	1	828.99099999999999	0.11173576025592147
I-	1	830.65899999999999	0.10976095150571992
I-	1	832.327	0.10777418291570372
I-	1	833.995	0.10577952083140982
I-	1	835.66300000000001	0.10378701151828253
I-	1	837.33100000000002	0.10180430927380332
I-	1	838.99900000000002	0.099839307592249835
I-	1	840.66700000000003	0.097899899967899801
I-	1	842.33500000000004	0.095991348730271667
I-	1	844.00300000000004	0.094123939341606039
I-	1	845.67100000000005	0.092304130115402894
I-	1	847.33900000000006	0.090539096955551027
I-	1	849.00699999999995	0.088834819781957772
I-	1	850.67499999999995	0.087197517711326777
I-	1	852.34299999999996	0.085632453073176532
I-	1	854.01099999999997	0.08414249622906253
I-	1	855.67899999999997	0.082731713524521758
I-	1	857.34699999999998	0.081400822549943103
I-	1	859.01499999999999	0.08015030169891918
I-	1	860.68299999999999	0.078978237397079612
I-	1	862.351	0.077881998479665177
I-	1	864.01900000000001	0.076856322617157413
I-	1	865.68700000000001	0.075895469086445261
I-	1	867.35500000000002	0.074991783590047309
I-	1	869.02300000000002	0.074136894240093315
I-	1	870.69100000000003	0.073320993967935205
I-	1	872.35900000000004	0.07253475409851752
I-	1	874.02700000000004	0.071768128366395928
I-	1	875.69500000000005	0.071011309702922368
I-	1	877.36300000000006	0.070255687023430297
I-	1	879.03099999999995	0.069493845227234563
I-	1	880.69899999999996	0.0687188476072427
I-	1	882.36699999999996	0.067926388621121367
I-	1	884.03499999999997	0.067112880316926193
I-	1	885.70299999999997	0.066277126710675691
I-	1	887.37099999999998	0.065419127802369872
I-	1	889.03899999999999	0.064541275559971675
I-	1	890.70699999999999	0.063646679541832896
I-	1	892.375	0.06273940609349056
I-	1	894.04300000000001	0.061825195938055695
I-	1	895.71100000000001	0.060909550601843061
I-	1	897.37900000000002	0.059998450004760027
I-	1	899.04700000000003	0.059098352460306501
I-	1	900.71500000000003	0.058214281101204642
I-	1	902.38199999999995	0.057351019863380363
I-	1	904.04999999999995	0.056512874289166938
I-	1	905.71799999999996	0.055702475543323561
I-	1	907.38599999999997	0.054921976397016944
I-	1	909.05399999999997	0.054172333637432207
I-	1	910.72199999999998	0.053453547264569364
I-	1	912.38999999999999	0.052764182097650672
I-	1	914.05799999999999	0.052102802955898336
I-	1	915.726	0.051467257068145728
I-	1	917.39400000000001	0.050855630860022531
I-	1	919.06200000000001	0.050265532363565742
I-	1	920.73000000000002	0.049694808807608765
I-	1	922.39800000000002	0.049142503404966405
I-	1	924.06600000000003	0.048608137762046089
I-	1	925.73400000000004	0.048091233485255187
I-	1	927.40200000000004	0.047593225755371532
I-	1	929.07000000000005	0.047114832162783962
I-	1	930.73800000000006	0.046658444675455393
I-	1	932.40599999999995	0.046225976867756237
I-	1	934.07399999999996	0.045819103117260507
I-	1	935.74199999999996	0.045439497801542252
I-	1	937.40999999999997	0.045087878510990387
I-	1	939.07799999999997	0.044764006048808584
I-	1	940.74599999999998	0.044465966840626522
I-	1	942.41399999999999	0.044191608115277545
I-	1	944.08199999999999	0.043936145936835778
I-	1	945.75	0.043695035566171658
I-	1	947.41800000000001	0.0434618186897852
I-	1	949.08600000000001	0.043229558600583931
I-	1	950.75400000000002	0.042991557788271614
I-	1	952.42200000000003	0.042740879545755714
I-	1	954.09000000000003	0.042471304756332623
I-	1	955.75800000000004	0.04217781028728014
I-	1	957.42600000000004	0.041856090596265001
I-	1	959.09400000000005	0.041503992912120535
I-	1	960.76199999999994	0.041119603660476414
I-	1	962.42999999999995	0.040704118825314106
I-	1	964.09799999999996	0.040258973587411373
I-	1	965.76599999999996	0.039787038308323724
I-	1	967.43399999999997	0.039291900939995565
I-	1	969.10199999999998	0.038778106221556523
I-	1	970.76999999999998	0.038249720498543534
I-	1	972.43799999999999	0.037711049313289918
I-	1	974.10599999999999	0.037166637404925255
I-	1	975.774	0.036619833528597663
I-	1	977.44200000000001	0.036073747242658945
I-	1	979.11000000000001	0.035530531318275743
I-	1	980.77800000000002	0.034992099329818414
I-	1	982.44600000000003	0.034460843245249922
I-	1	984.11400000000003	0.033937480654959107
I-	1	985.78200000000004	0.033423925133316344
I-	1	987.45000000000005	0.032921851057895669
I-	1	989.11800000000005	0.032433172003067459
I-	1	990.78599999999994	0.031960758330387244
I-	1	992.45399999999995	0.031507480401410506
I-	1	994.12199999999996	0.031076686971285385
I-	1	995.78999999999996	0.030672683582345171
I-	1	997.45799999999997	0.030298818989737984
I-	1	999.12599999999998	0.029959637932593399
I-	1	1000.79	0.029658010772466919
I-	1	1002.46	0.029396807870914112
I-	1	1004.13	0.029177703605508989
I-	1	1005.8	0.029001176369844187
I-	1	1007.47	0.02886603017993819
I-	1	1009.13	0.028769633871031788
I-	1	1010.8	0.028707921097587991
I-	1	1012.47	0.028674911939699444
I-	1	1014.14	0.028663669690273636
I-	1	1015.8099999999999	0.028666779248625464
I-	1	1017.47	0.028675151136495748
I-	1	1019.14	0.028680652662810512
I-	1	1020.8099999999999	0.028675151136495748
I-	1	1022.48	0.028650992260070077
I-	1	1024.1500000000001	0.028601239326440962
I-	1	1025.8099999999999	0.028521825990071435
I-	1	1027.48	0.028408685905424464
I-	1	1029.1500000000001	0.028261101482111195
I-	1	1030.8199999999999	0.028079072720131631
I-	1	1032.49	0.027864991587448679
I-	1	1034.1500000000001	0.027622446036006779
I-	1	1035.8199999999999	0.027357176788916963
I-	1	1037.49	0.027075642159679177
I-	1	1039.1600000000001	0.026785018052182221
I-	1	1040.8299999999999	0.026493197960703797
I-	1	1042.49	0.026207836182725305
I-	1	1044.1600000000001	0.025936826212524442
I-	1	1045.8299999999999	0.025686387166804849
I-	1	1047.5	0.025463216555862738
I-	1	1049.1700000000001	0.025271619922031422
I-	1	1050.8299999999999	0.025114706823662687
I-	1	1052.5	0.024994869228719501
I-	1	1054.1700000000001	0.024911867940405553
I-	1	1055.8399999999999	0.024865224565128269
I-	1	1057.51	0.024852068741332108
I-	1	1059.1700000000001	0.024869051713868974
I-	1	1060.8399999999999	0.024911867940405553
I-	1	1062.51	0.024975494288219706
I-	1	1064.1800000000001	0.025055146821385536
I-	1	1065.8499999999999	0.025145802407180885
I-	1	1067.51	0.025243155503272455
I-	1	1069.1800000000001	0.025342900567326972
I-	1	1070.8499999999999	0.025442406434585181
I-	1	1072.52	0.025539998727473048
I-	1	1074.1900000000001	0.025634481462009098
I-	1	1075.8499999999999	0.02572585463819332
I-	1	1077.52	0.025815314240007197
I-	1	1079.1900000000001	0.025904056251432189
I-	1	1080.8599999999999	0.025994233443634957
I-	1	1082.53	0.026087520194189528
I-	1	1084.1900000000001	0.026185830077466284
I-	1	1085.8599999999999	0.026290119880650369
I-	1	1087.53	0.026401585587723281
I-	1	1089.2	0.026519509608296115
I-	1	1090.8699999999999	0.026642695958387419
I-	1	1092.53	0.026769231063626834
I-	1	1094.2	0.026896005365662543
I-	1	1095.8699999999999	0.02701943091255014
I-	1	1097.54	0.027135441358752621
I-	1	1099.21	0.027239252768344126
I-	1	1100.8699999999999	0.027326559598991371
I-	1	1102.54	0.027393295505157338
I-	1	1104.21	0.027435633338101329
I-	1	1105.8800000000001	0.027450702736267842
I-	1	1107.55	0.027435872534897612
I-	1	1109.21	0.027390664340398101
I-	1	1110.8800000000001	0.027314599759176664
I-	1	1112.55	0.027208157184825943
I-	1	1114.22	0.027073250191716233
I-	1	1115.8900000000001	0.02691179235421793
I-	1	1117.55	0.026726893230682832
I-	1	1119.22	0.026521423182666468
I-	1	1120.8900000000001	0.026299209358909538
I-	1	1122.5599999999999	0.026063600514560154
I-	1	1124.23	0.025817945404766438
I-	1	1125.8900000000001	0.025565592784676482
I-	1	1127.5599999999999	0.025309652212642128
I-	1	1129.23	0.025053233247015187
I-	1	1130.9000000000001	0.024798727855758596
I-	1	1132.5699999999999	0.024548288810039003
I-	1	1134.23	0.024303829684226744
I-	1	1135.9000000000001	0.024067503249488482
I-	1	1137.5699999999999	0.023840266293009379
I-	1	1139.24	0.023623314798770917
I-	1	1140.9100000000001	0.023416887963569371
I-	1	1142.5699999999999	0.023221224984201056
I-	1	1144.24	0.023035608270277081
I-	1	1145.9100000000001	0.022859081034612254
I-	1	1147.5799999999999	0.022690447293225134
I-	1	1149.24	0.022527075881356478
I-	1	1150.9100000000001	0.022367053224635936
I-	1	1152.5799999999999	0.022207269764711681
I-	1	1154.25	0.022044855140028206
I-	1	1155.9200000000001	0.021877895776215142
I-	1	1157.5799999999999	0.021703521311716965
I-	1	1159.25	0.021520774959348513
I-	1	1160.9200000000001	0.021328699931924593
I-	1	1162.5899999999999	0.021128013819834108
I-	1	1164.26	0.020920630197447394
I-	1	1165.9200000000001	0.020708701835931098
I-	1	1167.5899999999999	0.020497012671211089
I-	1	1169.26	0.020290107442416966
I-	1	1170.9300000000001	0.02009348767586347
I-	1	1172.5999999999999	0.019913372488254245
I-	1	1174.26	0.019755263405904055
I-	1	1175.9300000000001	0.019625379545516526
I-	1	1177.5999999999999	0.019527787252628659
I-	1	1179.27	0.019466313675981155
I-	1	1180.9400000000001	0.019443111586740655
I-	1	1182.5999999999999	0.019458898575296042
I-	1	1184.27	0.019512717854462146
I-	1	1185.9400000000001	0.019601699062683435
I-	1	1187.6099999999999	0.019722254248015509
I-	1	1189.28	0.01986912108093989
I-	1	1190.9400000000001	0.020035602051160374
I-	1	1192.6099999999999	0.020215238845177008
I-	1	1194.28	0.020400377165508403
I-	1	1195.95	0.020584319501858322
I-	1	1197.6199999999999	0.020759172359949091
I-	1	1199.28	0.020919434213465926
I-	1	1200.95	0.021058407552112617
I-	1	1202.6199999999999	0.021172026030352165
I-	1	1204.29	0.021256223302647578
I-	1	1205.96	0.021308129007443333
I-	1	1207.6199999999999	0.021326547160757957
I-	1	1209.29	0.021310999368998853
I-	1	1210.96	0.021261964025758626
I-	1	1212.6300000000001	0.021181354705407621
I-	1	1214.3	0.021072041769501365
I-	1	1215.96	0.020937134776391666
I-	1	1217.6300000000001	0.020781178465208112
I-	1	1219.3	0.020609435165469175
I-	1	1220.97	0.020426928009897007
I-	1	1222.6400000000001	0.02023939772160268
I-	1	1224.3	0.020053302614086114
I-	1	1225.97	0.019874383410458357
I-	1	1227.6400000000001	0.019708141637034177
I-	1	1229.3099999999999	0.019560318016924615
I-	1	1230.98	0.019435218092462962
I-	1	1232.6400000000001	0.019337625799575094
I-	1	1234.3099999999999	0.019270411499816543
I-	1	1235.98	0.019235967161150235
I-	1	1237.6500000000001	0.019235249570761351
I-	1	1239.3199999999999	0.019268976319038782
I-	1	1240.98	0.019336190618797332
I-	1	1242.6500000000001	0.019435218092462962
I-	1	1244.3199999999999	0.01956414516566532
I-	1	1245.99	0.019719623083256282
I-	1	1247.6600000000001	0.019898063893291448
I-	1	1249.3199999999999	0.020095879643826413
I-	1	1250.99	0.020309003989324174
I-	1	1252.6600000000001	0.020533131387451456
I-	1	1254.3299999999999	0.020763477902282376
I-	1	1256	0.020996216385076226
I-	1	1257.6600000000001	0.021226323703110853
I-	1	1259.3299999999999	0.021449494314052964
I-	1	1261	0.021660465888384085
I-	1	1262.6700000000001	0.021854454490178345
I-	1	1264.3399999999999	0.022026436986713579
I-	1	1266	0.022170911851675031
I-	1	1267.6700000000001	0.022282855952340523
I-	1	1269.3399999999999	0.022357963746376767
I-	1	1271.01	0.022390733707469017
I-	1	1272.6800000000001	0.022377817080469153
I-	1	1274.3399999999999	0.022316104307025356
I-	1	1276.01	0.022203442615970986
I-	1	1277.6800000000001	0.022039114416917149
I-	1	1279.3499999999999	0.021824076497049039
I-	1	1281.02	0.021560242430736981
I-	1	1282.6800000000001	0.021251439366721706
I-	1	1284.3499999999999	0.020902451240929064
I-	1	1286.02	0.020520453957247886
I-	1	1287.6900000000001	0.020111905829178094
I-	1	1289.3599999999999	0.019685896334978848
I-	1	1291.02	0.019250558165724158
I-	1	1292.6900000000001	0.018814502406080579
I-	1	1294.3599999999999	0.01838562255032581
I-	1	1296.03	0.017971572895941267
I-	1	1297.7	0.017577854969241694
I-	1	1299.3599999999999	0.017209731099745551
I-	1	1301.03	0.016870071649008365
I-	1	1302.7	0.016560311797807908
I-	1	1304.3699999999999	0.016280212349347883
I-	1	1306.04	0.016027620532461647
I-	1	1307.7	0.01579966598559366
I-	1	1309.3699999999999	0.015592282363206944
I-	1	1311.04	0.015400685729375616
I-	1	1312.71	0.015220092148173813
I-	1	1314.3800000000001	0.015045717683675635
I-	1	1316.04	0.014873495990344104
I-	1	1317.71	0.014699839116234813
I-	1	1319.3800000000001	0.014522594290181122
I-	1	1321.05	0.014340326331405251
I-	1	1322.72	0.014153513633499799
I-	1	1324.3800000000001	0.013963352180446243
I-	1	1326.05	0.013770798759429735
I-	1	1327.72	0.013579441322394704
I-	1	1329.3900000000001	0.013391432640507786
I-	1	1331.0599999999999	0.013210599862509687
I-	1	1332.72	0.013039574153159622
I-	1	1334.3900000000001	0.012881225874013138
I-	1	1336.0599999999999	0.012737707796236869
I-	1	1337.73	0.012610455100608568
I-	1	1339.4000000000001	0.012500185377517131
I-	1	1341.0599999999999	0.012407137823758843
I-	1	1342.73	0.012331073242537419
I-	1	1344.4000000000001	0.012270556453075098
I-	1	1346.0699999999999	0.012224630668186687
I-	1	1347.74	0.012191382313501855
I-	1	1349.4000000000001	0.012168897814650231
I-	1	1351.0699999999999	0.012155502794057785
I-	1	1352.74	0.012148566086965263
I-	1	1354.4100000000001	0.01214665251259491
I-	1	1356.0799999999999	0.012147130906187501
I-	1	1357.74	0.012148326890168967
I-	1	1359.4100000000001	0.012148087693372672
I-	1	1361.0799999999999	0.012144499741428262
I-	1	1362.75	0.012135410263169104
I-	1	1364.4200000000001	0.012118666487428535
I-	1	1366.0799999999999	0.012092115643039931
I-	1	1367.75	0.012054083352429213
I-	1	1369.4200000000001	0.01200217764763346
I-	1	1371.0899999999999	0.011935202544671206
I-	1	1372.76	0.011851483665968374
I-	1	1374.4200000000001	0.011750303421136107
I-	1	1376.0899999999999	0.011631422613378092
I-	1	1377.76	0.011494841242694336
I-	1	1379.4300000000001	0.011341994489862601
I-	1	1381.0999999999999	0.011174556732456957
I-	1	1382.76	0.010995398332032903
I-	1	1384.4300000000001	0.010808107240534871
I-	1	1386.0999999999999	0.010616510606703544
I-	1	1387.77	0.010425392366464808
I-	1	1389.4400000000001	0.010240014849337118
I-	1	1391.0999999999999	0.010065640384838951
I-	1	1392.77	0.0099065745153035806
I-	1	1394.4400000000001	0.009768318767045767
I-	1	1396.1099999999999	0.0096544610920099201
I-	1	1397.78	0.0095683502453441562
I-	1	1399.4400000000001	0.0095123781950114134
I-	1	1401.1099999999999	0.0094879801217894466
I-	1	1402.78	0.009495156025678254
I-	1	1404.45	0.0095324707259000861
I-	1	1406.1199999999999	0.0095977714512882929
I-	1	1407.78	0.0096874702498984683
I-	1	1409.45	0.0097972615793973147
I-	1	1411.1199999999999	0.0099221223070626724
I-	1	1412.79	0.010056311709783486
I-	1	1414.46	0.010193610670856126
I-	1	1416.1199999999999	0.010328756860762111
I-	1	1417.79	0.010455531162797821
I-	1	1419.46	0.010569388837833668
I-	1	1421.1300000000001	0.010666024343536354
I-	1	1422.8	0.010742088924757778
I-	1	1424.46	0.010795669007127588
I-	1	1426.1300000000001	0.010826286197053191
I-	1	1427.8	0.010833940494534599
I-	1	1429.47	0.010820545473942145
I-	1	1431.1400000000001	0.010788732300035075
I-	1	1432.8	0.010741849727961482
I-	1	1434.47	0.010683964103258389
I-	1	1436.1400000000001	0.010619859361851659
I-	1	1437.8099999999999	0.01055312345568569
I-	1	1439.48	0.010487822730297481
I-	1	1441.1400000000001	0.010427066744038866
I-	1	1442.8099999999999	0.010373965055261636
I-	1	1444.48	0.010329713647947292
I-	1	1446.1500000000001	0.010295747702873575
I-	1	1447.8199999999999	0.010272067220040483
I-	1	1449.48	0.010257954609059153
I-	2	1471.1700000000001	0.010762659849239051
I-	2	1472.8399999999999	0.010898284432737626
I-	2	1474.5	0.011059024679847054
I-	2	1476.1700000000001	0.011245598180956209
I-	2	1477.8399999999999	0.011458483329657685
I-	2	1479.51	0.011697201732358879
I-	2	1481.1700000000001	0.011959839814689458
I-	2	1482.8399999999999	0.012244244805482779
I-	2	1484.51	0.012547546343183304
I-	2	1486.1800000000001	0.012866874066235512
I-	2	1487.8499999999999	0.013198161629102412
I-	2	1489.51	0.013537581883043293
I-	2	1491.1800000000001	0.013881546876113763
I-	2	1492.8499999999999	0.014225990262776824
I-	2	1494.52	0.014567324091088057
I-	2	1496.1900000000001	0.014902677999491947
I-	2	1497.8499999999999	0.015228224839247802
I-	2	1499.52	0.015541811839188954
I-	2	1501.1900000000001	0.015840807834556193
I-	2	1502.8599999999999	0.016123777644571742
I-	2	1504.53	0.016388807694865264
I-	2	1506.1900000000001	0.016635419591844162
I-	2	1507.8599999999999	0.016862656548323262
I-	2	1509.53	0.017070996957895147
I-	2	1511.2	0.017260919214152418
I-	2	1512.8699999999999	0.017432901710687652
I-	2	1514.53	0.017589097218667502
I-	2	1516.2	0.017730701722073416
I-	2	1517.8699999999999	0.017859867992072072
I-	2	1519.54	0.017978987996626374
I-	2	1521.21	0.018089975310106695
I-	2	1522.8699999999999	0.018195939490864836
I-	2	1524.54	0.018298554916474877
I-	2	1526.21	0.018400931145288617
I-	2	1527.8800000000001	0.018504981751676419
I-	2	1529.55	0.018614055490786378
I-	2	1531.21	0.018730065936988873
I-	2	1532.8800000000001	0.018856601042228287
I-	2	1534.55	0.018996291971263863
I-	2	1536.22	0.0191524874792437
I-	2	1537.8900000000001	0.019328297124519639
I-	2	1539.55	0.019528026449424953
I-	2	1541.22	0.019754785012311465
I-	2	1542.8900000000001	0.020012399961919874
I-	2	1544.5599999999999	0.020304220053398297
I-	2	1546.23	0.020633115648302256
I-	2	1547.8900000000001	0.021001478714594693
I-	2	1549.5599999999999	0.021410505236257076
I-	2	1551.23	0.021861391197270867
I-	2	1552.9000000000001	0.022352462220062017
I-	2	1554.5699999999999	0.022882283123852758
I-	2	1556.23	0.023447265956698691
I-	2	1557.9000000000001	0.024043583569859105
I-	2	1559.5699999999999	0.024665016846630371
I-	2	1561.24	0.025305825063901426
I-	2	1562.9100000000001	0.025958593120987181
I-	2	1564.5699999999999	0.026617101901183986
I-	2	1566.24	0.027274175500603015
I-	2	1567.9100000000001	0.027923355605744365
I-	2	1569.5799999999999	0.028559858280682131
I-	2	1571.25	0.029179138786286762
I-	2	1572.9100000000001	0.029779044351391584
I-	2	1574.5799999999999	0.030358618188811439
I-	2	1576.25	0.03091929547932408
I-	2	1577.9200000000001	0.031463946584485029
I-	2	1579.5899999999999	0.031997355440220185
I-	2	1581.25	0.032526219556825747
I-	2	1582.9200000000001	0.033058432428579441
I-	2	1584.5899999999999	0.033604040320925566
I-	2	1586.26	0.034173328696104774
I-	2	1587.9300000000001	0.034777539803542895
I-	2	1589.5899999999999	0.03542791589266571
I-	2	1591.26	0.036136177606491612
I-	2	1592.9300000000001	0.036913806391242733
I-	2	1594.5999999999999	0.037771326905955964
I-	2	1596.27	0.038719742203260833
I-	2	1597.9300000000001	0.039768141761416513
I-	2	1599.5999999999999	0.040925375861885861
I-	2	1601.27	0.042199577195742882
I-	2	1602.9400000000001	0.043598639257265252
I-	2	1604.6099999999999	0.045129737950341788
I-	2	1606.27	0.046800288375657619
I-	2	1607.9400000000001	0.048617227240305247
I-	2	1609.6099999999999	0.050587730448173475
I-	2	1611.28	0.052720887477521482
I-	2	1612.95	0.055024591822626964
I-	2	1614.6099999999999	0.057509607339323157
I-	2	1616.28	0.060185501899461764
I-	2	1617.95	0.063064952933246404
I-	2	1619.6199999999999	0.066160159477288039
I-	2	1621.29	0.069484277355382817
I-	2	1622.95	0.0730511799817158
I-	2	1624.6199999999999	0.076874979967268317
I-	2	1626.29	0.080969789923021701
I-	2	1627.96	0.085349483263160969
I-	2	1629.6300000000001	0.09002721581148232
I-	2	1631.29	0.095015664998189295
I-	2	1632.96	0.1003255946791151
I-	2	1634.6300000000001	0.10596944308766708
I-	2	1636.3	0.11195127656938217
I-	2	1637.97	0.11828114138970468
I-	2	1639.6300000000001	0.12496286469737537
I-	2	1641.3	0.13199644649239425
I-	2	1642.97	0.13938332195553907
I-	2	1644.6400000000001	0.14712133831564314
I-	2	1646.3099999999999	0.15520140609444733
I-	2	1647.97	0.1636139574200999
I-	2	1649.6400000000001	0.17234655405919355
I-	2	1651.3099999999999	0.1813834090231729
I-	2	1652.98	0.19069773227085307
I-	2	1654.6500000000001	0.20026799609056756
I-	2	1656.3099999999999	0.21005592899490944
I-	2	1657.98	0.22002565146443456
I-	2	1659.6500000000001	0.23013650004377301
I-	2	1661.3199999999999	0.24033585143774019
I-	2	1662.99	0.25057347431911436
I-	2	1664.6500000000001	0.26078478555289619
I-	2	1666.3199999999999	0.27090520200408641
I-	2	1667.99	0.28087253250564864
I-	2	1669.6600000000001	0.29061023408276881
I-	2	1671.3299999999999	0.30005133163248465
I-	2	1672.99	0.30911449824405635
I-	2	1674.6600000000001	0.31773275881452157
I-	2	1676.3299999999999	0.32583913824091804
I-	2	1678	0.33336426945232073
I-	2	1679.6700000000001	0.34024835324965591
I-	2	1681.3299999999999	0.34643398240181333
I-	2	1683	0.35187810148545995
I-	2	1684.6700000000001	0.3565352631093
I-	2	1686.3399999999999	0.36037437168981534
I-	2	1688.01	0.36336911557941365
I-	2	1689.6700000000001	0.36549796706642834
I-	2	1691.3399999999999	0.36675135827900773
I-	2	1693.01	0.36712450528122614
I-	2	1694.6800000000001	0.3666174080730833
I-	2	1696.3499999999999	0.36523724255846812
I-	2	1698.01	0.36299836054515822
I-	2	1699.6800000000001	0.3599175058088942
I-	2	1701.3499999999999	0.35601859802930547
I-	2	1703.02	0.35133034082194714
I-	2	1704.6900000000001	0.34588622173830053
I-	2	1706.3499999999999	0.33972451226577255
I-	2	1708.02	0.33289065979565902
I-	2	1709.6900000000001	0.32543011171925568
I-	2	1711.3599999999999	0.3173930993637844
I-	2	1713.03	0.30883942192831848
I-	2	1714.6900000000001	0.29982409467600557
I-	2	1716.3599999999999	0.29040691680591907
I-	2	1718.03	0.28065725538898423
I-	2	1719.7	0.27063251765631152
I-	2	1721.3699999999999	0.26040207067882615
I-	2	1723.03	0.25002810562356453
I-	2	1724.7	0.23957520562552595
I-	2	1726.3699999999999	0.2291007779158209
I-	2	1728.04	0.21866940562944875
I-	2	1729.71	0.20833371206159412
I-	2	1731.3699999999999	0.19814153657151576
I-	2	1733.04	0.18814789442236127
I-	2	1734.71	0.17838866513357468
I-	2	1736.3800000000001	0.16890259858615558
I-	2	1738.05	0.15971744160847406
I-	2	1739.71	0.15086476817764097
I-	2	1741.3800000000001	0.14236132206939672
I-	2	1743.05	0.13422432545307461
I-	2	1744.72	0.12646119342935966
I-	2	1746.3900000000001	0.1190779059181593
I-	2	1748.05	0.11207589810025123
I-	2	1749.72	0.10545158202369104
I-	2	1751.3900000000001	0.099198738571775066
I-	2	1753.0599999999999	0.093306843085466454
I-	2	1754.73	0.0877670452833023
I-	2	1756.3900000000001	0.082565471751097561
I-	2	1758.0599999999999	0.077688727468259791
I-	2	1759.73	0.073121264643029885
I-	2	1761.4000000000001	0.068848731467630236
I-	2	1763.0699999999999	0.064855101756709124
I-	2	1764.73	0.06112530611210007
I-	2	1766.4000000000001	0.057644514332432846
I-	2	1768.0699999999999	0.054397417822744661
I-	2	1769.74	0.051369903972054168
I-	2	1771.4100000000001	0.048547381775787449
I-	2	1773.0699999999999	0.045916456213352067
I-	2	1774.74	0.043463732264155543
I-	2	1776.4100000000001	0.041176293301198041
I-	2	1778.0799999999999	0.03904170109107228
I-	2	1779.75	0.037047995793963541
I-	2	1781.4100000000001	0.035183935160446038
I-	2	1783.0799999999999	0.033438994531482857
I-	2	1784.75	0.031802649248037038
I-	2	1786.4200000000001	0.030266049028645742
I-	2	1788.0899999999999	0.028820343591846063
I-	2	1789.75	0.027458117836952945
I-	2	1791.4200000000001	0.02617291345046642
I-	2	1793.0899999999999	0.024958750512479137
I-	2	1794.76	0.023811084283861538
I-	2	1796.4300000000001	0.022725609222280327
I-	2	1798.0899999999999	0.021699694162976259
I-	2	1799.76	0.020730707941190123
I-	2	1801.4300000000001	0.019817215376144139
I-	2	1803.0999999999999	0.018958020483856849
I-	2	1804.76	0.018151927280346779
I-	2	1806.4300000000001	0.017398696568817641
I-	2	1808.0999999999999	0.01669761075888054
I-	2	1809.77	0.016047234669757725
I-	2	1811.4400000000001	0.015446611514264028
I-	2	1813.0999999999999	0.014894066914825378
I-	2	1814.77	0.014386969706682537
I-	2	1816.4400000000001	0.013922210331483708
I-	2	1818.1099999999999	0.013496440034080768
I-	2	1819.78	0.013105114075344124
I-	2	1821.4400000000001	0.012743926912940505
I-	2	1823.1099999999999	0.012407377020555138
I-	2	1824.78	0.012090919659058454
I-	2	1826.45	0.011788814105339405
I-	2	1828.1199999999999	0.011496994013860984
I-	2	1829.78	0.011210197055104731
I-	2	1831.45	0.010925074473922524
I-	2	1833.1199999999999	0.010638516711962569
I-	2	1834.79	0.010348131801261908
I-	2	1836.46	0.010052484561042791
I-	2	1838.1199999999999	0.0097518141881014937
I-	2	1839.79	0.0094463598792343204
I-	2	1841.46	0.0091380352088116356
I-	2	1843.1300000000001	0.0088289929480000542
I-	2	1844.8	0.0085225818519477099
I-	2	1846.46	0.0082226290693952989
I-	2	1848.1300000000001	0.0079332009458798185
I-	2	1849.8	0.00765884222053084
I-	2	1851.47	0.0074040976324779538
I-	2	1853.1400000000001	0.007173511920850739
I-	2	1854.8	0.0069706730375936046
I-	2	1856.47	0.006798929737854665
I-	2	1858.1400000000001	0.0066611523831894429
I-	2	1859.8099999999999	0.0065592545479682901
I-	2	1861.48	0.0064934754289875029
I-	2	1863.1400000000001	0.0064635758294507746
I-	2	1864.8099999999999	0.0064683597653766491
I-	2	1866.48	0.0065054352688021858
I-	2	1868.1500000000001	0.0065714535845792788
I-	2	1869.8199999999999	0.0066628267607634992
I-	2	1871.48	0.0067747708614289935
I-	2	1873.1500000000001	0.006902501950649874
I-	2	1874.8199999999999	0.007041475289296573
I-	2	1876.49	0.0071869069414431941
I-	2	1878.1600000000001	0.0073340129711638715
I-	2	1879.8199999999999	0.0074789662297179114
I-	2	1881.49	0.0076188963555497815
I-	2	1883.1600000000001	0.0077506937903076521
I-	2	1884.8299999999999	0.0078726841564174862
I-	2	1886.5	0.0079836714698978094
I-	2	1888.1600000000001	0.0080834165339523142
I-	2	1889.8299999999999	0.0081723977421736035
I-	2	1891.5	0.0082510934881542645
I-	2	1893.1700000000001	0.0083209389526720523
I-	2	1894.8399999999999	0.008384086906893613
I-	2	1896.5	0.0084414941380041159
I-	2	1898.1700000000001	0.0084957918107628101
I-	2	1899.8399999999999	0.0085479367123548582
I-	2	1901.51	0.0085996032203543155
I-	2	1903.1800000000001	0.0086519873187426485
I-	2	1904.8399999999999	0.0087055674011124566
I-	2	1906.51	0.0087603434674637434
I-	2	1908.1800000000001	0.0088155979274075983
I-	2	1909.8499999999999	0.0088706131905551804
I-	2	1911.52	0.0089229972889435117
I-	2	1913.1800000000001	0.0089710758449985713
I-	2	1914.8499999999999	0.009011978497164801
I-	2	1916.52	0.0090425956870904042
I-	2	1918.1900000000001	0.0090602962500161543
I-	2	1919.8599999999999	0.0090614922339976207
I-	2	1921.52	0.0090430740806829949
I-	2	1923.1900000000001	0.009002889018905641
I-	2	1924.8599999999999	0.0089387842774989006
I-	2	1926.53	0.0088488462820924402
I-	2	1928.2	0.0087323574422973668
I-	2	1929.8599999999999	0.0085893177581136786
I-	2	1931.53	0.0084202056231339664
I-	2	1933.2	0.0082264562181360024
I-	2	1934.8699999999999	0.0080102223142864137
I-	2	1936.54	0.0077736566827518571
I-	2	1938.2	0.0075198688818841524
I-	2	1939.8699999999999	0.0072519684700351056
I-	2	1941.54	0.0069733042023528424
I-	2	1943.21	0.0066874640307817614
I-	2	1944.8800000000001	0.0063977967104699865
I-	2	1946.54	0.0061074117997693255
I-	2	1948.21	0.005819179660235302
I-	2	1949.8800000000001	0.0055364490470160496
I-	2	1951.55	0.005261372731278185
I-	2	1953.22	0.0049965818777809676
I-	2	1954.8800000000001	0.0047435116673021378
I-	2	1956.55	0.0045045540678046387
I-	2	1958.22	0.0042804266696773556
I-	2	1959.8900000000001	0.004072086260105471
I-	2	1961.5599999999999	0.0038804896262741441
I-	2	1963.22	0.0037051583745907951
I-	2	1964.8900000000001	0.003545853308259129
I-	2	1966.5599999999999	0.0034011392465013945
I-	2	1968.23	0.0032700594021323999
I-	2	1969.9000000000001	0.0031502218071892017
I-	2	1971.5599999999999	0.0030397128873014801
I-	2	1973.23	0.0029361406745062706
I-	2	1974.9000000000001	0.0028363956104517554
I-	2	1976.5699999999999	0.0027385641207675919
I-	2	1978.24	0.0026402542374908485
I-	2	1979.9000000000001	0.0025390739926585714
I-	2	1981.5699999999999	0.0024340665990856005
I-	2	1983.24	0.0023242752695867542
I-	2	1984.9100000000001	0.0022094608073657375
I-	2	1986.5799999999999	0.00209010160601513
I-	2	1988.24	0.0019671544527201244
I-	2	1989.9100000000001	0.001842772118647357
I-	2	1991.5799999999999	0.0017186289813708746
I-	2	1993.25	0.0015971170088536302
I-	2	1994.9200000000001	0.0014806281690585565
I-	2	1996.5799999999999	0.0013713152331523012
I-	2	1998.25	0.0012715701690977855
I-	2	1999.9200000000001	0.0011825889608764973
I-	2	2001.5899999999999	0.0011058067892661871
I-	2	2003.26	0.0010414628510631613
I-	2	2004.9200000000001	0.00098979634306370422
I-	2	2006.5899999999999	0.00094985047808264533
I-	2	2008.26	0.00092114686252738314
I-	2	2009.9300000000001	0.00090177192202758676
I-	2	2011.5999999999999	0.00089005127900918868
I-	2	2013.26	0.00088431055589814264
I-	2	2014.9300000000001	0.00088263617832408576
I-	2	2016.5999999999999	0.00088407135910184727
I-	2	2018.27	0.00088694172065737029
I-	2	2019.9400000000001	0.00089005127900918868
I-	2	2021.5999999999999	0.00089340003415730245
I-	2	2023.27	0.00089674878930541622
I-	2	2024.9400000000001	0.00090057593804612063
I-	2	2026.6099999999999	0.00090512067717570053
I-	2	2028.28	0.00091157899067563269
I-	2	2029.9400000000001	0.00092138605932367851
I-	2	2031.6099999999999	0.00093573786710130435
I-	2	2033.28	0.00095630879158257749
I-	2	2034.95	0.0009845340135452383
I-	2	2036.6199999999999	0.0010225663041559556
I-	2	2038.28	0.0010718408441924697
I-	2	2039.95	0.0011345104048214494
I-	2	2041.6199999999999	0.0012120101668206349
I-	2	2043.29	0.0013064929013566844
I-	2	2044.96	0.0014184370020221783
I-	2	2046.6199999999999	0.0015502344367800485
I-	2	2048.29	0.0017018852056303164
I-	2	2049.96	0.0018748244893507225
I-	2	2051.6300000000001	0.0020683346975524015
I-	2	2053.3000000000002	0.0022826550270316384
I-	2	2054.96	0.0025163502970106614
I-	2	2056.6300000000001	0.0027677461299154341
I-	2	2058.3000000000002	0.0030344505577830144
I-	2	2059.9699999999998	0.0033133540222615725
I-	2	2061.6399999999999	0.0036001509810178241
I-	2	2063.3000000000002	0.0038907750885147805
I-	2	2064.9699999999998	0.0041802032120302601
I-	2	2066.6399999999999	0.0044626946284532275
I-	2	2068.3099999999999	0.004732747811468911
I-	2	2069.98	0.0049851004315588652
I-	2	2071.6399999999999	0.0052135333720194329
I-	2	2073.3099999999999	0.0054132626969247482
I-	2	2074.98	0.0055792652735526319
I-	2	2076.6500000000001	0.0057077139531623985
I-	2	2078.3200000000002	0.0057952599806059251
I-	2	2079.98	0.005839750584716575
I-	2	2081.6500000000001	0.0058402289783091553
I-	2	2083.3200000000002	0.0057969343581799823
I-	2	2084.9899999999998	0.0057110627083105121
I-	2	2086.6599999999999	0.0055852451934599832
I-	2	2088.3200000000002	0.005422830568776499
I-	2	2089.9899999999998	0.00522932036057482
I-	2	2091.6599999999999	0.0050099768983734227
I-	2	2093.3299999999999	0.004771258495672219
I-	2	2095	0.0045208194499526165
I-	2	2096.6599999999999	0.00426559646830715
I-	2	2098.3299999999999	0.0040142006354023773
I-	2	2100	0.0037742862487197071
I-	3	2900.6300000000001	0.00013801655146151762
I-	3	2902.3000000000002	6.4343938203036545e-05
I-	3	2903.9699999999998	1.6982972536864064e-05
I-	3	2905.6399999999999	0
I-	3	2907.3099999999999	1.5786988555397908e-05
I-	3	2908.9699999999998	6.6496709369673497e-05
I-	3	2910.6399999999999	0.0001518899656465633
I-	3	2912.3099999999999	0.00027077077340456927
I-	3	2913.98	0.00042074716468078037
I-	3	2915.6500000000001	0.00059894877791965228
I-	3	2917.3099999999999	0.00080059167719532035
I-	3	2918.98	0.0010218487137670697
I-	3	2920.6500000000001	0.0012572183613201598
I-	3	2922.3200000000002	0.0015011990935398191
I-	3	2923.9899999999998	0.0017487677777038983
I-	3	2925.6500000000001	0.0019944228874976145
I-	3	2927.3200000000002	0.002233619683791409
I-	3	2928.9899999999998	0.0024618134274556813
I-	3	2930.6599999999999	0.0026746985761571568
I-	3	2932.3299999999999	0.0028689263747477111
I-	3	2933.9899999999998	0.0030418656584681172
I-	3	2935.6599999999999	0.0031916028529480329
I-	3	2937.3299999999999	0.003316702777409686
I-	3	2939	0.003416926235056782
I-	3	2940.6700000000001	0.0034927516194819103
I-	3	2942.3299999999999	0.003545853308259129
I-	3	2944	0.0035779056789625049
I-	3	2945.6700000000001	0.003592496683536426
I-	3	2947.3400000000001	0.0035922574867401306
I-	3	2949.0100000000002	0.0035812544341106188
I-	3	2950.6700000000001	0.0035640322647774595
I-	3	2952.3400000000001	0.0035439397338887873
I-	3	2954.0100000000002	0.0035250431869815711
I-	3	2955.6799999999998	0.00351045218240765
I-	3	2957.3499999999999	0.0035032762785188426
I-	3	2959.0100000000002	0.0035051898528891947
I-	3	2960.6799999999998	0.0035173888895001729
I-	3	2962.3499999999999	0.0035405909787406737
I-	3	2964.02	0.0035740785302218006
I-	3	2965.6900000000001	0.0036164163631658025
I-	3	2967.3499999999999	0.0036661692967949072
I-	3	2969.02	0.0037209453631461826
I-	3	2970.6900000000001	0.0037785917910529918
I-	3	2972.3600000000001	0.0038369558093486762
I-	3	2974.0300000000002	0.003893167056477713
I-	3	2975.6900000000001	0.0039457903516623514
I-	3	2977.3600000000001	0.003993151317328524
I-	3	2979.0300000000002	0.0040342931662910491
I-	3	2980.6999999999998	0.004068498308161062
I-	3	2982.3699999999999	0.0040957667429385516
I-	3	2984.0300000000002	0.0041170552578087003
I-	3	2985.6999999999998	0.0041330814431603828
I-	3	2987.3699999999999	0.0041455196765676676
I-	3	2989.04	0.0041558051388082932
I-	3	2990.71	0.0041663297978452255
I-	3	2992.3699999999999	0.0041790072280487945
I-	3	2994.04	0.0041959902005856585
I-	3	2995.71	0.0042199098802150345
I-	3	2997.3800000000001	0.0042529190381035706
I-	3	2999.0500000000002	0.0042971704454179251
I-	3	3000.71	0.004354338479732143
I-	3	3002.3800000000001	0.0044263367154165675
I-	3	3004.0500000000002	0.0045146003332489802
I-	3	3005.7199999999998	0.0046198469236182465
I-	3	3007.3899999999999	0.0047425548801169571
I-	3	3009.0500000000002	0.0048827242027451217
I-	3	3010.7199999999998	0.005040115694706436
I-	3	3012.3899999999999	0.0052135333720194329
I-	3	3014.0599999999999	0.0054022596442952365
I-	3	3015.73	0.0056046201339597802
I-	3	3017.3899999999999	0.0058189404634390171
I-	3	3019.0599999999999	0.0060433070583625842
I-	3	3020.73	0.006276045541156447
I-	3	3022.4000000000001	0.0065161991246354125
I-	3	3024.0700000000002	0.0067616150376328338
I-	3	3025.73	0.00701181488655614
I-	3	3027.4000000000001	0.007265841884220141
I-	3	3029.0700000000002	0.0075239352274211408
I-	3	3030.7399999999998	0.0077860949161591307
I-	3	3032.4099999999999	0.008052799344026711
I-	3	3034.0700000000002	0.0083257228885979268
I-	3	3035.7399999999998	0.0086051047466690657
I-	3	3037.4099999999999	0.0088926192958142039
I-	3	3039.0799999999999	0.0091894625200147975
I-	3	3040.75	0.0094961128128634355
I-	3	3042.4099999999999	0.0098137661583415879
I-	3	3044.0799999999999	0.010141704966060375
I-	3	3045.75	0.010479450842427197
I-	3	3047.4200000000001	0.01082532940986802
I-	3	3049.0900000000001	0.011177187897216185
I-	3	3050.75	0.011531677549323575
I-	3	3052.4200000000001	0.01188449282385692
I-	3	3054.0900000000001	0.012231088981686618
I-	3	3055.7600000000002	0.012565725299701635
I-	3	3057.4299999999998	0.012882421857994604
I-	3	3059.0900000000001	0.013174959539861912
I-	3	3060.7600000000002	0.013437836818988788
I-	3	3062.4299999999998	0.013665312972264185
I-	3	3064.0999999999999	0.013852364866965922
I-	3	3065.77	0.013995165354353314
I-	3	3067.4299999999998	0.014090604876074534
I-	3	3069.0999999999999	0.014137487448148117
I-	3	3070.77	0.014136530660962945
I-	3	3072.4400000000001	0.014088691301704181
I-	3	3074.1100000000001	0.013998035715908836
I-	3	3075.77	0.013869347839502786
I-	3	3077.4400000000001	0.013709325182782232
I-	3	3079.1100000000001	0.013525622043228609
I-	3	3080.7800000000002	0.013326849505508465
I-	3	3082.4499999999998	0.013122814638269864
I-	3	3084.1100000000001	0.012922606919771968
I-	3	3085.7800000000002	0.012735555025070221
I-	3	3087.4499999999998	0.012570270038831214
I-	3	3089.1199999999999	0.012434167061740048
I-	3	3090.79	0.012333226013704067
I-	3	3092.4499999999998	0.012271274043463972
I-	3	3094.1199999999999	0.012250942315779006
I-	3	3095.79	0.012271752437056563
I-	3	3097.46	0.012332269226518896
I-	3	3099.1300000000001	0.012427708748240117
I-	3	3100.79	0.012552569475905474
I-	3	3102.46	0.012699914702422448
I-	3	3104.1300000000001	0.012861611736717045
I-	3	3105.8000000000002	0.013029288690918996
I-	3	3107.4699999999998	0.01319529126754688
I-	3	3109.1300000000001	0.013351486775526727
I-	3	3110.8000000000002	0.013491656098154892
I-	3	3112.4699999999998	0.013611254496301784
I-	3	3114.1399999999999	0.013706933214819301
I-	3	3115.8000000000002	0.013777735466522258
I-	3	3117.4699999999998	0.01382413964500326
I-	3	3119.1399999999999	0.013849255308614103
I-	3	3120.8099999999999	0.013857387999688092
I-	3	3122.48	0.013853800047743682
I-	3	3124.1399999999999	0.013845667356669693
I-	3	3125.8099999999999	0.013839687436762352
I-	3	3127.48	0.013843275388706762
I-	3	3129.1500000000001	0.013863128722799148
I-	3	3130.8200000000002	0.013905227358946854
I-	3	3132.48	0.013974833626668346
I-	3	3134.1500000000001	0.014075774674704318
I-	3	3135.8200000000002	0.014209724880628846
I-	3	3137.4899999999998	0.014378119425219672
I-	3	3139.1599999999999	0.014580479914884216
I-	3	3140.8200000000002	0.014814653578455839
I-	3	3142.4899999999998	0.015078248447971591
I-	3	3144.1599999999999	0.01536767657148708
I-	3	3145.8299999999999	0.015678632406669005
I-	3	3147.5	0.016007767198369258
I-	3	3149.1599999999999	0.01634957942027308
I-	3	3150.8299999999999	0.016701437907621245
I-	3	3152.5	0.017059037118080454
I-	3	3154.1700000000001	0.017419745886891495
I-	3	3155.8400000000001	0.017781411442887703
I-	3	3157.5	0.018142837802087617
I-	3	3159.1700000000001	0.018503068177306067
I-	3	3160.8400000000001	0.018861863371746754
I-	3	3162.5100000000002	0.019219940975798554
I-	3	3164.1799999999998	0.019578018579850354
I-	3	3165.8400000000001	0.019937531364679916
I-	3	3167.5100000000002	0.020299675314268718
I-	3	3169.1799999999998	0.020666364002987096
I-	3	3170.8499999999999	0.021037836627631354
I-	3	3172.52	0.021416006762571826
I-	3	3174.1799999999998	0.021800396014215944
I-	3	3175.8499999999999	0.022191482776156294
I-	3	3177.52	0.022588071064411401
I-	3	3179.1900000000001	0.022988964894999783
I-	3	3180.8600000000001	0.023392250693551119
I-	3	3182.52	0.02379434050812098
I-	3	3184.1900000000001	0.024192124780357545
I-	3	3185.8600000000001	0.024581776361520129
I-	3	3187.5300000000002	0.024958750512479137
I-	3	3189.1999999999998	0.02531874169090129
I-	3	3190.8600000000001	0.025657444354453305
I-	3	3192.5300000000002	0.025971031354394457
I-	3	3194.1999999999998	0.026255914738780355
I-	3	3195.8699999999999	0.026509702539648072
I-	3	3197.54	0.02673048118262724
I-	3	3199.1999999999998	0.026917772274125271
I-	3	3200.8699999999999	0.027072771798123653
I-	3	3202.54	0.027197154132196422
I-	3	3204.21	0.027294507228287981
I-	3	3205.8800000000001	0.027368897431935359
I-	3	3207.54	0.027426543859842171
I-	3	3209.21	0.027473426431915741
I-	3	3210.8800000000001	0.027516721052044914
I-	3	3212.5500000000002	0.027563364427322219
I-	3	3214.2199999999998	0.027621489248821598
I-	3	3215.8800000000001	0.027697553830043034
I-	3	3217.5500000000002	0.027798734074875299
I-	3	3219.2199999999998	0.027931009903225772
I-	3	3220.8899999999999	0.028099165251020294
I-	3	3222.5599999999999	0.028307505660592199
I-	3	3224.2199999999998	0.02855890149349697
I-	3	3225.8899999999999	0.028855027127308669
I-	3	3227.5599999999999	0.029196600152416204
I-	3	3229.23	0.029582663781634381
I-	3	3230.9000000000001	0.03001202203098173
I-	3	3232.5599999999999	0.030481804538902729
I-	3	3234.23	0.03098890174704557
I-	3	3235.9000000000001	0.031529008113076941
I-	3	3237.5700000000002	0.032097818094663576
I-	3	3239.2399999999998	0.032690069362286994
I-	3	3240.9000000000001	0.033300260389632463
I-	3	3242.5700000000002	0.033923128847181468
I-	3	3244.2399999999998	0.034552694815026722
I-	3	3245.9099999999999	0.035183456766853451
I-	3	3247.5799999999999	0.035809673979550587
I-	3	3249.2399999999998	0.03642584492680339
I-	3	3250.9099999999999	0.037026468082297086
I-	3	3252.5799999999999	0.037607477100494717
I-	3	3254.25	0.038163609651877775
I-	3	3255.9200000000001	0.038691516981298177
I-	3	3257.5799999999999	0.039187611136811497
I-	3	3259.25	0.039649739347251085
I-	3	3260.9200000000001	0.040076227235042908
I-	3	3262.5900000000001	0.040466357209798076
I-	3	3264.2600000000002	0.040820607665109171
I-	3	3265.9200000000001	0.041139935388161401
I-	3	3267.5900000000001	0.041427449937306529
I-	3	3269.2600000000002	0.041686260870896406
I-	3	3270.9299999999998	0.041921391321653199
I-	3	3272.5999999999999	0.042138582012687963
I-	3	3274.2600000000002	0.042344530454296911
I-	3	3275.9299999999998	0.042546173353572567
I-	3	3277.5999999999999	0.042752360991977829
I-	3	3279.27	0.042970747666994054
I-	3	3280.9400000000001	0.043210183660084146
I-	3	3282.5999999999999	0.043479040859118363
I-	3	3284.27	0.043785451955170702
I-	3	3285.9400000000001	0.044136353655333686
I-	3	3287.6100000000001	0.044538443469903558
I-	3	3289.2800000000002	0.044996505334806161
I-	3	3290.9400000000001	0.045514366398782216
I-	3	3292.6100000000001	0.046093701039405764
I-	3	3294.2800000000002	0.046734748453473113
I-	3	3295.9499999999998	0.047435834263410227
I-	3	3297.6199999999999	0.048193131320476354
I-	3	3299.2800000000002	0.04900137729515306
I-	3	3300.9499999999998	0.049853874677144125
I-	3	3302.6199999999999	0.050741533988190375
I-	3	3304.29	0.051655983340421548
I-	3	3305.96	0.052586698074800667
I-	3	3307.6199999999999	0.053523153532290861
I-	3	3309.29	0.05445602103783663
I-	3	3310.96	0.055375971916382556
I-	3	3312.6300000000001	0.056274155886465727
I-	3	3314.3000000000002	0.057144114634586227
I-	3	3315.96	0.057981303421614498
I-	3	3317.6300000000001	0.058781655902013508
I-	3	3319.3000000000002	0.059544215288598115
I-	3	3320.9699999999998	0.060269938368553468
I-	3	3322.6399999999999	0.060960977913046235
I-	3	3324.3000000000002	0.061620921874020795
I-	3	3325.9699999999998	0.062255510974588223
I-	3	3327.6399999999999	0.062870964331452131
I-	3	3329.3099999999999	0.063473979454908777
I-	3	3330.98	0.06407221064243955
I-	3	3332.6399999999999	0.064672833797933246
I-	3	3334.3099999999999	0.065283264022075002
I-	3	3335.98	0.065910198825161012
I-	3	3337.6500000000001	0.066560814111080141
I-	3	3339.3200000000002	0.06724061140614708
I-	3	3340.98	0.067955331433472932
I-	3	3342.6500000000001	0.068709518932187255
I-	3	3344.3200000000002	0.069506761854234433
I-	3	3345.9899999999998	0.070350169757966333
I-	3	3347.6599999999999	0.071242613004938463
I-	3	3349.3200000000002	0.072185048382335998
I-	3	3350.9899999999998	0.073177954283751512
I-	3	3352.6599999999999	0.074221091512388732
I-	3	3354.3299999999999	0.075313503281062469
I-	3	3356	0.076453036818606074
I-	3	3357.6599999999999	0.077637060960260323
I-	3	3359.3299999999999	0.078861987754080834
I-	3	3361	0.080124468444919453
I-	3	3362.6700000000001	0.081420197490442894
I-	3	3364.3400000000001	0.082745108545114188
I-	3	3366	0.084094656869803747
I-	3	3367.6700000000001	0.085465015315770873
I-	3	3369.3400000000001	0.086852356734274841
I-	3	3371.0100000000002	0.08825213638618612
I-	3	3372.6799999999998	0.089661962303541703
I-	3	3374.3400000000001	0.091078007337600922
I-	3	3376.0100000000002	0.092497640323604566
I-	3	3377.6799999999998	0.093917751703200811
I-	3	3379.3499999999999	0.095336188705222966
I-	3	3381.02	0.096750080968115576
I-	3	3382.6799999999998	0.098157036523915608
I-	3	3384.3499999999999	0.099556576979030573
I-	3	3386.02	0.10094439679112716
I-	3	3387.6900000000001	0.10232217033777936
I-	3	3389.3600000000001	0.10368607047024654
I-	3	3391.02	0.10504040273086199
I-	3	3392.6900000000001	0.10638253595486645
I-	3	3394.3600000000001	0.1077170148813895
I-	3	3396.0300000000002	0.10904527469120889
I-	3	3397.6999999999998	0.11037377369782461
I-	3	3399.3600000000001	0.11170227270444033
I-	3	3401.0300000000002	0.11304057877970405
I-	3	3402.6999999999998	0.11439275826915286
I-	3	3404.3699999999999	0.11576455189589774
I-	3	3406.04	0.11716433154780898
I-	3	3407.6999999999998	0.11859353240566439
I-	3	3409.3699999999999	0.12006220073490824
I-	3	3411.04	0.12157248930670723
I-	3	3412.71	0.12313229161533901
I-	3	3414.3800000000001	0.1247432820383777
I-	3	3416.04	0.12640976611815655
I-	3	3417.71	0.12813557100341619
I-	3	3419.3800000000001	0.12992261026852714
I-	3	3421.0500000000002	0.13177112311028552
I-	3	3422.7199999999998	0.1336846974806358
I-	3	3424.3800000000001	0.13566333337957803
I-	3	3426.0500000000002	0.13770559562633441
I-	3	3427.7199999999998	0.139809092252942
I-	3	3429.3899999999999	0.14197382325940081
I-	3	3431.0599999999999	0.14419596149697012
I-	3	3432.7199999999998	0.14647072302972405
I-	3	3434.3899999999999	0.14879571588969967
I-	3	3436.0599999999999	0.15115898023708232
I-	3	3437.73	0.15356051607187193
I-	3	3439.4000000000001	0.15599314749017978
I-	3	3441.0599999999999	0.15844730662015408
I-	3	3442.73	0.16091820952586891
I-	3	3444.4000000000001	0.16339868030343549
I-	3	3446.0700000000002	0.16588632698489092
I-	3	3447.73	0.16838114957023512
I-	3	3449.4000000000001	0.17088027769791264
I-	3	3451.0700000000002	0.17338466815510858
I-	3	3452.7399999999998	0.17589623451619338
I-	3	3454.4099999999999	0.17842454465301874
I-	3	3456.0700000000002	0.18097199053354762
I-	3	3457.7399999999998	0.18355053199759463
I-	3	3459.4099999999999	0.18616495298108574
I-	3	3461.0799999999999	0.18883199725976152
I-	3	3462.75	0.1915588407375107
I-	3	3464.4099999999999	0.1943550512861851
I-	3	3466.0799999999999	0.19723258874559937
I-	3	3467.75	0.20019384508371649
I-	3	3469.4200000000001	0.20324838817238816
I-	3	3471.0900000000001	0.20639621801161445
I-	3	3472.75	0.20963494263343235
I-	3	3474.4200000000001	0.21296217006987894
I-	3	3476.0900000000001	0.21636594048113958
I-	3	3477.7600000000002	0.21983668599536244
I-	3	3479.4299999999998	0.22336244677273293
I-	3	3481.0900000000001	0.22692887100547329
I-	3	3482.7600000000002	0.23051682294988016
I-	3	3484.4299999999998	0.23411434276613871
I-	3	3486.0999999999999	0.23770229471054558
I-	3	3487.77	0.24127589484717477
I-	3	3489.4299999999998	0.2448231833362117
I-	3	3491.0999999999999	0.24834176820969334
I-	3	3492.77	0.25183643340354561
I-	3	3494.4400000000001	0.25530478694980552
I-	3	3496.1100000000001	0.25876118065625076
I-	3	3497.77	0.26222235829862189
I-	3	3499.4400000000001	0.26569788774877068
I-	3	3501.1100000000001	0.26921168868632644
I-	3	3502.7800000000002	0.27278050488702976
I-	3	3504.4499999999998	0.27641629619069535
I-	3	3506.1100000000001	0.28014298227695256
I-	3	3507.7800000000002	0.2839677390496903
I-	3	3509.4499999999998	0.28790013438076018
I-	3	3511.1199999999999	0.29194495220608813
I-	3	3512.79	0.29610219252567421
I-	3	3514.4499999999998	0.3003694633715554
I-	3	3516.1199999999999	0.3047324129359541
I-	3	3517.79	0.30918864925090739
I-	3	3519.46	0.3137214285406747
I-	3	3521.1300000000001	0.31831879096544136
I-	3	3522.79	0.32296160078150377
I-	3	3524.46	0.32764029011701035
I-	3	3526.1300000000001	0.33233572322825733
I-	3	3527.8000000000002	0.3370431161793192
I-	3	3529.4699999999998	0.34174333322649209
I-	3	3531.1300000000001	0.34643398240181333
I-	3	3532.8000000000002	0.35110310386546806
I-	3	3534.4699999999998	0.3557483056494935
I-	3	3536.1399999999999	0.3603648038179636
I-	3	3537.8099999999999	0.36494542246698969
I-	3	3539.4699999999998	0.36949494553249757
I-	3	3541.1399999999999	0.37400858907856133
I-	3	3542.8099999999999	0.37848635310518108
I-	3	3544.48	0.38292823761235673
I-	3	3546.1500000000001	0.38733663456805129
I-	3	3547.8099999999999	0.39170676003633881
I-	3	3549.48	0.39604100598518227
I-	3	3551.1500000000001	0.40033937241458162
I-	3	3552.8200000000002	0.40459707538861106
I-	3	3554.4899999999998	0.40881650687523352
I-	3	3556.1500000000001	0.41299049097056012
I-	3	3557.8200000000002	0.41712141964255395
I-	3	3559.4899999999998	0.42120690092325186
I-	3	3561.1599999999999	0.42524215087672801
I-	3	3562.8299999999999	0.42923195343890846
I-	3	3564.4899999999998	0.43317152467386716
I-	3	3566.1599999999999	0.43706564851753005
I-	3	3567.8299999999999	0.44091671693786
I-	3	3569.5	0.4447271219028201
I-	3	3571.1700000000001	0.44850403931629901
I-	3	3572.8299999999999	0.45225464508218566
I-	3	3574.5	0.45598372313640589
I-	3	3576.1700000000001	0.45969844938284832
I-	3	3577.8400000000001	0.46339882382151332
I-	3	3579.5100000000002	0.46709202235628938
I-	3	3581.1700000000001	0.4707804369551396
I-	3	3582.8400000000001	0.47445689171417516
I-	3	3584.5100000000002	0.47812138663339604
I-	3	3586.1799999999998	0.48176196187298742
I-	3	3587.8499999999999	0.48537383349702373
I-	3	3589.5100000000002	0.48894025772976407
I-	3	3591.1799999999998	0.49244927473139405
I-	3	3592.8499999999999	0.49588653269413574
I-	3	3594.52	0.49923050390632295
I-	3	3596.1900000000001	0.50247401246406675
I-	3	3597.8499999999999	0.50560270655958939
I-	3	3599.52	0.50860223438511365
I-	3	3601.1900000000001	0.51147020397267606
I-	3	3602.8600000000001	0.51420422335431415
I-	3	3604.5300000000002	0.51680668449799061
I-	3	3606.1900000000001	0.51928237133963118
I-	3	3607.8600000000001	0.52163845978312506
I-	3	3609.5300000000002	0.52390126147606431
I-	3	3611.1999999999998	0.52608273625826374
I-	3	3612.8699999999999	0.5282091957773154
I-	3	3614.5300000000002	0.53030695168081199
I-	3	3616.1999999999998	0.53239992364838262
I-	3	3617.8699999999999	0.53452159923150855
I-	3	3619.54	0.5366958981098191
I-	3	3621.21	0.53894673996294373
I-	3	3622.8699999999999	0.54129804447051155
I-	3	3624.54	0.54377133934418942
I-	3	3626.21	0.54637858442379172
I-	3	3627.8800000000001	0.54912934758117027
I-	3	3629.5500000000002	0.55203080472021393
I-	3	3631.21	0.55508056387295968
I-	3	3632.8800000000001	0.55827144913551896
I-	3	3634.5500000000002	0.56159628460400257
I-	3	3636.2199999999998	0.56504071847063309
I-	3	3637.8899999999999	0.56858561499170712
I-	3	3639.5500000000002	0.57221183842352097
I-	3	3641.2199999999998	0.57589307711848237
I-	3	3642.8899999999999	0.57961258730085075
I-	3	3644.5599999999999	0.58334166535507093
I-	3	3646.23	0.58706356750540223
I-	3	3647.8899999999999	0.59075437407221554
I-	3	3649.5599999999999	0.59439494931180692
I-	3	3651.23	0.59797333338436209
I-	3	3652.9000000000001	0.601477566450066
I-	3	3654.5700000000002	0.60490286457299314
I-	3	3656.23	0.60824683578518024
I-	3	3657.9000000000001	0.61150948008662753
I-	3	3659.5700000000002	0.61469797338122378
I-	3	3661.2399999999998	0.61781949157285776
I-	3	3662.9099999999999	0.62089077843726992
I-	3	3664.5700000000002	0.62391900987834936
I-	3	3666.2399999999998	0.62692092967183632
I-	3	3667.9099999999999	0.62990849765754575
I-	3	3669.5799999999999	0.63289367367529226
I-	3	3671.25	0.63588602559692753
I-	3	3672.9099999999999	0.63889033735837764
I-	3	3674.5799999999999	0.64191378486353112
I-	3	3676.25	0.6449468002405363
I-	3	3677.9200000000001	0.64798938348939328
I-	3	3679.5900000000001	0.6510247908343616
I-	3	3681.25	0.65404823833951498
I-	3	3682.9200000000001	0.6570358063252244
I-	3	3684.5900000000001	0.65997314298371224
I-	3	3686.2600000000002	0.66283393666738588
I-	3	3687.9299999999998	0.66560383556846792
I-	3	3689.5900000000001	0.66826131197529193
I-	3	3691.2600000000002	0.67078483817619139
I-	3	3692.9299999999998	0.67315288645949989
I-	3	3694.5999999999999	0.67536067288929169
I-	3	3696.27	0.67738906172186297
I-	3	3697.9299999999998	0.67923087705332519
I-	3	3699.5999999999999	0.68088133494775227
I-	3	3701.27	0.68233804343718141
I-	3	3702.9400000000001	0.68360817842550148
I-	3	3704.6100000000001	0.68469173991271237
I-	3	3706.27	0.68560547167455466
I-	3	3707.9400000000001	0.68636133355084306
I-	3	3709.6100000000001	0.68697606931731803
I-	3	3711.2800000000002	0.68747120668564621
I-	3	3712.9499999999998	0.6878682733674939
I-	3	3714.6100000000001	0.68819118904249055
I-	3	3716.2800000000002	0.68847344126211718
I-	3	3717.9499999999998	0.6887341657700774
I-	3	3719.6199999999999	0.68900685011785234
I-	3	3721.29	0.68931302201710842
I-	3	3722.9499999999998	0.68967420917951205
I-	3	3724.6199999999999	0.69011193931672965
I-	3	3726.29	0.69063338833265009
I-	3	3727.96	0.69124573213116225
I-	3	3729.6300000000001	0.69194657874430299
I-	3	3731.29	0.69272636030022072
I-	3	3732.96	0.69356594105521185
I-	3	3734.6300000000001	0.69443422542575839
I-	3	3736.3000000000002	0.69530011782834189
I-	3	3737.9699999999998	0.69612295480759245
I-	3	3739.6300000000001	0.69685250503628859
I-	3	3741.3000000000002	0.69744092915517131
I-	3	3742.9699999999998	0.69784038780498203
I-	3	3744.6399999999999	0.69799825769053581
I-	3	3746.3099999999999	0.69787148338850025
I-	3	3747.9699999999998	0.69742179341146771
I-	3	3749.6399999999999	0.69661570020795771
I-	3	3751.3099999999999	0.69542928409834048
I-	3	3752.98	0.69385297721076444
I-	3	3754.6500000000001	0.6918891715131924
I-	3	3756.3099999999999	0.68954504290951335
I-	3	3757.98	0.68683972714343056
I-	3	3759.6500000000001	0.68380671176642538
I-	3	3761.3200000000002	0.68048187629794166
I-	3	3762.9899999999998	0.67690827616131244
I-	3	3764.6500000000001	0.67312896677987055
I-	3	3766.3200000000002	0.66918939554491186
I-	3	3767.9899999999998	0.66513261787976918
I-	3	3769.6599999999999	0.6609945133038867
I-	3	3771.3200000000002	0.65680856936874532
I-	3	3772.9899999999998	0.65259392181804887
I-	3	3774.6599999999999	0.64836731442753759
I-	3	3776.3299999999999	0.6441311391651745
I-	3	3778	0.63987104422318219
I-	3	3779.6599999999999	0.63557506976174571
I-	3	3781.3299999999999	0.63121451216530988
I-	3	3783	0.62676066781831952
I-	3	3784.6700000000001	0.62216569736151583
I-	3	3786.3400000000001	0.61739372127545478
I-	3	3788	0.61239929216884048
I-	3	3789.6700000000001	0.60713935461834001
I-	3	3791.3400000000001	0.60157563713654649
I-	3	3793.0100000000002	0.59567704413994171
I-	3	3794.6799999999998	0.58941248004500735
I-	3	3796.3400000000001	0.58276759304396586
I-	3	3798.0100000000002	0.57573520723292848
I-	3	3799.6799999999998	0.56831771457985802
I-	3	3801.3499999999999	0.5605246829566064
I-	3	3803.02	0.55238003204280284
I-	3	3804.6799999999998	0.54391485742196566
I-	3	3806.3499999999999	0.53516264664557589
I-	3	3808.02	0.52616884710492939
I-	3	3809.6900000000001	0.51697412225539618
I-	3	3811.3600000000001	0.50762152752030909
I-	3	3813.02	0.4981517263550379
I-	3	3814.6900000000001	0.48860059827902691
I-	3	3816.3600000000001	0.47900163084375719
I-	3	3818.0300000000002	0.46937395979293217
I-	3	3819.6999999999998	0.45973432890229243
I-	3	3821.3600000000001	0.45009708997961567
I-	3	3823.0300000000002	0.44045745908897599
I-	3	3824.6999999999998	0.43081782819833625
I-	3	3826.3699999999999	0.42116862943584482
I-	3	3828.04	0.41150507886557575
I-	3	3829.6999999999998	0.40181760861567728
I-	3	3831.3699999999999	0.39209665081429762
I-	3	3833.04	0.38234698939736284
I-	3	3834.71	0.37256384042894686
I-	3	3836.3800000000001	0.36275677178090154
I-	3	3838.04	0.35294013526100443
I-	3	3839.71	0.34313067464499614
I-	3	3841.3800000000001	0.3333475256765801
I-	3	3843.0500000000002	0.32361939197131168
I-	3	3844.7199999999998	0.31397019320882025
I-	3	3846.3800000000001	0.30442384906873515
I-	3	3848.0500000000002	0.29500427923068567
I-	3	3849.7199999999998	0.28573540337430137
I-	3	3851.3899999999999	0.27662918133939679
I-	3	3853.0599999999999	0.26769757296578678
I-	3	3854.7199999999998	0.25895014612532286
I-	3	3856.3899999999999	0.25038450885004226
I-	3	3858.0599999999999	0.24199826917198203
I-	3	3859.73	0.2337890351231792
I-	3	3861.4000000000001	0.22574245489585609
I-	3	3863.0599999999999	0.21785852849001283
I-	3	3864.73	0.21012290409787171
I-	3	3866.4000000000001	0.2025307977835068
I-	3	3868.0700000000002	0.19508460151488116
I-	3	3869.7399999999998	0.18778431529199471
I-	3	3871.4000000000001	0.18062993911484748
I-	3	3873.0700000000002	0.17363582479121709
I-	3	3874.7399999999998	0.16680962661858492
I-	3	3876.4099999999999	0.16016713158550641
I-	3	3878.0799999999999	0.15372316989335172
I-	3	3879.7399999999998	0.14749448531786147
I-	3	3881.4099999999999	0.14149542966681322
I-	3	3883.0799999999999	0.13573652759924396
I-	3	3884.75	0.13022902136457948
I-	3	3886.4200000000001	0.12497865168593081
I-	3	3888.0799999999999	0.11998900651524234
I-	3	3889.75	0.11525865067173635
I-	3	3891.4200000000001	0.11078112584191294
I-	3	3893.0900000000001	0.10655069130266098
I-	3	3894.7600000000002	0.10255347363979546
I-	3	3896.4200000000001	0.098777752210297998
I-	3	3898.0900000000001	0.095208218419205792
I-	3	3899.7600000000002	0.091830759655537497
I-	3	3901.4299999999998	0.088629828127534005
I-	3	3903.0999999999999	0.085591550421010298
I-	3	3904.7600000000002	0.082703249105762794
I-	3	3906.4299999999998	0.079953203538773082
I-	3	3908.0999999999999	0.077331606651393173
I-	3	3909.77	0.074830086555752712
I-	3	3911.4400000000001	0.072441706544759232
I-	3	3913.0999999999999	0.070160725895301673
I-	3	3914.77	0.06798236067145412
I-	3	3916.4400000000001	0.065903022921272203
I-	3	3918.1100000000001	0.063919124692811524
I-	3	3919.7800000000002	0.062028034821312819
I-	3	3921.4400000000001	0.060227122142016885
I-	3	3923.1100000000001	0.058513755490164472
I-	3	3924.7800000000002	0.056885542897792657
I-	3	3926.4499999999998	0.055340092396938489
I-	3	3928.1199999999999	0.053874533626046432
I-	3	3929.7800000000002	0.052485996223560989
I-	3	3931.4499999999998	0.051171609827926623
I-	3	3933.1199999999999	0.049928264880791502
I-	3	3934.79	0.048752612627007523
I-	3	3936.46	0.047640825917833994
I-	3	3938.1199999999999	0.046589795194919084
I-	3	3939.79	0.045595454112725801
I-	3	3941.46	0.044654453916106028
I-	3	3943.1300000000001	0.043763445849911681
I-	3	3944.8000000000002	0.042918841962198293
I-	3	3946.46	0.042118250285002989
I-	3	3948.1300000000001	0.04135880045677022
I-	3	3949.8000000000002	0.040638339706333321
I-	3	3951.4699999999998	0.039955672049710837
I-	3	3953.1399999999999	0.039309123109328728
I-	3	3954.8000000000002	0.038697975294798098
I-	3	3956.4699999999998	0.038121511015730067
I-	3	3958.1399999999999	0.03757949107532834
I-	3	3959.8099999999999	0.037071197883204031
I-	3	3961.48	0.036596153045764579
I-	3	3963.1399999999999	0.036153878169417362
I-	3	3964.8099999999999	0.035742698876588333
I-	3	3966.48	0.035362375970481204
I-	3	3968.1500000000001	0.035010278286336759
I-	3	3969.8200000000002	0.034685209840173481
I-	3	3971.48	0.034384061073639616
I-	3	3973.1500000000001	0.034104440018772178
I-	3	3974.8200000000002	0.033843237117219351
I-	3	3976.4899999999998	0.033597821204221931
I-	3	3978.1599999999999	0.033364125934242886
I-	3	3979.8200000000002	0.033139520142523027
I-	3	3981.4899999999998	0.032920415877117921
I-	3	3983.1599999999999	0.032704181973268319
I-	3	3984.8299999999999	0.032487708872622457
I-	3	3986.5	0.032268843804013639
I-	3	3988.1599999999999	0.03204543399627522
I-	3	3989.8299999999999	0.031815805071833188
I-	3	3991.5	0.031579478637094927
I-	3	3993.1700000000001	0.031335976298467849
I-	3	3994.8400000000001	0.03108601564634085
I-	3	3996.5	0.030830792664695371
I-	3	3998.1700000000001	0.030572460124698088
I-	3	3999.8400000000001	0.030312931600719312
Bulk_water	1	60.053600000000003	0.054284123187558299
Bulk_water	1	63.390000000000001	0.052973967121753035
Bulk_water	1	66.726299999999995	0.052780183162539067
Bulk_water	1	70.062600000000003	0.053252913063801838
Bulk_water	1	73.398899999999998	0.054135935454041731
Bulk_water	1	76.735200000000006	0.055288343287393883
Bulk_water	1	80.0715	0.056633284860868292
Bulk_water	1	83.407799999999995	0.058128841063743171
Bulk_water	1	86.744100000000003	0.059751404817875171
Bulk_water	1	90.080500000000001	0.061487150170956059
Bulk_water	1	93.416799999999995	0.063326884335546826
Bulk_water	1	96.753100000000003	0.065264429758488479
Bulk_water	1	100.089	0.067295815155607369
Bulk_water	1	103.426	0.069420010934710341
Bulk_water	1	106.762	0.071637311264995437
Bulk_water	1	110.098	0.073950216584646053
Bulk_water	1	113.435	0.076358726893662188
Bulk_water	1	116.771	0.078856223385087756
Bulk_water	1	120.107	0.081424320484044826
Bulk_water	1	123.444	0.084032130424738324
Bulk_water	1	126.78	0.086636998673451357
Bulk_water	1	130.11600000000001	0.089190387312506017
Bulk_water	1	133.453	0.091644493847219566
Bulk_water	1	136.78899999999999	0.093963282550831126
Bulk_water	1	140.125	0.096127632425467624
Bulk_water	1	143.46100000000001	0.098141956009099737
Bulk_water	1	146.798	0.1000290514145762
Bulk_water	1	150.13399999999999	0.10182789606063833
Bulk_water	1	153.47	0.10358408617298352
Bulk_water	1	156.80699999999999	0.10533807001634338
Bulk_water	1	160.143	0.10711999993351776
Bulk_water	1	163.47900000000001	0.10894017184643835
Bulk_water	1	166.816	0.11079270237114419
Bulk_water	1	170.15199999999999	0.11265258712580124
Bulk_water	1	173.488	0.11448379038364861
Bulk_water	1	176.82499999999999	0.11624733472594502
Bulk_water	1	180.161	0.11789909477298327
Bulk_water	1	183.49700000000001	0.1194030347980025
Bulk_water	1	186.834	0.12072606076622236
Bulk_water	1	190.16999999999999	0.12184316829580877
Bulk_water	1	193.506	0.12274038434985447
Bulk_water	1	196.84200000000001	0.12341256096739364
Bulk_water	1	200.179	0.12386484610939208
Bulk_water	1	203.51499999999999	0.12411194823575222
Bulk_water	1	206.851	0.12417519461333248
Bulk_water	1	210.18799999999999	0.12407811877797673
Bulk_water	1	213.524	0.12384719595750922
Bulk_water	1	216.86000000000001	0.12350669511076894
Bulk_water	1	220.197	0.12308382688857526
Bulk_water	1	223.53299999999999	0.12261094990271346
Bulk_water	1	226.869	0.12212704157192487
Bulk_water	1	230.20599999999999	0.12167916896789716
Bulk_water	1	233.542	0.12131513458531303
Bulk_water	1	236.87799999999999	0.12108127007286504
Bulk_water	1	240.215	0.12100993404233845
Bulk_water	1	243.55099999999999	0.12111657037663077
Bulk_water	1	246.887	0.12139603111477616
Bulk_water	1	250.22300000000001	0.12182551814392591
Bulk_water	1	253.56	0.12237120200630452
Bulk_water	1	256.89600000000002	0.12299925324413652
Bulk_water	1	260.23200000000003	0.12367951951462199
Bulk_water	1	263.56900000000002	0.1243950860888732
Bulk_water	1	266.90499999999997	0.12514154042891942
Bulk_water	1	270.24099999999999	0.12592403049572648
Bulk_water	1	273.57799999999997	0.12675505848021146
Bulk_water	1	276.91399999999999	0.12765006826527181
Bulk_water	1	280.25	0.12862009119583434
Bulk_water	1	283.58699999999999	0.12967395234784049
Bulk_water	1	286.923	0.13080871002930977
Bulk_water	1	290.25900000000001	0.13201627458729587
Bulk_water	1	293.596	0.13328193756189641
Bulk_water	1	296.93200000000002	0.134590990493209
Bulk_water	1	300.26799999999997	0.13593166661331174
Bulk_water	1	303.60500000000002	0.13730175965321922
Bulk_water	1	306.94099999999997	0.13871450722684364
Bulk_water	1	310.27699999999999	0.14019711998500442
Bulk_water	1	313.613	0.14178636907745751
Bulk_water	1	316.94999999999999	0.14352564446091498
Bulk_water	1	320.286	0.1454524527081279
Bulk_water	1	323.62200000000001	0.14759621073890103
Bulk_water	1	326.959	0.14997015616714657
Bulk_water	1	330.29500000000002	0.15257281814687423
Bulk_water	1	333.63099999999997	0.15538728194919629
Bulk_water	1	336.96800000000002	0.15838633692329335
Bulk_water	1	340.30399999999997	0.16153321191940939
Bulk_water	1	343.63999999999999	0.1647815752888519
Bulk_water	1	346.97699999999998	0.16807774115297722
Bulk_water	1	350.31299999999999	0.17136214024918059
Bulk_water	1	353.649	0.17456858450790133
Bulk_water	1	356.98599999999999	0.17763676924353958
Bulk_water	1	360.322	0.18051815653841749
Bulk_water	1	363.65800000000002	0.18318627116471081
Bulk_water	1	366.99400000000003	0.18564479023739505
Bulk_water	1	370.33100000000002	0.1879282786372409
Bulk_water	1	373.66699999999997	0.19009483478086275
Bulk_water	1	377.00299999999999	0.19221947181376278
Bulk_water	1	380.33999999999997	0.19437793830443831
Bulk_water	1	383.67599999999999	0.19663495147645985
Bulk_water	1	387.012	0.19903169501755408
Bulk_water	1	390.34899999999999	0.20157772942665755
Bulk_water	1	393.685	0.20425393370589714
Bulk_water	1	397.02100000000002	0.20701544705257063
Bulk_water	1	400.358	0.20980637731904886
Bulk_water	1	403.69400000000002	0.21257156778069794
Bulk_water	1	407.02999999999997	0.21527351186476673
Bulk_water	1	410.36700000000002	0.21789897195734306
Bulk_water	1	413.70299999999997	0.22046412736431967
Bulk_water	1	417.03899999999999	0.22300427838946218
Bulk_water	1	420.375	0.22556428583547292
Bulk_water	1	423.71199999999999	0.22818459796708346
Bulk_water	1	427.048	0.23088580662815714
Bulk_water	1	430.38400000000001	0.2336664409727037
Bulk_water	1	433.721	0.23649634865792327
Bulk_water	1	437.05700000000002	0.23933066888111354
Bulk_water	1	440.39299999999997	0.24211718660962112
Bulk_water	1	443.73000000000002	0.24480883477175822
Bulk_water	1	447.06599999999997	0.24738060898569086
Bulk_water	1	450.40199999999999	0.24983177382842392
Bulk_water	1	453.73899999999998	0.2521888045277817
Bulk_water	1	457.07499999999999	0.25450318069342254
Bulk_water	1	460.411	0.25684109039490727
Bulk_water	1	463.74799999999999	0.25927239881677205
Bulk_water	1	467.084	0.26186402945157294
Bulk_water	1	470.42000000000002	0.26466525563998289
Bulk_water	1	473.75599999999997	0.26770328803282123
Bulk_water	1	477.09300000000002	0.27097739120709297
Bulk_water	1	480.42899999999997	0.27445961908898342
Bulk_water	1	483.76499999999999	0.27809628579984907
Bulk_water	1	487.10199999999998	0.28181237819418753
Bulk_water	1	490.43799999999999	0.28552332262756019
Bulk_water	1	493.774	0.28914528087852337
Bulk_water	1	497.11099999999999	0.29260544607056033
Bulk_water	1	500.447	0.29585013232502722
Bulk_water	1	503.78300000000002	0.29885139356810964
Bulk_water	1	507.12	0.30160628810782697
Bulk_water	1	510.45600000000002	0.30413025982707687
Bulk_water	1	513.79200000000003	0.30645125479967383
Bulk_water	1	517.12900000000002	0.30860163163740301
Bulk_water	1	520.46500000000003	0.31060860099108395
Bulk_water	1	523.80100000000004	0.312499373511536
Bulk_water	1	527.13800000000003	0.31429380561962739
Bulk_water	1	530.47400000000005	0.31601101831323131
Bulk_water	1	533.80999999999995	0.31766792632123536
Bulk_water	1	537.14599999999996	0.31927997352653714
Bulk_water	1	540.48299999999995	0.32085745585106829
Bulk_water	1	543.81899999999996	0.32240478583279963
Bulk_water	1	547.15499999999997	0.32392343431772125
Bulk_water	1	550.49199999999996	0.32541487215182346
Bulk_water	1	553.82799999999997	0.32688130560409162
Bulk_water	1	557.16399999999999	0.3283300889044769
Bulk_water	1	560.50099999999998	0.32977372424389634
Bulk_water	1	563.83699999999999	0.33122250754428162
Bulk_water	1	567.173	0.33268599930456927
Bulk_water	1	570.50999999999999	0.334161993255774
Bulk_water	1	573.846	0.33563798720697868
Bulk_water	1	577.18200000000002	0.33708529966137374
Bulk_water	1	580.51900000000001	0.33846568862321286
Bulk_water	1	583.85500000000002	0.3397276744828378
Bulk_water	1	587.19100000000003	0.34081610051561456
Bulk_water	1	590.52700000000004	0.34167360372792382
Bulk_water	1	593.86400000000003	0.34225164620208776
Bulk_water	1	597.20000000000005	0.34251345678835021
Bulk_water	1	600.53599999999994	0.34244359160381388
Bulk_water	1	603.87300000000005	0.34205161114741522
Bulk_water	1	607.20899999999995	0.34137281572292
Bulk_water	1	610.54499999999996	0.34046089120897188
Bulk_water	1	613.88199999999995	0.33938055482914148
Bulk_water	1	617.21799999999996	0.33819652380699916
Bulk_water	1	620.55399999999997	0.33696395486717901
Bulk_water	1	623.89099999999996	0.335726237966393
Bulk_water	1	627.22699999999998	0.33451426087043623
Bulk_water	1	630.56299999999999	0.33335155711515235
Bulk_water	1	633.89999999999998	0.33226092481339026
Bulk_water	1	637.23599999999999	0.33127104546195951
Bulk_water	1	640.572	0.33041354224965025
Bulk_water	1	643.90800000000002	0.3297200383652526
Bulk_water	1	647.245	0.32920965480663972
Bulk_water	1	650.58100000000002	0.32888312699680666
Bulk_water	1	653.91700000000003	0.32871103801594881
Bulk_water	1	657.25400000000002	0.32863161233247584
Bulk_water	1	660.59000000000003	0.32854998038001759
Bulk_water	1	663.92600000000004	0.32834994532534506
Bulk_water	1	667.26300000000003	0.32790427899030272
Bulk_water	1	670.59900000000005	0.327087224042725
Bulk_water	1	673.93499999999995	0.32579067330232953
Bulk_water	1	677.27200000000005	0.32393667193163345
Bulk_water	1	680.60799999999995	0.32148330081991494
Bulk_water	1	683.94399999999996	0.31843055996717418
Bulk_water	1	687.28099999999995	0.31481889763814269
Bulk_water	1	690.61699999999996	0.31072332697832261
Bulk_water	1	693.95299999999997	0.30624460093804523
Bulk_water	1	697.28899999999999	0.3014959746585591
Bulk_water	1	700.62599999999998	0.29658996785811736
Bulk_water	1	703.96199999999999	0.29162365637207582
Bulk_water	1	707.298	0.2866742596149221
Bulk_water	1	710.63499999999999	0.28179619888829488
Bulk_water	1	713.971	0.27702477449596002
Bulk_water	1	717.30700000000002	0.27238499081975154
Bulk_water	1	720.64400000000001	0.26789229174256696
Bulk_water	1	723.98000000000002	0.26356285657029882
Bulk_water	1	727.31600000000003	0.25940845207086916
Bulk_water	1	730.65300000000002	0.2554312845132633
Bulk_water	1	733.98900000000003	0.25162399966753002
Bulk_water	1	737.32500000000005	0.24796232857483033
Bulk_water	1	740.66200000000003	0.24440435212444253
Bulk_water	1	743.99800000000005	0.24089859070670819
Bulk_water	1	747.33399999999995	0.23738473963602755
Bulk_water	1	750.66999999999996	0.23380175880380569
Bulk_water	1	754.00699999999995	0.23009302063941839
Bulk_water	1	757.34299999999996	0.22620998722518779
Bulk_water	1	760.67899999999997	0.22211515198836279
Bulk_water	1	764.01599999999996	0.21778203970111912
Bulk_water	1	767.35199999999998	0.21320035444152505
Bulk_water	1	770.68799999999999	0.20837230247856597
Bulk_water	1	774.02499999999998	0.20331774023311011
Bulk_water	1	777.36099999999999	0.19807417427790858
Bulk_water	1	780.697	0.19269381964561483
Bulk_water	1	784.03399999999999	0.18724212898279449
Bulk_water	1	787.37	0.18179043831997413
Bulk_water	1	790.70600000000002	0.17641376080265594
Bulk_water	1	794.04300000000001	0.17117975534639096
Bulk_water	1	797.37900000000002	0.16614357867581309
Bulk_water	1	800.71500000000003	0.16134347278666855
Bulk_water	1	804.05200000000002	0.15679855867683049
Bulk_water	1	807.38800000000003	0.15250736550030861
Bulk_water	1	810.72400000000005	0.14845297852821518
Bulk_water	1	814.05999999999995	0.1446052454177503
Bulk_water	1	817.39700000000005	0.14092960128814339
Bulk_water	1	820.73299999999995	0.1373914812586238
Bulk_water	1	824.06899999999996	0.13396220383238189
Bulk_water	1	827.40599999999995	0.1306211771655543
Bulk_water	1	830.74199999999996	0.12735369279823866
Bulk_water	1	834.07799999999997	0.1241487193855082
Bulk_water	1	837.41499999999996	0.12099449015944094
Bulk_water	1	840.75099999999998	0.11787482581414432
Bulk_water	1	844.08699999999999	0.11476839908275985
Bulk_water	1	847.42399999999998	0.11165094100644857
Bulk_water	1	850.75999999999999	0.1085025951643423
Bulk_water	1	854.096	0.10531012394252884
Bulk_water	1	857.43299999999999	0.10207426276400333
Bulk_water	1	860.76900000000001	0.09881192635765354
Bulk_water	1	864.10500000000002	0.095554002489274467
Bulk_water	1	867.44100000000003	0.092340939423597668
Bulk_water	1	870.77800000000002	0.089217597963325443
Bulk_water	1	874.11400000000003	0.086222955527199108
Bulk_water	1	877.45000000000005	0.083387164458018581
Bulk_water	1	880.78700000000003	0.080726404061676485
Bulk_water	1	884.12300000000005	0.078245086876143524
Bulk_water	1	887.45899999999995	0.075937329517458754
Bulk_water	1	890.79600000000005	0.073789158948714892
Bulk_water	1	894.13199999999995	0.071787337555999794
Bulk_water	1	897.46799999999996	0.069917892302406193
Bulk_water	1	900.80499999999995	0.068168982877712683
Bulk_water	1	904.14099999999996	0.066527886464103667
Bulk_water	1	907.47699999999998	0.064981512532266042
Bulk_water	1	910.81399999999996	0.063514343657002773
Bulk_water	1	914.14999999999998	0.062108435517232954
Bulk_water	1	917.48599999999999	0.06074510836888055
Bulk_water	1	920.822	0.059406564975463677
Bulk_water	1	924.15899999999999	0.058078170419379446
Bulk_water	1	927.495	0.056749849405594729
Bulk_water	1	930.83100000000002	0.055416233346245153
Bulk_water	1	934.16800000000001	0.054076292649137554
Bulk_water	1	937.50400000000002	0.052731645244861174
Bulk_water	1	940.84000000000003	0.051386041790691159
Bulk_water	1	944.17700000000002	0.050044115451496729
Bulk_water	1	947.51300000000003	0.048712632118832998
Bulk_water	1	950.84900000000005	0.047400931664737987
Bulk_water	1	954.18600000000004	0.046122472330022361
Bulk_water	1	957.52200000000005	0.044894977808868516
Bulk_water	1	960.85799999999995	0.043739187029738821
Bulk_water	1	964.19500000000005	0.042676280174892708
Bulk_water	1	967.53099999999995	0.041723907396213039
Bulk_water	1	970.86699999999996	0.040892364615631498
Bulk_water	1	974.20299999999997	0.04018201954464564
Bulk_water	1	977.53999999999996	0.039581914380628185
Bulk_water	1	980.87599999999998	0.039071604364314817
Bulk_water	1	984.21199999999999	0.038623805302586592
Bulk_water	1	987.54899999999998	0.03820873256414118
Bulk_water	1	990.88499999999999	0.037798954871260636
Bulk_water	1	994.221	0.037372777245588927
Bulk_water	1	997.55799999999999	0.036917035615513412
Bulk_water	1	1000.89	0.036427243900763878
Bulk_water	1	1004.23	0.035907373385513947
Bulk_water	1	1007.5700000000001	0.035366911026400681
Bulk_water	1	1010.9	0.034818800268138161
Bulk_water	1	1014.24	0.034276867063034656
Bulk_water	1	1017.58	0.033753760686606203
Bulk_water	1	1020.91	0.033260144772282042
Bulk_water	1	1024.25	0.032803741261510921
Bulk_water	1	1027.5799999999999	0.032389403946060637
Bulk_water	1	1030.9200000000001	0.032018750756520442
Bulk_water	1	1034.26	0.031690163762301084
Bulk_water	1	1037.5899999999999	0.031399524594629878
Bulk_water	1	1040.9300000000001	0.031140655700347838
Bulk_water	1	1044.27	0.030907526610894978
Bulk_water	1	1047.5999999999999	0.03069557770370156
Bulk_water	1	1050.9400000000001	0.030503264590477829
Bulk_water	1	1054.28	0.030332499371011096
Bulk_water	1	1057.6099999999999	0.030187253329475007
Bulk_water	1	1060.95	0.030071571292342721
Bulk_water	1	1064.28	0.029986703478705939
Bulk_water	1	1067.6199999999999	0.029929193400487598
Bulk_water	1	1070.96	0.029890068897147244
Bulk_water	1	1074.29	0.029855871727874194
Bulk_water	1	1077.6300000000001	0.029811378636669467
Bulk_water	1	1080.97	0.029742984298123359
Bulk_water	1	1084.3	0.029642010720893463
Bulk_water	1	1087.6400000000001	0.029506545805192463
Bulk_water	1	1090.97	0.029341590427387175
Bulk_water	1	1094.3099999999999	0.029157808220906828
Bulk_water	1	1097.6500000000001	0.02896865742656211
Bulk_water	1	1100.98	0.028787743369762732
Bulk_water	1	1104.3199999999999	0.028626318022334018
Bulk_water	1	1107.6600000000001	0.028491809156526673
Bulk_water	1	1110.99	0.028387011379722153
Bulk_water	1	1114.3299999999999	0.028310527388229732
Bulk_water	1	1117.6600000000001	0.028257062136484549
Bulk_water	1	1121	0.02821852597154029
Bulk_water	1	1124.3399999999999	0.028185358394460402
Bulk_water	1	1127.6700000000001	0.028147042856414679
Bulk_water	1	1131.01	0.02809394531616706
Bulk_water	1	1134.3499999999999	0.028017755493872684
Bulk_water	1	1137.6800000000001	0.027912295836372562
Bulk_water	1	1141.02	0.027774624651686203
Bulk_water	1	1144.3599999999999	0.027604815482113125
Bulk_water	1	1147.6900000000001	0.027406545442628927
Bulk_water	1	1151.03	0.027186801051687241
Bulk_water	1	1154.3599999999999	0.026955363435123156
Bulk_water	1	1157.7	0.02672466124155419
Bulk_water	1	1161.04	0.026508079169491515
Bulk_water	1	1164.3699999999999	0.026319149002045336
Bulk_water	1	1167.71	0.026170005218635113
Bulk_water	1	1171.05	0.026069252268303752
Bulk_water	1	1174.3800000000001	0.026021596858220013
Bulk_water	1	1177.72	0.026026450649987799
Bulk_water	1	1181.05	0.026078812767240302
Bulk_water	1	1184.3900000000001	0.026169858134036088
Bulk_water	1	1187.73	0.026288849574646413
Bulk_water	1	1191.0599999999999	0.026424461574946434
Bulk_water	1	1194.4000000000001	0.026566030501506927
Bulk_water	1	1197.74	0.026704216482289871
Bulk_water	1	1201.0699999999999	0.026830782779749925
Bulk_water	1	1204.4100000000001	0.026938448706235407
Bulk_water	1	1207.75	0.027020816081688784
Bulk_water	1	1211.0799999999999	0.027072516318245678
Bulk_water	1	1214.4200000000001	0.02709024001242806
Bulk_water	1	1217.75	0.027073104656641776
Bulk_water	1	1221.0899999999999	0.0270233900621717
Bulk_water	1	1224.4300000000001	0.026945950020785626
Bulk_water	1	1227.76	0.02684806522013523
Bulk_water	1	1231.0999999999999	0.026737751770867315
Bulk_water	1	1234.4400000000001	0.02662295224132917
Bulk_water	1	1237.77	0.026510211896177364
Bulk_water	1	1241.1099999999999	0.026403869731083093
Bulk_water	1	1244.4400000000001	0.026305543676635627
Bulk_water	1	1247.78	0.026214057056042767
Bulk_water	1	1251.1199999999999	0.02612565921202941
Bulk_water	1	1254.45	0.026034834472132163
Bulk_water	1	1257.79	0.025935331740892506
Bulk_water	1	1261.1300000000001	0.025821414718948502
Bulk_water	1	1264.46	0.025689626918223102
Bulk_water	1	1267.8	0.025539453542619713
Bulk_water	1	1271.1400000000001	0.02537427753791589
Bulk_water	1	1274.47	0.025200791253367216
Bulk_water	1	1277.8099999999999	0.025027966849514149
Bulk_water	1	1281.1400000000001	0.024865732536790801
Bulk_water	1	1284.48	0.02472364881413373
Bulk_water	1	1287.8199999999999	0.024609143453793635
Bulk_water	1	1291.1500000000001	0.024526702536040747
Bulk_water	1	1294.49	0.024477061483870185
Bulk_water	1	1297.8299999999999	0.024456616724605862
Bulk_water	1	1301.1600000000001	0.024457719859098542
Bulk_water	1	1304.5	0.024469192457822402
Bulk_water	1	1307.8299999999999	0.024477723364565791
Bulk_water	1	1311.1700000000001	0.024469780796218501
Bulk_water	1	1314.51	0.024433671527158134
Bulk_water	1	1317.8399999999999	0.024361747158235459
Bulk_water	1	1321.1800000000001	0.02425106599746998
Bulk_water	1	1324.52	0.02410376077154756
Bulk_water	1	1327.8499999999999	0.023925420695231094
Bulk_water	1	1331.1900000000001	0.023723841252268861
Bulk_water	1	1334.53	0.023506376672612045
Bulk_water	1	1337.8599999999999	0.023278983882521118
Bulk_water	1	1341.2	0.023045487081570698
Bulk_water	1	1344.53	0.022807945454147119
Bulk_water	1	1347.8699999999999	0.022567682761641603
Bulk_water	1	1351.21	0.022327052357638526
Bulk_water	1	1354.54	0.022089731357113486
Bulk_water	1	1357.8800000000001	0.021861088347930852
Bulk_water	1	1361.22	0.021647300883249634
Bulk_water	1	1364.55	0.021454031720132251
Bulk_water	1	1367.8900000000001	0.021284957973554289
Bulk_water	1	1371.22	0.02114147694720649
Bulk_water	1	1374.5599999999999	0.021022411964296654
Bulk_water	1	1377.9000000000001	0.020925115502042353
Bulk_water	1	1381.23	0.020846498783864086
Bulk_water	1	1384.5699999999999	0.020783693660080888
Bulk_water	1	1387.9100000000001	0.020734052607910326
Bulk_water	1	1391.24	0.020694707477671437
Bulk_water	1	1394.5799999999999	0.020661760527490084
Bulk_water	1	1397.9200000000001	0.020629622542603365
Bulk_water	1	1401.25	0.020591674716055205
Bulk_water	1	1404.5899999999999	0.020541077613990984
Bulk_water	1	1407.9200000000001	0.020472315563947321
Bulk_water	1	1411.26	0.020382888127740799
Bulk_water	1	1414.5999999999999	0.02027404552446312
Bulk_water	1	1417.9300000000001	0.02015108279967915
Bulk_water	1	1421.27	0.020022163148634715
Bulk_water	1	1424.6099999999999	0.019896920612565878
Bulk_water	1	1427.9400000000001	0.01978476860581016
Bulk_water	1	1431.28	0.019693576154415356
Bulk_water	1	1434.6099999999999	0.019628564761646795
Bulk_water	1	1437.95	0.019592529034885942
Bulk_water	1	1441.29	0.019585689601031332
Bulk_water	1	1444.6199999999999	0.019606134360295652
Bulk_water	1	1447.96	0.01965040682460184
Bulk_water	2	1471.3099999999999	0.02012872594062752
Bulk_water	2	1474.6500000000001	0.020154686372355238
Bulk_water	2	1477.99	0.020168365240064458
Bulk_water	2	1481.3199999999999	0.020177043231406865
Bulk_water	2	1484.6600000000001	0.020189986676120972
Bulk_water	2	1488	0.020216608988544292
Bulk_water	2	1491.3299999999999	0.020264632110125594
Bulk_water	2	1494.6700000000001	0.020339056917231681
Bulk_water	2	1498	0.020441648425050838
Bulk_water	2	1501.3399999999999	0.020571156414491372
Bulk_water	2	1504.6800000000001	0.020724345024374747
Bulk_water	2	1508.01	0.020897242970527325
Bulk_water	2	1511.3499999999999	0.021086246680273018
Bulk_water	2	1514.6900000000001	0.021288561546230378
Bulk_water	2	1518.02	0.021502643180109644
Bulk_water	2	1521.3599999999999	0.021728344497311793
Bulk_water	2	1524.7	0.021966915716928541
Bulk_water	2	1528.03	0.022221224988640837
Bulk_water	2	1531.3699999999999	0.022496273188815506
Bulk_water	2	1534.7	0.022799341005104227
Bulk_water	2	1538.04	0.023139915394144034
Bulk_water	2	1541.3800000000001	0.023529616039257819
Bulk_water	2	1544.71	0.023981459927459196
Bulk_water	2	1548.05	0.024509714264853488
Bulk_water	2	1551.3900000000001	0.025128940426744045
Bulk_water	2	1554.72	0.025854067499931806
Bulk_water	2	1558.0599999999999	0.026700024571217687
Bulk_water	2	1561.3900000000001	0.027681152389006522
Bulk_water	2	1564.73	0.028810909194108995
Bulk_water	2	1568.0699999999999	0.030101208839046035
Bulk_water	2	1571.4000000000001	0.031562641414947371
Bulk_water	2	1574.74	0.033205797012942712
Bulk_water	2	1578.0799999999999	0.035043766162345197
Bulk_water	2	1581.4100000000001	0.037095890487926463
Bulk_water	2	1584.75	0.039391881078689329
Bulk_water	2	1588.0899999999999	0.041974686637548775
Bulk_water	2	1591.4200000000001	0.044902037869621665
Bulk_water	2	1594.76	0.048244388297840453
Bulk_water	2	1598.0899999999999	0.052080722351880965
Bulk_water	2	1601.4300000000001	0.056493480949496092
Bulk_water	2	1604.77	0.061563339993250428
Bulk_water	2	1608.0999999999999	0.067365827424742744
Bulk_water	2	1611.4400000000001	0.073970808428509394
Bulk_water	2	1614.78	0.081443441481917928
Bulk_water	2	1618.1099999999999	0.089841972086181832
Bulk_water	2	1621.45	0.099217144427964352
Bulk_water	2	1624.78	0.10959911085006535
Bulk_water	2	1628.1199999999999	0.12098345881451417
Bulk_water	2	1631.46	0.13331650244266702
Bulk_water	2	1634.79	0.14647101355636827
Bulk_water	2	1638.1300000000001	0.16023886744799917
Bulk_water	2	1641.47	0.17432589491951189
Bulk_water	2	1644.8	0.18836144278136624
Bulk_water	2	1648.1400000000001	0.20191381773542713
Bulk_water	2	1651.48	0.21452485125573514
Bulk_water	2	1654.8099999999999	0.22573563939333577
Bulk_water	2	1658.1500000000001	0.23512552019502064
Bulk_water	2	1661.48	0.24233854893115203
Bulk_water	2	1664.8199999999999	0.24710923790049177
Bulk_water	2	1668.1600000000001	0.24928020658208433
Bulk_water	2	1671.49	0.24881027128820304
Bulk_water	2	1674.8299999999999	0.24577518058734513
Bulk_water	2	1678.1700000000001	0.24035511311331495
Bulk_water	2	1681.5	0.23282143995131149
Bulk_water	2	1684.8399999999999	0.22350877856411411
Bulk_water	2	1688.1700000000001	0.21278484044928256
Bulk_water	2	1691.51	0.2010224850653424
Bulk_water	2	1694.8499999999999	0.18857250918096552
Bulk_water	2	1698.1800000000001	0.175748938415068
Bulk_water	2	1701.52	0.16281358335391233
Bulk_water	2	1704.8599999999999	0.14998412920405382
Bulk_water	2	1708.1900000000001	0.13743192952335537
Bulk_water	2	1711.53	0.12529524383489937
Bulk_water	2	1714.8699999999999	0.11368512101094892
Bulk_water	2	1718.2	0.10269054723391342
Bulk_water	2	1721.54	0.092383593957314589
Bulk_water	2	1724.8699999999999	0.082817947059796143
Bulk_water	2	1728.21	0.074028906845123824
Bulk_water	2	1731.55	0.066031181773199998
Bulk_water	2	1734.8800000000001	0.058820800559851047
Bulk_water	2	1738.22	0.052373347161638995
Bulk_water	2	1741.5599999999999	0.046647784975436167
Bulk_water	2	1744.8900000000001	0.041589766241903262
Bulk_water	2	1748.23	0.037136485837257052
Bulk_water	2	1751.5599999999999	0.03322197631883534
Bulk_water	2	1754.9000000000001	0.029781299836169083
Bulk_water	2	1758.24	0.02675422524595799
Bulk_water	2	1761.5699999999999	0.024086846042659815
Bulk_water	2	1764.9100000000001	0.02173260995068349
Bulk_water	2	1768.25	0.01965143641679501
Bulk_water	2	1771.5799999999999	0.017808834102523274
Bulk_water	2	1774.9200000000001	0.016175386088063504
Bulk_water	2	1778.25	0.01472572028008408
Bulk_water	2	1781.5899999999999	0.013438582954026055
Bulk_water	2	1784.9300000000001	0.012295956246508992
Bulk_water	2	1788.26	0.011283352324529046
Bulk_water	2	1791.5999999999999	0.010388636708666747
Bulk_water	2	1794.9400000000001	0.0096015870192899307
Bulk_water	2	1798.27	0.0089127898420610727
Bulk_water	2	1801.6099999999999	0.0083134936433382489
Bulk_water	2	1804.95	0.0077947262625810013
Bulk_water	2	1808.28	0.0073476626238478983
Bulk_water	2	1811.6199999999999	0.0069630363974004369
Bulk_water	2	1814.95	0.0066320225072971804
Bulk_water	2	1818.29	0.0063455017083986487
Bulk_water	2	1821.6300000000001	0.0060950166362609718
Bulk_water	2	1824.96	0.0058722570110392941
Bulk_water	2	1828.3	0.0056699421450819402
Bulk_water	2	1831.6400000000001	0.0054818209429303884
Bulk_water	2	1834.97	0.0053036279512129495
Bulk_water	2	1838.3099999999999	0.005132789189446707
Bulk_water	2	1841.6400000000001	0.0049688634038345851
Bulk_water	2	1844.98	0.0048128066442702433
Bulk_water	2	1848.3199999999999	0.004666531010540988
Bulk_water	2	1851.6500000000001	0.004531360264038037
Bulk_water	2	1854.99	0.0044077356585584589
Bulk_water	2	1858.3299999999999	0.0042947011442086023
Bulk_water	2	1861.6600000000001	0.00418975628280506
Bulk_water	2	1865	0.0040899593823673528
Bulk_water	2	1868.3399999999999	0.0039927364624125642
Bulk_water	2	1871.6700000000001	0.0038966902192499667
Bulk_water	2	1875.01	0.0038021883643771198
Bulk_water	2	1878.3399999999999	0.0037116577936779174
Bulk_water	2	1881.6800000000001	0.0036292168759250293
Bulk_water	2	1885.02	0.0035597929451857547
Bulk_water	2	1888.3499999999999	0.0035083868778269067
Bulk_water	2	1891.6900000000001	0.0034791905849206649
Bulk_water	2	1895.03	0.0034748515892494601
Bulk_water	2	1898.3599999999999	0.0034961053138084122
Bulk_water	2	1901.7	0.0035413338280082568
Bulk_water	2	1905.03	0.0036067864745738861
Bulk_water	2	1908.3699999999999	0.0036871682079404403
Bulk_water	2	1911.71	0.0037763750172484277
Bulk_water	2	1915.04	0.0038682293493388447
Bulk_water	2	1918.3800000000001	0.0039575832432458555
Bulk_water	2	1921.72	0.0040407595839938634
Bulk_water	2	1925.05	0.0041159198140950683
Bulk_water	2	1928.3900000000001	0.0041827697643514253
Bulk_water	2	1931.73	0.0042424125692556106
Bulk_water	2	1935.0599999999999	0.0042966132439959132
Bulk_water	2	1938.4000000000001	0.0043475045152581784
Bulk_water	2	1941.73	0.0043967778559311794
Bulk_water	2	1945.0699999999999	0.0044457570274061336
Bulk_water	2	1948.4100000000001	0.0044951774526781592
Bulk_water	2	1951.74	0.0045454068432448161
Bulk_water	2	1955.0799999999999	0.0045962981145070813
Bulk_water	2	1958.4200000000001	0.0046477041818659302
Bulk_water	2	1961.75	0.0046997721299203857
Bulk_water	2	1965.0899999999999	0.0047530902970665439
Bulk_water	2	1968.4200000000001	0.0048092030715941574
Bulk_water	2	1971.76	0.0048703167224885815
Bulk_water	2	1975.0999999999999	0.0049391523148317601
Bulk_water	2	1978.4300000000001	0.0050182838291066107
Bulk_water	2	1981.77	0.0051098439919989806
Bulk_water	2	1985.1099999999999	0.0052147153111030123
Bulk_water	2	1988.4400000000001	0.0053323829903221213
Bulk_water	2	1991.78	0.0054609349298689967
Bulk_water	2	1995.1199999999999	0.0055979442338597472
Bulk_water	2	1998.45	0.0057408369218114536
Bulk_water	2	2001.79	0.0058878479785358278
Bulk_water	2	2005.1199999999999	0.0060383890656367746
Bulk_water	2	2008.46	0.0061930485215103918
Bulk_water	2	2011.8	0.0063533707344464261
Bulk_water	2	2015.1300000000001	0.0065211942619326814
Bulk_water	2	2018.47	0.0066977693230608577
Bulk_water	2	2021.8099999999999	0.0068833165447294902
Bulk_water	2	2025.1400000000001	0.0070768063347454125
Bulk_water	2	2028.48	0.0072759588818237545
Bulk_water	2	2031.8099999999999	0.0074778324939840388
Bulk_water	2	2035.1500000000001	0.0076789706831492024
Bulk_water	2	2038.49	0.0078760640458412096
Bulk_water	2	2041.8199999999999	0.0080663915169781192
Bulk_water	2	2045.1600000000001	0.0082481145390721298
Bulk_water	2	2048.5	0.0084202770622295899
Bulk_water	2	2051.8299999999999	0.0085828055441509819
Bulk_water	2	2055.1700000000001	0.008736361865531922
Bulk_water	2	2058.5100000000002	0.0088820491608650812
Bulk_water	2	2061.8400000000001	0.0090210441069426515
Bulk_water	2	2065.1799999999998	0.0091540085844602475
Bulk_water	2	2068.5100000000002	0.0092812367626159079
Bulk_water	2	2071.8499999999999	0.0094016255069169583
Bulk_water	2	2075.1900000000001	0.0095132627175760903
Bulk_water	2	2078.52	0.0096135008718108688
Bulk_water	2	2081.8600000000001	0.0096991041084427687
Bulk_water	2	2085.1999999999998	0.0097674249046893619
Bulk_water	2	2088.5300000000002	0.0098170659568599244
Bulk_water	2	2091.8699999999999	0.0098483214341525006
Bulk_water	2	2095.1999999999998	0.009863471147851962
Bulk_water	2	2098.54	0.0098664128398324377
Bulk_water	3	2902.5900000000001	0
Bulk_water	3	2905.9299999999998	5.6759946763317643e-05
Bulk_water	3	2909.27	0.00012270532673567779
Bulk_water	3	2912.5999999999999	0.0002000424089024367
Bulk_water	3	2915.9400000000001	0.00028970518046739783
Bulk_water	3	2919.27	0.00039112736572431922
Bulk_water	3	2922.6100000000001	0.00050227184297671826
Bulk_water	3	2925.9499999999998	0.00061985127143641277
Bulk_water	3	2929.2800000000002	0.00073985024155005113
Bulk_water	3	2932.6199999999999	0.00085815038454496251
Bulk_water	3	2935.96	0.0009711113565953073
Bulk_water	3	2939.29	0.0010761591772181665
Bulk_water	3	2942.6300000000001	0.0011720289188619358
Bulk_water	3	2945.96	0.0012588382492058341
Bulk_water	3	2949.3000000000002	0.0013379256381009768
Bulk_water	3	2952.6399999999999	0.0014115341256824808
Bulk_water	3	2955.9699999999998	0.0014824289024119939
Bulk_water	3	2959.3099999999999	0.0015535810771897989
Bulk_water	3	2962.6500000000001	0.0016278955708466181
Bulk_water	3	2965.98	0.0017080640315445866
Bulk_water	3	2969.3200000000002	0.0017963736247985282
Bulk_water	3	2972.6599999999999	0.0018946114284865822
Bulk_water	3	2975.9899999999998	0.0020038364517217197
Bulk_water	3	2979.3299999999999	0.0021242619671725266
Bulk_water	3	2982.6599999999999	0.0022550790095443715
Bulk_water	3	2986	0.0023945887517185281
Bulk_water	3	2989.3400000000001	0.0025402025047521746
Bulk_water	3	2992.6700000000001	0.0026891256612638602
Bulk_water	3	2996.0100000000002	0.0028384900715726171
Bulk_water	3	2999.3499999999999	0.0029863836358911345
Bulk_water	3	3002.6799999999998	0.0031314825928281981
Bulk_water	3	3006.02	0.003273786942383808
Bulk_water	3	3009.3499999999999	0.003414179192152107
Bulk_water	3	3012.6900000000001	0.0035545714419204068
Bulk_water	3	3016.0300000000002	0.0036970964183745529
Bulk_water	3	3019.3600000000001	0.003844401644296975
Bulk_water	3	3022.6999999999998	0.0039988404732720553
Bulk_water	3	3026.04	0.0041626191742851534
Bulk_water	3	3029.3699999999999	0.0043373556779255302
Bulk_water	3	3032.71	0.0045240060340868407
Bulk_water	3	3036.0500000000002	0.0047227908696676228
Bulk_water	3	3039.3800000000001	0.0049329747616727567
Bulk_water	3	3042.7199999999998	0.0051532339487110274
Bulk_water	3	3046.0500000000002	0.0053813621617970746
Bulk_water	3	3049.3899999999999	0.0056148589627474932
Bulk_water	3	3052.73	0.0058506355749827843
Bulk_water	3	3056.0599999999999	0.0060853825950249072
Bulk_water	3	3059.4000000000001	0.006315864161695336
Bulk_water	3	3062.7399999999998	0.0065388444138155481
Bulk_water	3	3066.0700000000002	0.0067521906246996938
Bulk_water	3	3069.4099999999999	0.0069550938290531463
Bulk_water	3	3072.7399999999998	0.0071484365344700439
Bulk_water	3	3076.0799999999999	0.0073354546021289161
Bulk_water	3	3079.4200000000001	0.0075211489083965733
Bulk_water	3	3082.75	0.007712064717929578
Bulk_water	3	3086.0900000000001	0.0079151885491815649
Bulk_water	3	3089.4299999999998	0.0081369921245095841
Bulk_water	3	3092.7600000000002	0.0083826234048794742
Bulk_water	3	3096.0999999999999	0.0086551711668707357
Bulk_water	3	3099.4400000000001	0.0089555179180775112
Bulk_water	3	3102.77	0.0092824869817076106
Bulk_water	3	3106.1100000000001	0.0096335779195776267
Bulk_water	3	3109.4400000000001	0.010005187159011475
Bulk_water	3	3112.7800000000002	0.010393564042734046
Bulk_water	3	3116.1199999999999	0.01079488437117072
Bulk_water	3	3119.4499999999998	0.01120613291004151
Bulk_water	3	3122.79	0.011624662136563976
Bulk_water	3	3126.1300000000001	0.012049001204747885
Bulk_water	3	3129.46	0.012478488233897637
Bulk_water	3	3132.8000000000002	0.012913196766312732
Bulk_water	3	3136.1300000000001	0.013353568055790249
Bulk_water	3	3139.4699999999998	0.013799896271528228
Bulk_water	3	3142.8099999999999	0.014252181413526681
Bulk_water	3	3146.1399999999999	0.014709540974191455
Bulk_water	3	3149.48	0.015170577649831827
Bulk_water	3	3152.8200000000002	0.01563396767905658
Bulk_water	3	3156.1500000000001	0.016098902096571086
Bulk_water	3	3159.4899999999998	0.016566042783070944
Bulk_water	3	3162.8299999999999	0.017038037261338596
Bulk_water	3	3166.1599999999999	0.017519224527045241
Bulk_water	3	3169.5	0.018015561506451349
Bulk_water	3	3172.8299999999999	0.018533814091112009
Bulk_water	3	3176.1700000000001	0.019080601087983307
Bulk_water	3	3179.5100000000002	0.019661144000330585
Bulk_water	3	3182.8400000000001	0.020278531604733346
Bulk_water	3	3186.1799999999998	0.020932690358892083
Bulk_water	3	3189.52	0.02162023731702924
Bulk_water	3	3192.8499999999999	0.022334847841386792
Bulk_water	3	3196.1900000000001	0.023067917482921842
Bulk_water	3	3199.52	0.023810474081093928
Bulk_water	3	3202.8600000000001	0.024554869236753818
Bulk_water	3	3206.1999999999998	0.025296984581128838
Bulk_water	3	3209.5300000000002	0.026037187825716547
Bulk_water	3	3212.8699999999999	0.026780994642980338
Bulk_water	3	3216.21	0.027538259701054817
Bulk_water	3	3219.54	0.028321632275456036
Bulk_water	3	3222.8800000000001	0.029144349980096143
Bulk_water	3	3226.21	0.030018326667496077
Bulk_water	3	3229.5500000000002	0.03095216678669873
Bulk_water	3	3232.8899999999999	0.031950724129471891
Bulk_water	3	3236.2199999999998	0.033015028288008737
Bulk_water	3	3239.5599999999999	0.034143534874019506
Bulk_water	3	3242.9000000000001	0.035333375737823233
Bulk_water	3	3246.23	0.036582271068135046
Bulk_water	3	3249.5700000000002	0.037889411899660323
Bulk_water	3	3252.9099999999999	0.039255974909191249
Bulk_water	3	3256.2399999999998	0.040684460534911232
Bulk_water	3	3259.5799999999999	0.042177810468800751
Bulk_water	3	3262.9099999999999	0.043738157437545652
Bulk_water	3	3266.25	0.045365574983445442
Bulk_water	3	3269.5900000000001	0.047058077464413303
Bulk_water	3	3272.9200000000001	0.048811105257879489
Bulk_water	3	3276.2600000000002	0.050619363318279147
Bulk_water	3	3279.5999999999999	0.052477483057747909
Bulk_water	3	3282.9299999999998	0.054382375699706255
Bulk_water	3	3286.27	0.056333747074956149
Bulk_water	3	3289.5999999999999	0.058334685960077105
Bulk_water	3	3292.9400000000001	0.060389972604537386
Bulk_water	3	3296.2800000000002	0.062504754969302814
Bulk_water	3	3299.6100000000001	0.064681607034856342
Bulk_water	3	3302.9499999999998	0.066919278582106223
Bulk_water	3	3306.29	0.06921188622709154
Bulk_water	3	3309.6199999999999	0.071550531351571328
Bulk_water	3	3312.96	0.07392521220281198
Bulk_water	3	3316.3000000000002	0.076325632858881803
Bulk_water	3	3319.6300000000001	0.078748116204805207
Bulk_water	3	3322.9699999999998	0.081189720548601713
Bulk_water	3	3326.3000000000002	0.083655593851237164
Bulk_water	3	3329.6399999999999	0.086153090342662761
Bulk_water	3	3332.98	0.088695447636790645
Bulk_water	3	3336.3099999999999	0.091298845039513424
Bulk_water	3	3339.6500000000001	0.093985345240684706
Bulk_water	3	3342.9899999999998	0.096776275507162959
Bulk_water	3	3346.3200000000002	0.099695904797787102
Bulk_water	3	3349.6599999999999	0.10276408953342536
Bulk_water	3	3352.9899999999998	0.10599553817398014
Bulk_water	3	3356.3299999999999	0.10939760494940265
Bulk_water	3	3359.6700000000001	0.11296881901370259
Bulk_water	3	3363	0.1167003552909386
Bulk_water	3	3366.3400000000001	0.12057529905222286
Bulk_water	3	3369.6799999999998	0.12457452929968234
Bulk_water	3	3373.0100000000002	0.12867671876645853
Bulk_water	3	3376.3499999999999	0.13286421730066858
Bulk_water	3	3379.6900000000001	0.13712231644241007
Bulk_water	3	3383.02	0.14144733907670745
Bulk_water	3	3386.3600000000001	0.14584590401051675
Bulk_water	3	3389.6900000000001	0.15033419054973066
Bulk_water	3	3393.0300000000002	0.15493646765318808
Bulk_water	3	3396.3699999999999	0.15967700427972795
Bulk_water	3	3399.6999999999998	0.16457639227321358
Bulk_water	3	3403.04	0.16964419213258161
Bulk_water	3	3406.3800000000001	0.17487746216585148
Bulk_water	3	3409.71	0.18026958356606715
Bulk_water	3	3413.0500000000002	0.18581246668028231
Bulk_water	3	3416.3800000000001	0.19151567200743347
Bulk_water	3	3419.7199999999998	0.19741155815930597
Bulk_water	3	3423.0599999999999	0.20356484235947025
Bulk_water	3	3426.3899999999999	0.2100681879053114
Bulk_water	3	3429.73	0.21703411451508264
Bulk_water	3	3433.0700000000002	0.22457587733003243
Bulk_water	3	3436.4000000000001	0.232787610493536
Bulk_water	3	3439.7399999999998	0.24172373530723218
Bulk_water	3	3443.0799999999999	0.25138351634812595
Bulk_water	3	3446.4099999999999	0.26170517808462718
Bulk_water	3	3449.75	0.27256811114553625
Bulk_water	3	3453.0799999999999	0.28381640585588797
Bulk_water	3	3456.4200000000001	0.29528606288777065
Bulk_water	3	3459.7600000000002	0.30684102898708715
Bulk_water	3	3463.0900000000001	0.31840923270031574
Bulk_water	3	3466.4299999999998	0.32999802825740776
Bulk_water	3	3469.77	0.34169934353275305
Bulk_water	3	3473.0999999999999	0.35366614650933642
Bulk_water	3	3476.4400000000001	0.36607935124395735
Bulk_water	3	3479.77	0.37910663417950291
Bulk_water	3	3483.1100000000001	0.39286934011016794
Bulk_water	3	3486.4499999999998	0.40742703829855709
Bulk_water	3	3489.7800000000002	0.42278634755162642
Bulk_water	3	3493.1199999999999	0.43892005721855654
Bulk_water	3	3496.46	0.45579213157258652
Bulk_water	3	3499.79	0.47337977250086771
Bulk_water	3	3503.1300000000001	0.49167636119644403
Bulk_water	3	3506.4699999999998	0.51068631019728616
Bulk_water	3	3509.8000000000002	0.53040961950339427
Bulk_water	3	3513.1399999999999	0.55082349100191941
Bulk_water	3	3516.4699999999998	0.57187423881421806
Bulk_water	3	3519.8099999999999	0.59347214133488557
Bulk_water	3	3523.1500000000001	0.61549291207774659
Bulk_water	3	3526.48	0.63778505390580686
Bulk_water	3	3529.8200000000002	0.66017427156922281
Bulk_water	3	3533.1599999999999	0.68247450305022939
Bulk_water	3	3536.4899999999998	0.70449527379309052
Bulk_water	3	3539.8299999999999	0.72606302397095801
Bulk_water	3	3543.1599999999999	0.74702919813881785
Bulk_water	3	3546.5	0.76730481011426066
Bulk_water	3	3549.8400000000001	0.78683029063468157
Bulk_water	3	3553.1700000000001	0.80560563970008059
Bulk_water	3	3556.5100000000002	0.82366027423026267
Bulk_water	3	3559.8499999999999	0.84103096537498367
Bulk_water	3	3563.1799999999998	0.85773242159414598
Bulk_water	3	3566.52	0.87372051750804236
Bulk_water	3	3569.8600000000001	0.88887758543745388
Bulk_water	3	3573.1900000000001	0.90303447809350301
Bulk_water	3	3576.5300000000002	0.91594115165784895
Bulk_water	3	3579.8600000000001	0.92736227077205369
Bulk_water	3	3583.1999999999998	0.93711397968733734
Bulk_water	3	3586.54	0.94514479879404145
Bulk_water	3	3589.8699999999999	0.95156504154143418
Bulk_water	3	3593.21	0.95664681443770949
Bulk_water	3	3596.5500000000002	0.96080195436013427
Bulk_water	3	3599.8800000000001	0.96446436087582899
Bulk_water	3	3603.2199999999998	0.96800174548235352
Bulk_water	3	3606.5500000000002	0.97167150622799947
Bulk_water	3	3609.8899999999999	0.97553983118232768
Bulk_water	3	3613.23	0.97952582381587494
Bulk_water	3	3616.5599999999999	0.98346033683976386
Bulk_water	3	3619.9000000000001	0.9871448060453123
Bulk_water	3	3623.2399999999998	0.99043950106344736
Bulk_water	3	3626.5700000000002	0.99324146267485236
Bulk_water	3	3629.9099999999999	0.99554333664957617
Bulk_water	3	3633.25	0.99735983144752116
Bulk_water	3	3636.5799999999999	0.99869830129863857
Bulk_water	3	3639.9200000000001	0.99958080889278189
Bulk_water	3	3643.25	1
Bulk_water	3	3646.5900000000001	0.99999264577004876
Bulk_water	3	3649.9299999999998	0.99961022581258663
Bulk_water	3	3653.2600000000002	0.9989777620367839
Bulk_water	3	3656.5999999999999	0.99819821366195738
Bulk_water	3	3659.9400000000001	0.99738924836732601
Bulk_water	3	3663.27	0.99658763730264577
Bulk_water	3	3666.6100000000001	0.99574925508820955
Bulk_water	3	3669.9400000000001	0.99477849673465202
Bulk_water	3	3673.2800000000002	0.99353563187290006
Bulk_water	3	3676.6199999999999	0.9919103470536863
Bulk_water	3	3679.9499999999998	0.98984380843740061
Bulk_water	3	3683.29	0.98738749563370176
Bulk_water	3	3686.6300000000001	0.98462230517205263
Bulk_water	3	3689.96	0.98165119627177022
Bulk_water	3	3693.3000000000002	0.9785550654623173
Bulk_water	3	3696.6399999999999	0.97531920428379182
Bulk_water	3	3699.9699999999998	0.97187007043668172
Bulk_water	3	3703.3099999999999	0.96806057932196299
Bulk_water	3	3706.6399999999999	0.96372158365075833
Bulk_water	3	3709.98	0.95867658190423899
Bulk_water	3	3713.3200000000002	0.95280790640318602
Bulk_water	3	3716.6500000000001	0.94600524369833128
Bulk_water	3	3719.9899999999998	0.93818769726021178
Bulk_water	3	3723.3299999999999	0.92925230786951074
Bulk_water	3	3726.6599999999999	0.91911082476681361
Bulk_water	3	3730	0.90763822604295052
Bulk_water	3	3733.3299999999999	0.89475361516845808
Bulk_water	3	3736.6700000000001	0.88042022099358042
Bulk_water	3	3740.0100000000002	0.86469687735792689
Bulk_water	3	3743.3400000000001	0.84773802309047286
Bulk_water	3	3746.6799999999998	0.82979370200955871
Bulk_water	3	3750.02	0.81119485446298834
Bulk_water	3	3753.3499999999999	0.79226506656861417
Bulk_water	3	3756.6900000000001	0.77332792444428877
Bulk_water	3	3760.0300000000002	0.75460405498854799
Bulk_water	3	3763.3600000000001	0.73621848011056223
Bulk_water	3	3766.6999999999998	0.71818958538520938
Bulk_water	3	3770.0300000000002	0.70043353259104579
Bulk_water	3	3773.3699999999999	0.68281868101194532
Bulk_water	3	3776.71	0.66518765012695191
Bulk_water	3	3780.04	0.64739629702902268
Bulk_water	3	3783.3800000000001	0.62933136657690902
Bulk_water	3	3786.7199999999998	0.61092446443206483
Bulk_water	3	3790.0500000000002	0.59214470282869491
Bulk_water	3	3793.3899999999999	0.57299061092080938
Bulk_water	3	3796.7199999999998	0.5534666012463787
Bulk_water	3	3800.0599999999999	0.53356531957545172
Bulk_water	3	3803.4000000000001	0.51325661356522867
Bulk_water	3	3806.73	0.49248238479909495
Bulk_water	3	3810.0700000000002	0.47117056182352895
Bulk_water	3	3813.4099999999999	0.44926083995293081
Bulk_water	3	3816.7399999999998	0.42672895022846169
Bulk_water	3	3820.0799999999999	0.40361092837688234
Bulk_water	3	3823.4200000000001	0.38001120446349979
Bulk_water	3	3826.75	0.35609377781622564
Bulk_water	3	3830.0900000000001	0.33206971483465919
Bulk_water	3	3833.4200000000001	0.3081662612242923
Bulk_water	3	3836.7600000000002	0.28460919184462674
Bulk_water	3	3840.0999999999999	0.26160589598028605
Bulk_water	3	3843.4299999999998	0.23933875853405986
Bulk_water	3	3846.77	0.21795927664294287
Bulk_water	3	3850.1100000000001	0.19759541390808583
Bulk_water	3	3853.4400000000001	0.17835233581779078
Bulk_water	3	3856.7800000000002	0.16031240974751113
Bulk_water	3	3860.1100000000001	0.14353741122883687
Bulk_water	3	3863.4499999999998	0.12806778852649964
Bulk_water	3	3866.79	0.11391972094639201
Bulk_water	3	3870.1199999999999	0.10108658968155794
Bulk_water	3	3873.46	0.089538242389197498
Bulk_water	3	3876.8000000000002	0.079221728613662126
Bulk_water	3	3880.1300000000001	0.070067183170415451
Bulk_water	3	3883.4699999999998	0.061987090723038249
Bulk_water	3	3886.8099999999999	0.054886949416657692
Bulk_water	3	3890.1399999999999	0.048666226927840964
Bulk_water	3	3893.48	0.043224979271551313
Bulk_water	3	3896.8099999999999	0.03846760145842322
Bulk_water	3	3900.1500000000001	0.034306136898240414
Bulk_water	3	3903.4899999999998	0.030661821788225581
Bulk_water	3	3906.8200000000002	0.027466555959030671
Bulk_water	3	3910.1599999999999	0.024662608705538814
Bulk_water	3	3913.5	0.022201736279270173
Bulk_water	3	3916.8299999999999	0.020043490415493179
Bulk_water	3	3920.1700000000001	0.01815352686033575
Bulk_water	3	3923.5	0.016501104932601901
Bulk_water	3	3926.8400000000001	0.015057543135481967
Bulk_water	3	3930.1799999999998	0.013795116022059952
Bulk_water	3	3933.5100000000002	0.012687054195313508
Bulk_water	3	3936.8499999999999	0.011707985561911006
Bulk_water	3	3940.1900000000001	0.010835038466704241
Bulk_water	3	3943.52	0.010048724200322549
Bulk_water	3	3946.8600000000001	0.0093336724221679233
Bulk_water	3	3950.1900000000001	0.0086785576181155344
Bulk_water	3	3953.5300000000002	0.0080756578467166239
Bulk_water	3	3956.8699999999999	0.0075198251470053584
Bulk_water	3	3960.1999999999998	0.0070075294886051617
Bulk_water	3	3963.54	0.0065360498064340935
Bulk_water	3	3966.8800000000001	0.0061032533738063091
Bulk_water	3	3970.21	0.0057072280909344934
Bulk_water	3	3973.5500000000002	0.0053466501964274374
Bulk_water	3	3976.8899999999999	0.0050205636403914816
Bulk_water	3	3980.2199999999998	0.0047282329998315081
Bulk_water	3	3983.5599999999999	0.0044685551402548363
Bulk_water	3	3986.8899999999999	0.0042393237926761093
Bulk_water	3	3990.23	0.0040375237228153374
Bulk_water	3	3993.5700000000002	0.0038585217658032678
Bulk_water	3	3996.9000000000001	0.0036972435029735766
