series	dipole_D	probability
F-	1.7292151200000001	0
F-	1.7318652000000001	0
F-	1.7345152800000001	0
F-	1.7371653600000001	0
F-	1.7398154400000001	0
F-	1.7424655200000001	0
F-	1.7451156000000001	0
F-	1.7477656800000001	0
F-	1.7504157600000001	0
F-	1.7530658400000001	0
F-	1.7557159200000001	0
F-	1.7583660000000001	0
F-	1.7610160800000001	0
F-	1.7636661600000001	0
F-	1.7663162400000001	0
F-	1.7689663200000001	0
F-	1.7716164000000001	4.1550915503088536e-07
F-	1.7742664800000001	3.8780854469549442e-06
F-	1.7769165600000001	6.8789848999557954e-06
F-	1.7795666400000001	9.4182075140334398e-06
F-	1.7822167200000001	3.6010793436010167e-06
F-	1.7848668000000001	9.6028782496027192e-06
F-	1.7875168800000001	1.4681323477758008e-05
F-	1.7901669600000001	1.0941741082480021e-05
F-	1.7928170400000001	1.0664734979126097e-05
F-	1.7954671200000001	2.1283302274359879e-05
F-	1.7981172000000001	3.0055162213900826e-05
F-	1.8007672800000001	3.6980314797748939e-05
F-	1.8034173600000001	4.2058760025904228e-05
F-	1.8060674400000001	2.9501150007192975e-05
F-	1.8087175200000001	3.9658040463503545e-05
F-	1.8113676000000001	3.9150195940688014e-05
F-	1.8140176800000001	4.8152894299690572e-05
F-	1.8166677600000001	4.6029180840643813e-05
F-	1.8193178400000001	4.5059659478905076e-05
F-	1.8219679200000001	5.7524934129831687e-05
F-	1.8246180000000001	7.0682724039143092e-05
F-	1.8272680800000001	7.1790748452558802e-05
F-	1.8299181600000001	8.1024285231022966e-05
F-	1.8325682400000001	8.5641053620255062e-05
F-	1.8352183200000001	7.7746379674668181e-05
F-	1.8378684000000001	8.2363148063900263e-05
F-	1.8405184800000001	7.8854404088083877e-05
F-	1.8431685600000001	6.6758470908295838e-05
F-	1.8458186400000001	5.4847208464077054e-05
F-	1.8484687200000001	7.5114821692805892e-05
F-	1.8511188000000001	8.8872791492717476e-05
F-	1.8537688800000001	0.00010309243813155227
F-	1.8564189600000001	0.00012474508187705074
F-	1.8590690400000001	0.00014062676513600908
F-	1.8617191200000001	0.0001362870028501309
F-	1.8643692000000001	0.00016389527781773873
F-	1.8670192800000001	0.00019219606804373138
F-	1.8696693600000001	0.00020447667195908867
F-	1.8723194400000001	0.00024805896555343951
F-	1.8749695200000001	0.0002891020365337127
F-	1.8776196000000001	0.00032714420806098497
F-	1.8802696800000001	0.00034108684859646588
F-	1.8829197600000001	0.00035502948913194673
F-	1.8855698400000001	0.00037548177309624489
F-	1.8882199200000001	0.00035235176346619216
F-	1.8908700000000001	0.00037026482481641263
F-	1.89352008	0.00038217608726063136
F-	1.89617016	0.00036347817528424142
F-	1.89882024	0.00035493715376416204
F-	1.90147032	0.00038457680682303202
F-	1.9041204	0.00039394884665317311
F-	1.90677048	0.00042109544478185779
F-	1.90942056	0.00046278486333662343
F-	1.91207064	0.00051093775763631397
F-	1.91472072	0.00058115880483653392
F-	1.9173708	0.00066550716330780388
F-	1.92002088	0.00076259780253335461
F-	1.92267096	0.00083632759370939078
F-	1.92532104	0.00089195965279963737
F-	1.92797112	0.00093203320241817171
F-	1.9306212	0.00094542183074694476
F-	1.93327128	0.00095784093771397901
F-	1.93592136	0.00099759131354526737
F-	1.93857144	0.0010131498230169793
F-	1.94122152	0.001107793574996237
F-	1.9438716	0.0011790764789259801
F-	1.94652168	0.0012418183613356441
F-	1.94917176	0.0012629169928744346
F-	1.95182184	0.0013023903626023761
F-	1.95447192	0.00130751497551442
F-	1.957122	0.0013694258396140186
F-	1.95977208	0.0014164707095002901
F-	1.96242216	0.0015126379950479915
F-	1.96507224	0.0015665618498342197
F-	1.96772232	0.0016022956371668741
F-	1.9703724	0.0016226555857633863
F-	1.97302248	0.001727410060515061
F-	1.97567256	0.0017122670601983792
F-	1.97832264	0.0016835969285012476
F-	1.9809727200000002	0.0018125894372963921
F-	1.9836228000000002	0.0019040937867709725
F-	1.9862728800000002	0.0020181279659850057
F-	1.9889229600000002	0.002165125871498157
F-	1.9915730400000002	0.0022541833337264448
F-	1.9942231200000002	0.0024051054923704446
F-	1.9968732000000002	0.0024031664496469694
F-	1.9995232800000002	0.0024912082228296288
F-	2.0021733600000005	0.0024737106706344426
F-	2.00482344	0.0025482714801205444
F-	2.0074735200000005	0.0026131832436731401
F-	2.0101236	0.0026678919490855401
F-	2.0127736800000005	0.0026021029995389835
F-	2.01542376	0.0026852971659129454
F-	2.0180738400000005	0.0026559345189574291
F-	2.02072392	0.0027830341527129883
F-	2.0233740000000004	0.0028188141077295373
F-	2.02602408	0.0029556089551024834
F-	2.0286741600000004	0.0031414338827690748
F-	2.03132424	0.0032613775255213241
F-	2.0339743200000004	0.003669638354181117
F-	2.0366244	0.0039613719486966915
F-	2.0392744800000004	0.0041992278561099284
F-	2.04192456	0.0044352832238513645
F-	2.0445746400000004	0.0045941462241248397
F-	2.04722472	0.0048188443416287653
F-	2.0498748000000004	0.0051964959958679495
F-	2.05252488	0.0055191157709074869
F-	2.0551749600000004	0.0058898884402467152
F-	2.05782504	0.0062324988224116279
F-	2.0604751200000004	0.0065951921470696982
F-	2.0631252	0.0069030844309475852
F-	2.0657752800000004	0.007216239830789198
F-	2.06842536	0.0075892285489552579
F-	2.0710754400000004	0.0078991983786083006
F-	2.07372552	0.0083220943630619576
F-	2.0763756000000004	0.0084846046103629266
F-	2.07902568	0.00865473252550613
F-	2.0816757600000004	0.0089378789308177334
F-	2.08432584	0.008902976161795138
F-	2.0869759200000004	0.0093450779027480016
F-	2.089626	0.0096244847256643264
F-	2.0922760800000004	0.0096867187635511758
F-	2.09492616	0.0099485818665884171
F-	2.0975762400000004	0.010100612049645829
F-	2.10022632	0.01049211400905271
F-	2.1028764000000004	0.011048803941426315
F-	2.10552648	0.011409881397148155
F-	2.1081765600000004	0.011913755499148944
F-	2.11082664	0.01232446321505503
F-	2.1134767200000004	0.012316984050264473
F-	2.1161268	0.012575430744693685
F-	2.1187768800000004	0.012975519893304538
F-	2.12142696	0.013442090506720329
F-	2.1240770400000004	0.013884007576937625
F-	2.12672712	0.014006628945355629
F-	2.1293772000000004	0.014372415504834486
F-	2.13202728	0.014809438800559196
F-	2.1346773600000004	0.015280903188467575
F-	2.13732744	0.015889162423748902
F-	2.1399775200000004	0.016724474328412661
F-	2.1426276	0.017312973794988071
F-	2.1452776800000004	0.017934483155546497
F-	2.14792776	0.018609916370891152
F-	2.1505778400000004	0.019288165814953233
F-	2.15322792	0.020267243887257681
F-	2.1558780000000004	0.020910036550090459
F-	2.15852808	0.021406246816565132
F-	2.1611781600000004	0.021667879081182909
F-	2.16382824	0.021893546720048573
F-	2.1664783200000004	0.022140728499608058
F-	2.1691284	0.0228511106516592
F-	2.1717784800000004	0.023357893317745203
F-	2.17442856	0.024435677898211432
F-	2.1770786400000004	0.024935119902558554
F-	2.17972872	0.025746470779282205
F-	2.1823788000000004	0.027078916304098474
F-	2.18502888	0.02805379311716872
F-	2.1876789600000004	0.028839197755544881
F-	2.1903290399999999	0.030106823852176327
F-	2.1929791200000004	0.030922052814346932
F-	2.1956291999999999	0.032029015371033108
F-	2.1982792800000004	0.033093272820118882
F-	2.2009293599999999	0.033661827847252815
F-	2.2035794400000004	0.034450325720449759
F-	2.2062295199999999	0.035251288868297634
F-	2.2088796000000004	0.03589708243058342
F-	2.2115296799999999	0.036602155298986944
F-	2.2141797600000004	0.037620475902599856
F-	2.2168298399999999	0.038805323342012379
F-	2.2194799200000004	0.039933892374760166
F-	2.2221299999999999	0.041262228975710018
F-	2.2247800800000004	0.042137291256205064
F-	2.2274301599999999	0.043844249032755828
F-	2.2300802400000004	0.044274162505161134
F-	2.2327303199999999	0.04575171306045097
F-	2.2353804000000004	0.047203594383496666
F-	2.2380304799999999	0.048366142831589194
F-	2.2406805600000004	0.049613824488779164
F-	2.2433306399999999	0.051441372255656675
F-	2.2459807200000004	0.052557706852172995
F-	2.2486307999999999	0.053704650623109917
F-	2.2512808800000004	0.055065858614991109
F-	2.2539309599999999	0.056146136250387522
F-	2.2565810400000004	0.05764677064762351
F-	2.2592311199999999	0.059129030306670369
F-	2.2618812000000004	0.061300388815494003
F-	2.2645312799999999	0.063216670870812564
F-	2.2671813600000004	0.065591859704020788
F-	2.2698314399999999	0.067301772212340669
F-	2.2724815200000004	0.069078627862304426
F-	2.2751315999999999	0.070659409358777472
F-	2.2777816800000004	0.072086867977044153
F-	2.2804317599999999	0.074125078885522319
F-	2.2830818400000004	0.075224746948153509
F-	2.2857319199999999	0.077070300111749035
F-	2.2883820000000004	0.078740600747289308
F-	2.2910320799999999	0.079867184569629712
F-	2.2936821600000004	0.081455399063209449
F-	2.2963322399999999	0.082591631931483361
F-	2.2989823200000004	0.083838297899627684
F-	2.3016323999999999	0.084821346392746882
F-	2.3042824800000004	0.087364862601426521
F-	2.3069325599999999	0.089298965382727497
F-	2.3095826400000004	0.091482419824730932
F-	2.3122327199999999	0.093486835988599915
F-	2.3148828000000004	0.096115208400273613
F-	2.3175328799999999	0.098093447487375696
F-	2.3201829600000003	0.10048336381174555
F-	2.3228330399999999	0.10212813371809337
F-	2.3254831200000003	0.10452719124387394
F-	2.3281331999999999	0.10629836826871894
F-	2.3307832800000003	0.1092443743455718
F-	2.3334333599999999	0.11099537609255586
F-	2.3360834400000003	0.11293012522143134
F-	2.3387335199999999	0.11524792762356142
F-	2.3413836000000003	0.1170185968038836
F-	2.3440336799999999	0.11878686526464337
F-	2.3466837600000003	0.12125739036508926
F-	2.3493338399999999	0.12367699251020188
F-	2.3519839200000003	0.12664612859668484
F-	2.3546339999999999	0.12946835911302237
F-	2.3572840800000003	0.1338342523079836
F-	2.3599341599999999	0.1370254087863047
F-	2.3625842400000003	0.14005737909056509
F-	2.3652343199999999	0.14298888851467578
F-	2.3678844000000003	0.14637385692997684
F-	2.3705344799999999	0.14940037944753792
F-	2.3731845600000003	0.15249896971965493
F-	2.3758346399999999	0.15494507211532177
F-	2.3784847200000003	0.15770908518227111
F-	2.3811347999999999	0.16017443950212104
F-	2.3837848800000003	0.16312497001199536
F-	2.3864349599999999	0.16545205211858777
F-	2.3890850400000003	0.16808831920420708
F-	2.3917351199999999	0.17097943190491199
F-	2.3943852000000003	0.17417599000224851
F-	2.3970352799999999	0.17723459906011477
F-	2.3996853600000003	0.181150726678597
F-	2.4023354399999999	0.18501228409471848
F-	2.4049855200000003	0.18911589867748743
F-	2.4076355999999999	0.19285575807886871
F-	2.4102856800000003	0.19730683065061128
F-	2.4129357599999999	0.2018325563672077
F-	2.4155858400000003	0.20529370146093112
F-	2.4182359199999999	0.20974357367289245
F-	2.4208860000000003	0.21380582201089382
F-	2.4235360799999999	0.21669965860494841
F-	2.4261861600000003	0.22012160733504724
F-	2.4288362399999999	0.22282389420863252
F-	2.4314863200000003	0.22649043932799287
F-	2.4341363999999999	0.22963155003697472
F-	2.4367864800000003	0.23294625123739165
F-	2.4394365599999999	0.23621196852519888
F-	2.4420866400000003	0.23942787088208628
F-	2.4447367199999999	0.2433129276493089
F-	2.4473868000000003	0.24642329068081847
F-	2.4500368799999999	0.24978009680894522
F-	2.4526869600000003	0.2543314917577858
F-	2.4553370399999999	0.25924336398245756
F-	2.4579871200000003	0.26372629225608579
F-	2.4606371999999999	0.26779805113696903
F-	2.4632872800000003	0.27283282173616219
F-	2.4659373599999999	0.27732156713796086
F-	2.4685874400000003	0.28151234630791849
F-	2.4712375199999999	0.28589730675632724
F-	2.4738876000000003	0.28877475382260004
F-	2.4765376799999999	0.2921039516757592
F-	2.4791877600000003	0.29652607710970119
F-	2.4818378399999999	0.30142432986762474
F-	2.4844879200000003	0.30585037955469768
F-	2.4871379999999998	0.30986036607453299
F-	2.4897880800000003	0.31475118583534989
F-	2.4924381599999998	0.3192195251208681
F-	2.4950882400000003	0.32447276120023971
F-	2.4977383199999998	0.32940176163563561
F-	2.5003884000000003	0.33439059538935589
F-	2.5030384799999998	0.34083463453936214
F-	2.5056885600000003	0.34652701762791749
F-	2.5083386399999998	0.35344718410190523
F-	2.5109887200000003	0.35976869421886126
F-	2.5136387999999998	0.36594893122310679
F-	2.5162888800000003	0.37288050111501586
F-	2.5189389599999998	0.37878714842451555
F-	2.5215890400000003	0.38416845365900448
F-	2.5242391199999998	0.38899209943975799
F-	2.5268892000000003	0.39378993748521574
F-	2.5295392799999998	0.39965951214454987
F-	2.5321893600000003	0.40583240848705648
F-	2.5348394399999998	0.4118119545694221
F-	2.5374895200000003	0.41624100515594797
F-	2.5401395999999998	0.42222267495177268
F-	2.5427896800000003	0.42813223082535751
F-	2.5454397599999998	0.4330233275922778
F-	2.5480898400000003	0.43875292183405024
F-	2.5507399199999998	0.44470832221774026
F-	2.5533900000000003	0.45136325534776656
F-	2.5560400799999998	0.45869796145542352
F-	2.5586901600000003	0.46457750833447842
F-	2.5613402399999998	0.47083678441354754
F-	2.5639903200000003	0.4765466650542981
F-	2.5666403999999998	0.48157400265638461
F-	2.5692904800000003	0.48776005678880052
F-	2.5719405599999998	0.49257548472182133
F-	2.5745906400000003	0.49797798092321671
F-	2.5772407199999998	0.50391496040103367
F-	2.5798908000000003	0.50883925173267242
F-	2.5825408799999998	0.51534474006993936
F-	2.5851909600000003	0.52258387907193904
F-	2.5878410399999998	0.52885178850789627
F-	2.5904911200000003	0.53503368754876179
F-	2.5931411999999998	0.54299322709021736
F-	2.5957912800000003	0.54967396795553958
F-	2.5984413599999998	0.55552632206878183
F-	2.6010914400000003	0.56424564318405335
F-	2.6037415199999998	0.57268477262578221
F-	2.6063916000000003	0.5791431237577952
F-	2.6090416799999998	0.58614426834933009
F-	2.6116917600000003	0.5914150019808968
F-	2.6143418399999998	0.59785553238692724
F-	2.6169919200000002	0.60576114807359671
F-	2.6196419999999998	0.61257134312455286
F-	2.6222920800000002	0.61968772225508295
F-	2.6249421599999998	0.6259678199595875
F-	2.6275922400000002	0.63282478287432675
F-	2.6302423199999998	0.640339773787583
F-	2.6328924000000002	0.64765795186440656
F-	2.6355424799999998	0.65621887165624337
F-	2.6381925600000002	0.66465610822293275
F-	2.6408426399999998	0.67026672834331491
F-	2.6434927200000002	0.67734451129011108
F-	2.6461427999999998	0.68604859706969801
F-	2.6487928800000002	0.69238003323869113
F-	2.6514429599999998	0.6979974400086052
F-	2.6540930400000002	0.70430329928072177
F-	2.6567431199999998	0.71051982408450665
F-	2.6593932000000002	0.71656257372612076
F-	2.6620432799999998	0.72510054817906333
F-	2.6646933600000002	0.73314097350269836
F-	2.6673434399999998	0.74320151200272544
F-	2.6699935200000002	0.75165047516112349
F-	2.6726435999999998	0.75901320505290293
F-	2.6752936800000002	0.76789605210452105
F-	2.6779437599999998	0.77619580130857924
F-	2.6805938400000002	0.78469310203201248
F-	2.6832439199999998	0.79287867855380489
F-	2.6858940000000002	0.80183862563752306
F-	2.6885440799999998	0.80890435881882339
F-	2.6911941600000002	0.81596787595129683
F-	2.6938442399999998	0.82185310145547041
F-	2.6964943200000002	0.82970876370816815
F-	2.6991443999999998	0.83635474030751955
F-	2.7017944800000002	0.8402836102067559
F-	2.7044445599999998	0.84655659808794115
F-	2.7070946400000002	0.85270262483842241
F-	2.7097447199999998	0.86087822914049417
F-	2.7123948000000002	0.86969593359014008
F-	2.7150448799999998	0.87887217627289393
F-	2.7176949600000002	0.88650069352085059
F-	2.7203450399999998	0.89487994347655708
F-	2.7229951200000002	0.90103067933080538
F-	2.7256451999999998	0.90898098533546845
F-	2.7282952800000002	0.91839665362689815
F-	2.7309453599999998	0.92622923203763641
F-	2.7335954400000002	0.93409731339731261
F-	2.7362455199999998	0.94227351787926161
F-	2.7388956000000002	0.95225534047826421
F-	2.7415456799999998	0.95908861937115408
F-	2.7441957600000002	0.96673504968046453
F-	2.7468458400000002	0.97433244990945644
F-	2.7494959200000002	0.98143627142998102
F-	2.7521460000000002	0.98676808490732526
F-	2.7547960800000002	0.99432024080612891
F-	2.7574461600000002	1.0041278265660989
F-	2.7600962400000002	1.0098885839945135
F-	2.7627463200000002	1.0180091564173743
F-	2.7653964000000002	1.0255593732734558
F-	2.7680464800000002	1.0321379450543131
F-	2.7706965600000002	1.0384295846798068
F-	2.7733466400000002	1.045041628031472
F-	2.7759967200000002	1.0505645757201678
F-	2.7786468000000002	1.0587625251812178
F-	2.7812968800000002	1.0658441862134866
F-	2.7839469600000002	1.0718669914156331
F-	2.7865970400000002	1.0783299593160611
F-	2.7892471200000002	1.0848338317843655
F-	2.7918972000000002	1.0906811074524061
F-	2.7945472800000002	1.0971661896733662
F-	2.7971973600000002	1.1033569990772494
F-	2.7998474400000002	1.1083189632389174
F-	2.8024975200000002	1.1131699864562461
F-	2.8051476000000002	1.1201476316966528
F-	2.8077976800000002	1.129575534424331
F-	2.8104477600000002	1.1357281169858977
F-	2.8130978400000002	1.1381901472325353
F-	2.8157479200000002	1.1466621018974839
F-	2.8183980000000002	1.152861729328992
F-	2.8210480800000002	1.1617632742925583
F-	2.8236981600000002	1.1691473336543241
F-	2.8263482400000002	1.1741597590944846
F-	2.8289983200000002	1.1816521740103461
F-	2.8316484000000002	1.1896870592118853
F-	2.8342984800000002	1.1962828515388744
F-	2.8369485600000002	1.2019774968439114
F-	2.8395986400000002	1.2089719471213112
F-	2.8422487200000002	1.2144814138462561
F-	2.8448988000000002	1.2210452581359923
F-	2.8475488800000002	1.2262681620470173
F-	2.8501989600000002	1.2303885354990691
F-	2.8528490400000002	1.234832867588934
F-	2.8554991200000002	1.2419086191576689
F-	2.8581492000000002	1.2482009512983752
F-	2.8607992800000002	1.2526643044740635
F-	2.8634493600000002	1.2570489879163393
F-	2.8660994400000002	1.2620369444840962
F-	2.8687495200000002	1.2687352752369505
F-	2.8713996000000002	1.2726202396688362
F-	2.8740496800000002	1.2797595179705461
F-	2.8766997600000002	1.2844363043488682
F-	2.8793498400000002	1.2895840472705151
F-	2.8819999200000002	1.2944603242109369
F-	2.8846500000000002	1.2996813814146047
F-	2.8873000800000002	1.3018990922780869
F-	2.8899501600000002	1.3039255304271409
F-	2.8926002400000002	1.3074893524498719
F-	2.8952503200000002	1.3087679202875537
F-	2.8979004000000002	1.3123324348255434
F-	2.9005504800000002	1.3143004246867895
F-	2.9032005600000002	1.3190017261052605
F-	2.9058506400000002	1.3231791628145411
F-	2.9085007200000002	1.3272816693729288
F-	2.9111508000000001	1.3302141021506855
F-	2.9138008800000001	1.3357177055798375
F-	2.9164509600000001	1.3416797541099754
F-	2.9191010400000001	1.3461452771668085
F-	2.9217511200000001	1.3489838048755283
F-	2.9244012000000001	1.3537613753077899
F-	2.9270512800000001	1.3596079122928297
F-	2.9297013600000001	1.3623753417684197
F-	2.9323514400000001	1.3620026300563244
F-	2.9350015200000001	1.3614294582608342
F-	2.9376516000000001	1.3641759737755557
F-	2.9403016800000001	1.3633266268950213
F-	2.9429517600000001	1.3644241712441603
F-	2.9456018400000001	1.3659657563770418
F-	2.9482519200000001	1.3670673634823631
F-	2.9509020000000001	1.3710281814188865
F-	2.9535520800000001	1.3744256151088055
F-	2.9562021600000001	1.3771717151144376
F-	2.9588522400000001	1.3804276448532264
F-	2.9615023200000001	1.3830865341039862
F-	2.9641524000000001	1.3851512452629853
F-	2.9668024800000001	1.385708304536863
F-	2.9694525600000001	1.3855011501392047
F-	2.9721026400000001	1.3865385841639823
F-	2.9747527200000001	1.3860532694708732
F-	2.9774028000000001	1.3861936192299389
F-	2.9800528800000001	1.3841856943220607
F-	2.9827029600000001	1.3818897292344445
F-	2.9853530400000001	1.3776346846484757
F-	2.9880031200000001	1.3776108621236212
F-	2.9906532000000001	1.375777451060856
F-	2.9933032800000001	1.3729410008979133
F-	2.9959533600000001	1.3718199571976064
F-	2.9986034400000001	1.3724623343513178
F-	3.0012535200000001	1.3721146455238913
F-	3.0039036000000001	1.374692279651001
F-	3.0065536800000001	1.3765668722877318
F-	3.0092037600000001	1.3779003335016273
F-	3.0118538400000001	1.3810901972847662
F-	3.0145039200000001	1.3811930588845112
F-	3.0171540000000001	1.3803543305712065
F-	3.0198040800000001	1.3801733994180654
F-	3.0224541600000001	1.3800254781588406
F-	3.0251042400000001	1.3824425410813723
F-	3.0277543200000001	1.3812907497035936
F-	3.0304044000000001	1.3809330886565125
F-	3.0330544800000001	1.3801392353319515
F-	3.0357045600000001	1.3786243351204253
F-	3.0383546400000001	1.3739652309650314
F-	3.0410047200000001	1.3719777583411832
F-	3.0436548000000001	1.3657842712116282
F-	3.0463048800000001	1.3601667259386956
F-	3.0489549600000001	1.3571638412752545
F-	3.0516050400000001	1.3539423526286485
F-	3.0542551200000001	1.3486279443680873
F-	3.0569052000000001	1.3456802762546467
F-	3.0595552800000001	1.3408511365194773
F-	3.0622053600000001	1.3384892439792626
F-	3.0648554400000001	1.3336595040642027
F-	3.0675055200000001	1.3273168029803726
F-	3.0701556000000001	1.3231560789725965
F-	3.0728056800000001	1.3185878789868513
F-	3.0754557600000001	1.3142277567523446
F-	3.0781058400000001	1.3131835822457838
F-	3.0807559200000001	1.3077016776280619
F-	3.0834060000000001	1.3042029058719984
F-	3.0860560800000001	1.3015714402254726
F-	3.0887061600000001	1.2977679617557183
F-	3.0913562400000001	1.2925081236975182
F-	3.0940063200000001	1.2907520435053375
F-	3.0966564000000001	1.285693542716593
F-	3.0993064800000001	1.2816161975459901
F-	3.1019565600000001	1.2794872209709485
F-	3.1046066400000001	1.2748544323954363
F-	3.1072567200000001	1.2697325895443918
F-	3.1099068000000001	1.2656336840654103
F-	3.1125568800000001	1.2605376489496614
F-	3.1152069600000001	1.2573451997762217
F-	3.1178570400000001	1.2477548329689232
F-	3.1205071200000001	1.2433453574803983
F-	3.1231572000000001	1.2395137628910931
F-	3.1258072800000001	1.2343553552344662
F-	3.1284573600000001	1.2306890871211795
F-	3.1311074400000001	1.2261833981794217
F-	3.1337575200000001	1.2172202193578017
F-	3.1364076000000001	1.2124157331658929
F-	3.1390576800000001	1.2072372425667137
F-	3.1417077600000001	1.2023545483182907
F-	3.1443578400000001	1.1945240474532852
F-	3.1470079200000001	1.1902738043065035
F-	3.1496580000000001	1.1845687251048496
F-	3.1523080800000001	1.178892039028846
F-	3.1549581600000001	1.1724080186645609
F-	3.1576082400000001	1.1660885399257241
F-	3.1602583200000001	1.1579763700212924
F-	3.1629084000000001	1.1510974774567322
F-	3.1655584800000001	1.1425568714457797
F-	3.1682085600000001	1.1364009186432891
F-	3.1708586400000001	1.128492117386404
F-	3.1735087200000001	1.1247526273265216
F-	3.1761588000000001	1.1181529569140871
F-	3.1788088800000001	1.1118659802247095
F-	3.1814589600000001	1.1050943813574605
F-	3.1841090400000001	1.0980783246040546
F-	3.1867591200000001	1.0891488943593628
F-	3.1894092000000001	1.0837974596163784
F-	3.1920592800000001	1.0754697789635392
F-	3.1947093600000001	1.0699580038543965
F-	3.1973594400000001	1.0616862784344356
F-	3.2000095200000001	1.0569557990398026
F-	3.2026596000000001	1.0507156825495232
F-	3.20530968	1.042671609978886
F-	3.20795976	1.0339474412567804
F-	3.21060984	1.0264831424604628
F-	3.21325992	1.0171347404844497
F-	3.21591	1.0111743078232402
F-	3.21856008	1.0049559363120752
F-	3.22121016	1.0009315916425738
F-	3.22386024	0.99439184688383464
F-	3.22651032	0.98801825961947165
F-	3.2291604	0.98072593544560427
F-	3.23181048	0.97329109163160843
F-	3.23446056	0.96565740360304164
F-	3.23711064	0.95853520734436382
F-	3.23976072	0.94823796712899733
F-	3.2424108	0.93863458103489461
F-	3.24506088	0.92990584171208646
F-	3.24771096	0.92266804157294202
F-	3.25036104	0.91330135719410988
F-	3.25301112	0.90570030971810045
F-	3.2556612	0.89597379441101221
F-	3.25831128	0.88633444369115633
F-	3.26096136	0.87892891635638692
F-	3.26361144	0.87185865874208668
F-	3.26626152	0.86431952213013308
F-	3.2689116	0.85883503212216616
F-	3.27156168	0.85293978823056693
F-	3.27421176	0.84482475592978268
F-	3.27686184	0.83751655007265957
F-	3.27951192	0.83153663464884287
F-	3.282162	0.82563197254973086
F-	3.28481208	0.81779431569377059
F-	3.28746216	0.80938658027706833
F-	3.29011224	0.8022603212622047
F-	3.29276232	0.79377290042310522
F-	3.2954124	0.78671464640661493
F-	3.29806248	0.78103048116577334
F-	3.30071256	0.7744571725008873
F-	3.30336264	0.7669180820566206
F-	3.30601272	0.75945313691272198
F-	3.3086628	0.75173103776950667
F-	3.31131288	0.74355201705884499
F-	3.31396296	0.73611957396437022
F-	3.31661304	0.72764355654322865
F-	3.31926312	0.71932321655213727
F-	3.3219132	0.71062333203180184
F-	3.32456328	0.70126915909531007
F-	3.32721336	0.69215861302675208
F-	3.32986344	0.68497875333085301
F-	3.33251352	0.67755083466943411
F-	3.3351636	0.66876286220819825
F-	3.33781368	0.65939585465561756
F-	3.34046376	0.65174757763894775
F-	3.34311384	0.64662485760195576
F-	3.34576392	0.63863932565445314
F-	3.348414	0.63219551734288193
F-	3.35106408	0.62550291138278424
F-	3.35371416	0.61943984796027274
F-	3.35636424	0.61230606361290052
F-	3.35901432	0.60622305575094693
F-	3.3616644	0.60009997433934592
F-	3.36431448	0.59211347287051164
F-	3.36696456	0.58513596613311547
F-	3.36961464	0.57805721366497176
F-	3.37226472	0.57040552023969626
F-	3.3749148	0.56256176924945633
F-	3.37756488	0.55505005624174253
F-	3.38021496	0.54789027948836699
F-	3.38286504	0.54026527098438193
F-	3.38551512	0.53213246412529147
F-	3.3881652	0.52509895598733503
F-	3.39081528	0.51817121801320176
F-	3.39346536	0.51132039540040719
F-	3.39611544	0.50574287750938807
F-	3.39876552	0.49817170052482657
F-	3.4014156	0.49360133065791212
F-	3.40406568	0.48682142160758152
F-	3.40671576	0.48161282967853969
F-	3.40936584	0.47512756278681034
F-	3.41201592	0.46960793917138605
F-	3.414666	0.46247156943372381
F-	3.41731608	0.45553981487108502
F-	3.41996616	0.44916225718587721
F-	3.42261624	0.44225935742567124
F-	3.4252663200000004	0.43680418389694853
F-	3.4279164	0.43107034222826401
F-	3.4305664800000004	0.42527117328686015
F-	3.43321656	0.4197380687077395
F-	3.4358666400000004	0.41359702806711329
F-	3.43851672	0.40718401360068901
F-	3.4411668000000004	0.40144583216970747
F-	3.44381688	0.39474865560892602
F-	3.4464669600000004	0.38825383200663344
F-	3.44911704	0.38267899184127446
F-	3.4517671200000004	0.37580231532550923
F-	3.4544172	0.36995042288910596
F-	3.4570672800000004	0.36312037573407596
F-	3.45971736	0.35696160670284038
F-	3.4623674400000004	0.35102139548715106
F-	3.46501752	0.34615786082751449
F-	3.4676676000000004	0.33955555885712541
F-	3.47031768	0.33416141900651442
F-	3.4729677600000004	0.32920490263151875
F-	3.47561784	0.32474261131259041
F-	3.4782679200000004	0.32052653225185973
F-	3.480918	0.31642107096173511
F-	3.4835680800000004	0.31224945138059279
F-	3.48621816	0.30841300918450865
F-	3.4888682400000004	0.30390690473356652
F-	3.49151832	0.29879775799562286
F-	3.4941684000000004	0.29403865463695072
F-	3.49681848	0.28959944715996855
F-	3.4994685600000004	0.28439113223702417
F-	3.5021186399999999	0.28096267386349649
F-	3.5047687200000004	0.27685596604590679
F-	3.5074187999999999	0.27137447693737154
F-	3.5100688800000004	0.26643471943162883
F-	3.5127189599999999	0.26233849167828266
F-	3.5153690400000004	0.25838940033350133
F-	3.5180191199999999	0.25421935045361133
F-	3.5206692000000004	0.24958850092079213
F-	3.5233192799999999	0.24597075504330598
F-	3.5259693600000004	0.24243084788086225
F-	3.5286194399999999	0.23798092950121702
F-	3.5312695200000004	0.23395423027981269
F-	3.5339195999999999	0.23085245443750713
F-	3.5365696800000004	0.22642077229299934
F-	3.5392197599999999	0.22277297125329931
F-	3.5418698400000004	0.21897304769517406
F-	3.5445199199999999	0.2150097367037539
F-	3.5471700000000004	0.21118917619092881
F-	3.5498200799999999	0.20779035747046001
F-	3.5524701600000004	0.2034377144007759
F-	3.5551202399999999	0.19999499021292555
F-	3.5577703200000004	0.19558426819690494
F-	3.5604203999999999	0.19029202042464427
F-	3.5630704800000004	0.18638678837956069
F-	3.5657205599999999	0.18286673332119063
F-	3.5683706400000004	0.1787289084846575
F-	3.5710207199999999	0.17602888382758289
F-	3.5736708000000004	0.17259788623144118
F-	3.5763208799999999	0.16836153955748184
F-	3.5789709600000004	0.16541881138618536
F-	3.5816210399999999	0.1623709132309821
F-	3.5842711200000004	0.15943349434333318
F-	3.5869211999999999	0.15645410903102616
F-	3.5895712800000004	0.15290501449948787
F-	3.5922213599999999	0.15015392838402836
F-	3.5948714400000004	0.1471075075947097
F-	3.5975215199999999	0.14418384667686071
F-	3.6001716000000004	0.14142223432947376
F-	3.6028216799999999	0.13842632098633328
F-	3.6054717600000004	0.13558008327437171
F-	3.6081218399999999	0.13320877252661043
F-	3.6107719200000004	0.1300989173396237
F-	3.6134219999999999	0.12657022892436584
F-	3.6160720800000004	0.12364693734798798
F-	3.6187221599999999	0.12062858651047584
F-	3.6213722400000004	0.11844379320563954
F-	3.6240223199999999	0.1165959316578494
F-	3.6266724000000004	0.11407988522108571
F-	3.6293224799999999	0.11201046495829632
F-	3.6319725600000003	0.11109980739352028
F-	3.6346226399999999	0.10895790386701995
F-	3.6372727200000003	0.10683525226470272
F-	3.6399227999999999	0.10491689266360901
F-	3.6425728800000003	0.10282323436677618
F-	3.6452229599999999	0.1004812862659704
F-	3.6478730400000003	0.099101103356009482
F-	3.6505231199999999	0.097585741467611828
F-	3.6531732000000003	0.096305234587174438
F-	3.6558232799999999	0.093555949011386724
F-	3.6584733600000003	0.091710165009371736
F-	3.6611234399999999	0.08953118883270586
F-	3.6637735200000003	0.086715606462848788
F-	3.6664235999999999	0.084775732721061273
F-	3.6690736800000003	0.082968129393625217
F-	3.6717237599999999	0.080937489985305394
F-	3.6743738400000003	0.079582376127697987
F-	3.6770239199999999	0.077422236366060201
F-	3.6796740000000003	0.075882405605199627
F-	3.6823240799999999	0.073571851529440638
F-	3.6849741600000003	0.071823250502018987
F-	3.6876242399999999	0.069699675546023923
F-	3.6902743200000003	0.067858185138610916
F-	3.6929243999999999	0.065880453896031685
F-	3.6955744800000003	0.064203181940223661
F-	3.6982245599999999	0.062381682139936043
F-	3.7008746400000003	0.0613667779449307
F-	3.7035247199999999	0.059760650390001405
F-	3.7061748000000003	0.058617400033775455
F-	3.7088248799999999	0.056558090493759143
F-	3.7114749600000003	0.055475458306483767
F-	3.7141250399999999	0.054219420298509874
F-	3.7167751200000003	0.052730928002137113
F-	3.7194251999999999	0.051901063884173211
F-	3.7220752800000003	0.05088218926835314
F-	3.7247253599999999	0.049039359998107768
F-	3.7273754399999999	0.047842555128566625
F-	3.7300255199999999	0.046610478148532669
F-	3.7326755999999999	0.045702821483209824
F-	3.7353256799999999	0.044044662948532515
F-	3.7379757599999999	0.043494713498007417
F-	3.7406258399999999	0.042500261586966175
F-	3.7432759199999999	0.041825751725299579
F-	3.7459259999999999	0.041536926694868692
F-	3.7485760799999999	0.040819619390233902
F-	3.7512261599999999	0.039966255921167676
F-	3.7538762399999999	0.03948855889593398
F-	3.7565263199999999	0.038461835773852857
F-	3.7591764000000003	0.037158198883785284
F-	3.7618264800000003	0.03592081262010352
F-	3.7644765600000003	0.035249857670096266
F-	3.7671266400000003	0.034386106472155148
F-	3.7697767200000003	0.033525725515137793
F-	3.7724268000000003	0.032565345354810066
F-	3.7750768800000003	0.031806764140775302
F-	3.7777269600000003	0.030687705650909673
F-	3.7803770400000003	0.03000820967938244
F-	3.7830271200000003	0.029567769975050093
F-	3.7856772000000003	0.028718700100586414
F-	3.7883272800000003	0.028147836689257164
F-	3.7909773600000003	0.027781126776101114
F-	3.7936274400000003	0.02706839007217076
F-	3.7962775200000003	0.026687229673956394
F-	3.7989276000000003	0.02586733777571204
F-	3.8015776800000003	0.024885905151529612
F-	3.8042277600000003	0.024019984072444617
F-	3.8068778400000003	0.023184118155574689
F-	3.8095279200000003	0.021948855605351231
F-	3.8121780000000003	0.021118068133709499
F-	3.8148280800000003	0.020417058021487928
F-	3.8174781600000003	0.019888622711656978
F-	3.8201282400000003	0.019042322898226358
F-	3.8227783200000003	0.018559547427764861
F-	3.8254284000000003	0.017867447678534629
F-	3.8280784800000003	0.017292475343340188
F-	3.8307285600000003	0.016731122474893029
F-	3.8333786400000003	0.016336342609930273
F-	3.8360287200000003	0.016123232581082884
F-	3.8386788000000003	0.015715433429262415
F-	3.8413288800000003	0.015469405841799809
F-	3.8439789600000003	0.014949373050437075
F-	3.8466290400000003	0.014511426401034137
F-	3.8492791200000003	0.014342221839569128
F-	3.8519292000000003	0.013848319957288722
F-	3.8545792800000003	0.013520760240073093
F-	3.8572293600000003	0.01323350491089474
F-	3.8598794400000003	0.013172886741944443
F-	3.8625295200000003	0.012959592042361622
F-	3.8651796000000003	0.012588680869971024
F-	3.8678296800000003	0.012412320317502046
F-	3.8704797600000003	0.012027882013730971
F-	3.8731298400000003	0.011702353674605889
F-	3.8757799200000003	0.011510249941930197
F-	3.8784300000000003	0.01103970890769939
F-	3.8810800800000003	0.01075785519753702
F-	3.8837301600000003	0.01049363754262099
F-	3.8863802400000003	0.010274848888655519
F-	3.8890303200000003	0.0099005213076563351
F-	3.8916804000000003	0.0095024173694531078
F-	3.8943304800000003	0.0091408782368921151
F-	3.8969805600000003	0.0088850631004450033
F-	3.8996306400000003	0.0087394963931322865
F-	3.9022807200000003	0.008611150231911828
F-	3.9049308000000003	0.0082196021048208806
F-	3.9075808800000003	0.0078718209420602647
F-	3.9102309600000003	0.0078318397278093008
F-	3.9128810400000003	0.0076226077844094853
F-	3.9155311200000003	0.0072793972223538124
F-	3.9181812000000003	0.006986093926586048
F-	3.9208312800000003	0.006586097113342796
F-	3.9234813600000003	0.0062200797154446357
F-	3.9261314400000003	0.0059903954880801717
F-	3.9287815200000002	0.005733934004058517
F-	3.9314316000000002	0.0055210548136308763
F-	3.9340816800000002	0.0054483868791845164
F-	3.9367317600000002	0.0052423405059729665
F-	3.9393818400000002	0.0050975124816028984
F-	3.9420319200000002	0.0048051787071966131
F-	3.9446820000000002	0.0046212928222536497
F-	3.9473320800000002	0.0045825581354678622
F-	3.9499821600000002	0.0043899465582692455
F-	3.9526322400000002	0.0043238344349353069
F-	3.9552823200000002	0.0041874089290336192
F-	3.9579324000000002	0.00405652354519879
F-	3.9605824800000002	0.004013679934546808
F-	3.9632325600000002	0.0040721282223543584
F-	3.9658826400000002	0.0039931814828985729
F-	3.9685327200000002	0.0039459981099605043
F-	3.9711828000000002	0.0038953059930468127
F-	3.9738328800000002	0.0037568952767375505
F-	3.9764829600000002	0.0038247156043754631
F-	3.9791330400000002	0.0037109122635808076
F-	3.9817831200000002	0.0036259175575351268
F-	3.9844332000000002	0.0036368592986175076
F-	3.9870832800000002	0.0035554195042315257
F-	3.9897333600000002	0.0034413853250174244
F-	3.9923834400000002	0.0032848307089386286
F-	3.9950335200000002	0.0031293841172731251
F-	3.9976836000000002	0.00293672637239054
F-	4.0003336800000007	0.0027317880235924589
F-	4.0029837600000002	0.0025129993696268137
F-	4.0056338399999998	0.0024128616632642852
F-	4.0082839200000002	0.0023664169732686736
F-	4.0109340000000007	0.0023070453317830678
F-	4.0135840800000002	0.0021991976222106766
F-	4.0162341599999998	0.0020543695978404099
F-	4.0188842400000002	0.0019595411751256544
F-	4.0215343200000007	0.0019587563244994298
F-	4.0241844000000002	0.0019530315316968452
F-	4.0268344799999998	0.0020312395882103947
F-	4.0294845600000002	0.0019478607511009083
F-	4.0321346400000007	0.0019062636679138846
F-	4.0347847200000002	0.0018219614771265618
F-	4.0374347999999998	0.0017653598966745245
F-	4.0400848800000002	0.0017759784639698028
F-	4.0427349600000007	0.0017789331957388703
F-	4.0453850400000002	0.0017480470152149475
F-	4.0480351199999998	0.0017304109599680457
F-	4.0506852000000002	0.0016295807383472495
F-	4.0533352800000007	0.001622055405872766
F-	4.0559853600000002	0.0015737640085214286
F-	4.0586354399999998	0.0015283350075713568
F-	4.0612855200000002	0.0014258889170143292
F-	4.0639356000000006	0.0012673952582119717
F-	4.0665856800000002	0.0011933884609326164
F-	4.0692357599999998	0.0010940356051963079
F-	4.0718858400000002	0.0010525308573771553
F-	4.0745359200000006	0.0010278311464947348
F-	4.0771860000000002	0.00096568944397570802
F-	4.0798360799999998	0.00091227343371226707
F-	4.0824861600000002	0.0008004091356411966
F-	4.0851362400000006	0.00079990129111835761
F-	4.0877863200000002	0.00072612533225844861
F-	4.0904363999999998	0.00074690079000995383
F-	4.0930864800000002	0.000778202479688972
F-	4.0957365600000006	0.00077884882726344271
F-	4.0983866400000002	0.00082173860559942155
F-	4.1010367199999997	0.00077626343696546275
F-	4.1036868000000002	0.00080751895896058338
F-	4.1063368800000006	0.00081070452914913844
F-	4.1089869600000002	0.00076702990018702173
F-	4.1116370399999997	0.00073309665252615196
F-	4.1142871200000002	0.00067857261784933258
F-	4.1169372000000006	0.00068554393811705609
F-	4.1195872800000002	0.00065359590086357794
F-	4.1222373599999997	0.00059505527768810476
F-	4.1248874400000002	0.00056970921923123609
F-	4.1275375200000006	0.00051536985528996266
F-	4.1301876000000002	0.00046984851897214914
F-	4.1328376799999997	0.00043983952444212658
F-	4.1354877600000002	0.00042460418875768144
F-	4.1381378400000006	0.00043434557005894963
F-	4.1407879200000002	0.00038263776409955762
F-	4.1434379999999997	0.00034898152254203758
F-	4.1460880800000002	0.00034658080297964695
F-	4.1487381600000006	0.00036712542231171857
F-	4.1513882400000002	0.00033827061987902376
F-	4.1540383199999997	0.00029159509146388152
F-	4.1566884000000002	0.0002982432379443906
F-	4.1593384800000006	0.00028540862182232433
F-	4.1619885600000002	0.0002570616639124503
F-	4.1646386399999997	0.00027737544482506069
F-	4.1672887200000002	0.00027095813676404
F-	4.1699388000000006	0.00029533467385917654
F-	4.1725888800000002	0.00029607335680145459
F-	4.1752389599999997	0.00029731988426654306
F-	4.1778890400000002	0.00027146598128684549
F-	4.1805391200000006	0.00025189088331649493
F-	4.1831892000000002	0.00023905626719443243
F-	4.1858392799999997	0.0002132485318986198
F-	4.1884893600000002	0.00019556630896786479
F-	4.1911394400000006	0.00017114360418881948
F-	4.1937895200000002	0.00014044209440043011
F-	4.1964395999999997	0.00011925112749384973
F-	4.1990896800000002	0.00013046987467969643
F-	4.2017397600000006	0.00011357250237510441
F-	4.2043898400000002	0.00010757070346910922
F-	4.2070399199999997	0.00010456980401610475
F-	4.2096900000000002	0.00012520675871597963
F-	4.2123400800000006	0.00014492035973800123
F-	4.2149901600000002	0.00013125472530587881
F-	4.2176402399999997	0.00013776436873469284
F-	4.2202903200000002	0.00013637933821792806
F-	4.2229404000000006	0.00016837354315530121
F-	4.2255904800000001	0.00018111582390958241
F-	4.2282405599999997	0.00017022025051099249
F-	4.2308906400000001	0.00016375677476606723
F-	4.2335407200000006	0.0001459360487836259
F-	4.2361908000000001	0.00014178095723332008
F-	4.2388408799999997	0.00012580693860657493
F-	4.2414909600000001	0.00012608394470993054
F-	4.2441410400000006	0.00010969441692815663
F-	4.2467911200000001	0.00011001759071540673
F-	4.2494411999999997	8.3655843212887735e-05
F-	4.2520912800000001	7.1421406981427501e-05
F-	4.2547413600000006	8.1208955966596247e-05
F-	4.2573914400000001	9.3304889146387485e-05
F-	4.2600415199999997	8.7995605498767364e-05
F-	4.2626916000000001	0.00010655501442348436
F-	4.2653416800000006	9.5890279444358026e-05
F-	4.2679917600000001	9.1966026313512262e-05
F-	4.2706418399999997	9.4782255030942817e-05
F-	4.2732919200000001	9.6905968489991568e-05
F-	4.2759420000000006	9.8798843529574856e-05
F-	4.2785920800000001	8.0285602288754536e-05
F-	4.2812421599999997	6.9436196574056936e-05
F-	4.2838922400000001	6.6250626385486351e-05
F-	4.2865423200000006	5.0553613862095191e-05
F-	4.2891924000000001	5.5724394458037005e-05
F-	4.2918424799999997	5.4154693205695032e-05
F-	4.2944925600000001	5.4200860889587519e-05
F-	4.2971426400000006	4.358229359435242e-05
F-	4.2997927200000001	2.2298991319992391e-05
F-	4.3024427999999997	1.052623192744823e-05
F-	4.3050928800000001	2.1006296171006884e-05
F-	4.3077429600000006	1.8236235137463441e-05
F-	4.3103930400000001	1.8005396718001028e-05
F-	4.3130431199999997	1.5466174103922489e-05
F-	4.3156932000000001	2.3360848049510519e-05
F-	4.3183432800000006	2.1514140693817529e-05
F-	4.3209933600000001	3.0563006736714389e-05
F-	4.3236434399999997	2.2437494371665338e-05
F-	4.3262935200000001	2.5207555405206135e-05
F-	4.3289436000000006	2.61309090830541e-05
F-	4.3315936800000001	2.5207555405209235e-05
F-	4.3342437599999997	1.9390427234773573e-05
F-	4.3368938400000001	2.8854802432701468e-05
F-	4.3395439200000006	3.6010793436013081e-05
F-	4.3421940000000001	4.0858400244708423e-05
F-	4.3448440799999997	4.3397622858787501e-05
F-	4.3474941600000001	3.5733787332664775e-05
F-	4.3501442400000006	3.7326992133167533e-05
Cl-	1.6716668649999999	2.4293438808715248e-05
Cl-	1.673904775	2.2189677097445051e-05
Cl-	1.6761426849999999	2.0201253199292742e-05
Cl-	1.6783805950000001	1.8328167114258312e-05
Cl-	1.680618505	1.6570418842341769e-05
Cl-	1.6828564149999998	1.492800838354311e-05
Cl-	1.6850943250000001	1.3400935737862335e-05
Cl-	1.687332235	1.1989200905299443e-05
Cl-	1.6895701449999998	1.0692803885854438e-05
Cl-	1.6918080550000001	9.511744679527316e-06
Cl-	1.6940459649999999	8.4460232863179729e-06
Cl-	1.6962838749999998	0
Cl-	1.6985217850000001	9.1710038259158101e-06
Cl-	1.7007596949999999	1.2070925984308551e-05
Cl-	1.702997605	1.4245867603103151e-05
Cl-	1.705235515	9.4972450687357624e-06
Cl-	1.7074734249999999	1.3665883171425092e-05
Cl-	1.7097113349999999	1.6747050464717218e-05
Cl-	1.711949245	1.8740746948612144e-05
Cl-	1.7141871549999999	1.9646972623109874e-05
Cl-	1.7164250650000001	1.9465727488210397e-05
Cl-	1.718662975	1.8197011543913725e-05
Cl-	1.7209008849999998	1.584082479021985e-05
Cl-	1.7231387950000001	2.2401898673582688e-05
Cl-	1.725376705	2.2039408403783543e-05
Cl-	1.7276146149999998	2.0951937594386255e-05
Cl-	1.7298525250000001	1.9139486245390819e-05
Cl-	1.7320904349999999	1.6602054356797239e-05
Cl-	1.7343283449999998	7.1410583150410606e-06
Cl-	1.7365662550000001	6.5973229103425509e-06
Cl-	1.7388041649999999	4.9661166962468061e-06
Cl-	1.741042075	0
Cl-	1.743279985	2.9361711853723285e-06
Cl-	1.7455178949999999	2.1749416187951184e-06
Cl-	1.7477558049999999	9.605992149676445e-06
Cl-	1.749993715	2.8274241044347054e-06
Cl-	1.7522316249999998	1.7327034896397385e-05
Cl-	1.7544695350000001	3.3095361632656642e-05
Cl-	1.756707445	4.0127672866757955e-05
Cl-	1.7589453549999998	5.4264793388921585e-05
Cl-	1.7611832650000001	6.5501991752692646e-05
Cl-	1.763421175	6.7640684344506677e-05
Cl-	1.7656590849999998	7.6521695954583915e-05
Cl-	1.7678969950000001	8.2140295136469513e-05
Cl-	1.7701349049999999	7.8297898276599574e-05
Cl-	1.7723728149999998	8.0835330165192842e-05
Cl-	1.7746107250000001	6.1152108515103858e-05
Cl-	1.7768486349999999	6.0572124083424879e-05
Cl-	1.779086545	4.6326256480319516e-05
Cl-	1.781324455	6.5936980076449563e-05
Cl-	1.7835623649999999	7.3549275742230003e-05
Cl-	1.7858002749999999	6.9163143477660879e-05
Cl-	1.788038185	8.8628870965872252e-05
Cl-	1.7902760949999998	8.4061493566404836e-05
Cl-	1.7925140050000001	8.7505151129495715e-05
Cl-	1.794751915	8.8955112208692524e-05
Cl-	1.7969898249999998	9.2217524636884366e-05
Cl-	1.7992277350000001	0.00010729711986052514
Cl-	1.8014656449999999	8.5946442969358182e-05
Cl-	1.8037035549999998	8.9136357343591805e-05
Cl-	1.8059414650000001	8.9933835937150685e-05
Cl-	1.8081793749999999	0.00011204574239489365
Cl-	1.8104172849999998	0.00012926403021034936
Cl-	1.8126551950000001	0.0001415886993835179
Cl-	1.8148931049999999	0.00013281643485438106
Cl-	1.8171310149999997	0.00011364069958200789
Cl-	1.819368925	0.00010262099538011789
Cl-	1.8216068349999999	0.00013691257490310922
Cl-	1.8238447449999999	0.0001458660845671436
Cl-	1.826082655	0.00018700873018934032
Cl-	1.8283205649999998	0.00020792441875674733
Cl-	1.8305584750000001	0.00022612143030065906
Cl-	1.832796385	0.00025051702545813784
Cl-	1.8350342949999998	0.00023938857417530807
Cl-	1.8372722050000001	0.00027121521986366563
Cl-	1.8395101149999999	0.00028665730535710316
Cl-	1.8417480249999998	0.00030666676825001236
Cl-	1.8439859350000001	0.00032395755411942779
Cl-	1.8462238449999999	0.00033744219215595242
Cl-	1.8484617549999998	0.00034744692360240436
Cl-	1.850699665	0.00038634212955184556
Cl-	1.8529375749999999	0.00039239571705749137
Cl-	1.8551754849999997	0.00042371487636812672
Cl-	1.857413395	0.00046909865814697121
Cl-	1.8596513049999999	0.00047265106279100301
Cl-	1.8618892149999999	0.00046946114841676511
Cl-	1.864127125	0.0004918630470903539
Cl-	1.8663650349999998	0.00053492689114248459
Cl-	1.8686029450000001	0.00058469680518589073
Cl-	1.870840855	0.00063243677371843362
Cl-	1.8730787649999998	0.00070145492108817709
Cl-	1.8753166750000001	0.0007595621113369674
Cl-	1.8775545849999999	0.00083901997847692002
Cl-	1.8797924949999998	0.00089252354229926267
Cl-	1.8820304050000001	0.00094385216450280961
Cl-	1.8842683149999999	0.00093576863148628971
Cl-	1.8865062249999998	0.00098938094238956568
Cl-	1.888744135	0.0010200838682415474
Cl-	1.8909820449999999	0.0010511855333903062
Cl-	1.8932199549999997	0.001045349440046531
Cl-	1.895457865	0.0011120114006625862
Cl-	1.8976957749999999	0.0010901894864206853
Cl-	1.8999336849999999	0.0011217986379471511
Cl-	1.902171595	0.0011553289879035742
Cl-	1.9044095049999998	0.0011309333927461023
Cl-	1.9066474150000001	0.0011941154467720711
Cl-	1.908885325	0.0012613211427928298
Cl-	1.9111232349999998	0.0013270043796804239
Cl-	1.9133611450000001	0.0014182794296158175
Cl-	1.9155990549999999	0.0014615970168568196
Cl-	1.9178369649999998	0.0015725552884423171
Cl-	1.9200748750000001	0.0017002606104925279
Cl-	1.9223127849999999	0.0017711637072652235
Cl-	1.9245506949999998	0.0018016128899283324
Cl-	1.926788605	0.0018763583835609038
Cl-	1.9290265149999999	0.0019210896828541096
Cl-	1.9312644249999997	0.002037666553621469
Cl-	1.933502335	0.0020846090435604611
Cl-	1.9357402449999999	0.0020837028178859675
Cl-	1.9379781549999997	0.0022147068013913282
Cl-	1.940216065	0.0023431733530081319
Cl-	1.9424539749999998	0.002408494099625927
Cl-	1.9446918850000001	0.0025333719975716828
Cl-	1.946929795	0.0027137834048506985
Cl-	1.9491677049999998	0.0028729891313464531
Cl-	1.9514056150000001	0.0029947133639449583
Cl-	1.9536435249999999	0.0031070128495287305
Cl-	1.9558814349999998	0.0030711263128186338
Cl-	1.9581193450000001	0.0030605053479135251
Cl-	1.9603572549999999	0.003199991603732218
Cl-	1.9625951649999998	0.0033013801321949846
Cl-	1.964833075	0.0033843904039789789
Cl-	1.9670709849999999	0.0034157458123166007
Cl-	1.9693088949999997	0.0036721714291724273
Cl-	1.971546805	0.0038232211245977214
Cl-	1.9737847149999999	0.0039839855592536067
Cl-	1.9760226249999997	0.0040652196287155381
Cl-	1.978260535	0.0041344915192741338
Cl-	1.9804984449999998	0.0043439021481371087
Cl-	1.9827363550000001	0.0045009691820409974
Cl-	1.984974265	0.004722740729104143
Cl-	1.9872121749999998	0.0049371537236902428
Cl-	1.9894500850000001	0.0051829583756409555
Cl-	1.9916879949999999	0.0054516361636161104
Cl-	1.9939259049999998	0.0056464021855791042
Cl-	1.9961638150000001	0.0058302210013941834
Cl-	1.9984017249999999	0.005948392829348787
Cl-	2.0006396349999997	0.0059406717866020116
Cl-	2.0028775449999996	0.0062021360182080414
Cl-	2.0051154549999999	0.0064766136504999768
Cl-	2.0073533650000002	0.0065577389728809256
Cl-	2.009591275	0.0069288927601282892
Cl-	2.0118291849999999	0.0073321631852796649
Cl-	2.0140670949999997	0.0078206913218877971
Cl-	2.016305005	0.0079788458266011088
Cl-	2.0185429149999998	0.0082604645172081187
Cl-	2.0207808250000001	0.0085753960636094657
Cl-	2.023018735	0.008968371765098751
Cl-	2.0252566449999998	0.0092275160589780515
Cl-	2.0274945549999996	0.0095143546094699511
Cl-	2.0297324649999999	0.0099590576724596196
Cl-	2.0319703750000002	0.010370774120897243
Cl-	2.0342082850000001	0.010745226569599647
Cl-	2.0364461949999999	0.011120911485219591
Cl-	2.0386841049999997	0.011454112541218723
Cl-	2.0409220149999996	0.011836394779748786
Cl-	2.0431599249999999	0.012254672302070141
Cl-	2.0453978350000002	0.012764587364596312
Cl-	2.047635745	0.013343955562816343
Cl-	2.0498736549999999	0.01372308413599911
Cl-	2.0521115649999997	0.014194103992575828
Cl-	2.054349475	0.014863152283543976
Cl-	2.0565873849999998	0.015310719019665023
Cl-	2.0588252950000001	0.015831508790285252
Cl-	2.061063205	0.016558301781232604
Cl-	2.0633011149999998	0.017225465122797726
Cl-	2.0655390249999996	0.017914740370820453
Cl-	2.0677769349999999	0.018507049471672414
Cl-	2.0700148450000002	0.018984122915754686
Cl-	2.0722527550000001	0.019556422553713405
Cl-	2.0744906649999999	0.02007442114925664
Cl-	2.0767285749999997	0.020935190543921199
Cl-	2.0789664849999996	0.021752062366913346
Cl-	2.0812043949999999	0.022566795497314083
Cl-	2.0834423050000002	0.023236387523686588
Cl-	2.085680215	0.02417578105787116
Cl-	2.0879181249999998	0.024769540119801908
Cl-	2.0901560349999997	0.025553679071430958
Cl-	2.092393945	0.02621268638192566
Cl-	2.0946318549999998	0.026629948931491565
Cl-	2.0968697650000001	0.027276051588381284
Cl-	2.099107675	0.028253252857705993
Cl-	2.1013455849999998	0.02872891258973622
Cl-	2.1035834949999996	0.029577321066200576
Cl-	2.1058214049999999	0.030622888000409521
Cl-	2.1080593150000002	0.031358924493236059
Cl-	2.1102972250000001	0.032320284937770088
Cl-	2.1125351349999999	0.033233397927394541
Cl-	2.1147730449999997	0.034628006742391991
Cl-	2.1170109549999996	0.035864859791973319
Cl-	2.1192488649999999	0.037093013075080172
Cl-	2.1214867750000002	0.038277703774836885
Cl-	2.123724685	0.03975637408340172
Cl-	2.1259625949999998	0.040665100940760771
Cl-	2.1282005049999997	0.042033574207305704
Cl-	2.130438415	0.043495896204702136
Cl-	2.1326763249999998	0.044402158128227065
Cl-	2.1349142350000001	0.045779693651517281
Cl-	2.1371521449999999	0.046849076196452163
Cl-	2.1393900549999998	0.047894570632606465
Cl-	2.1416279649999996	0.049222553736014765
Cl-	2.1438658749999999	0.050123269558412287
Cl-	2.1461037850000002	0.051206607978732999
Cl-	2.1483416950000001	0.052587985898883145
Cl-	2.1505796049999999	0.053399130375613481
Cl-	2.1528175149999997	0.054980530426638002
Cl-	2.1550554249999996	0.056843839160486014
Cl-	2.1572933349999999	0.058834925714439282
Cl-	2.1595312450000002	0.060428324193394112
Cl-	2.161769155	0.06195197954444133
Cl-	2.1640070649999998	0.063958363187778852
Cl-	2.1662449749999997	0.06557285860043606
Cl-	2.168482885	0.067745915269827511
Cl-	2.1707207949999998	0.069279611601347796
Cl-	2.1729587050000001	0.071571528830206066
Cl-	2.1751966149999999	0.07381527110220934
Cl-	2.1774345249999998	0.075394242468426881
Cl-	2.1796724349999996	0.077458080819527028
Cl-	2.1819103449999999	0.079329364339310912
Cl-	2.1841482550000002	0.080652381326024203
Cl-	2.186386165	0.082933097605545708
Cl-	2.1886240749999999	0.084776360627475289
Cl-	2.1908619849999997	0.087380889465007175
Cl-	2.1930998949999996	0.088917521967712146
Cl-	2.1953378049999999	0.091032326450748352
Cl-	2.1975757150000002	0.093943087068206366
Cl-	2.199813625	0.096525612746364023
Cl-	2.2020515349999998	0.098836089477035774
Cl-	2.2042894449999997	0.10118132902458044
Cl-	2.2065273549999995	0.10423929694060537
Cl-	2.2087652649999998	0.1075562641544022
Cl-	2.2110031750000001	0.10984607893969539
Cl-	2.2132410849999999	0.11275549834315825
Cl-	2.2154789949999998	0.1156121754123634
Cl-	2.2177169049999996	0.1185197461154473
Cl-	2.2199548149999999	0.12163444375869595
Cl-	2.2221927250000002	0.12354962485015317
Cl-	2.224430635	0.12643464865845652
Cl-	2.2266685449999999	0.12914205223456068
Cl-	2.2289064549999997	0.13148924922956332
Cl-	2.2311443649999996	0.13478127711279597
Cl-	2.2333822749999999	0.13782242548030438
Cl-	2.2356201850000001	0.14076972511695757
Cl-	2.237858095	0.14366616736876173
Cl-	2.2400960049999998	0.14726294082181537
Cl-	2.2423339149999997	0.15004603236624967
Cl-	2.2445718249999995	0.15321281986126828
Cl-	2.2468097349999998	0.15644137569826122
Cl-	2.2490476450000001	0.15954929477346375
Cl-	2.2512855549999999	0.16271706099221306
Cl-	2.2535234649999998	0.16652418754883122
Cl-	2.2557613749999996	0.17030662851807457
Cl-	2.2579992849999999	0.17426861091795162
Cl-	2.2602371950000002	0.17739820691128985
Cl-	2.262475105	0.1812690955063655
Cl-	2.2647130149999999	0.18572620336576351
Cl-	2.2669509249999997	0.18871352192820418
Cl-	2.2691888349999996	0.19316544617673928
Cl-	2.2714267449999999	0.19714305190724757
Cl-	2.2736646550000001	0.20100621945957409
Cl-	2.275902565	0.2059516017123913
Cl-	2.2781404749999998	0.21051459297959407
Cl-	2.2803783849999997	0.21474557940868594
Cl-	2.2826162949999995	0.21928142015468172
Cl-	2.2848542049999998	0.22333971621924506
Cl-	2.2870921150000001	0.22723507290753175
Cl-	2.2893300249999999	0.23278501643232047
Cl-	2.2915679349999998	0.23745200615792891
Cl-	2.2938058449999996	0.24204305417201222
Cl-	2.2960437549999999	0.24584945574809161
Cl-	2.2982816650000002	0.25136858759994557
Cl-	2.300519575	0.25625064280262555
Cl-	2.3027574849999999	0.26072511394594827
Cl-	2.3049953949999997	0.26610196836690436
Cl-	2.3072333049999996	0.27222004289154295
Cl-	2.3094712149999999	0.27856257139124846
Cl-	2.3117091250000001	0.28343614432161185
Cl-	2.313947035	0.28873586081315872
Cl-	2.3161849449999998	0.29436660341908127
Cl-	2.3184228549999997	0.29892828972130953
Cl-	2.3206607649999995	0.30598840395910509
Cl-	2.3228986749999998	0.31125582256761042
Cl-	2.3251365850000001	0.31758700512186555
Cl-	2.3273744949999999	0.3234361843643746
Cl-	2.3296124049999998	0.3290473162467013
Cl-	2.3318503149999996	0.33552218994390204
Cl-	2.3340882249999999	0.3423581764478813
Cl-	2.3363261350000002	0.34859793895609614
Cl-	2.338564045	0.35439879824563553
Cl-	2.3408019549999999	0.35932166985270103
Cl-	2.3430398649999997	0.36755074271254412
Cl-	2.3452777749999996	0.37342406380701332
Cl-	2.3475156849999999	0.38036484624799699
Cl-	2.3497535950000001	0.38702759865203284
Cl-	2.351991505	0.39410358996365025
Cl-	2.3542294149999998	0.4017137831858642
Cl-	2.3564673249999997	0.40853632130082806
Cl-	2.3587052349999995	0.41512545193107364
Cl-	2.3609431449999998	0.42270577595505898
Cl-	2.3631810550000001	0.42998755299283481
Cl-	2.3654189649999999	0.43754214020766913
Cl-	2.3676568749999998	0.44369599252193886
Cl-	2.3698947849999996	0.45037991435773145
Cl-	2.3721326949999999	0.4571350655315457
Cl-	2.3743706050000002	0.46370802909575992
Cl-	2.376608515	0.46995565764282637
Cl-	2.3788464249999999	0.47704734478312832
Cl-	2.3810843349999997	0.48397848498292889
Cl-	2.3833222449999996	0.49027552095376509
Cl-	2.3855601549999998	0.4972211607643659
Cl-	2.3877980650000001	0.50488416881888354
Cl-	2.390035975	0.51132674463305539
Cl-	2.3922738849999998	0.51923548484147575
Cl-	2.3945117949999997	0.52575650355001891
Cl-	2.3967497049999995	0.53416471910119745
Cl-	2.3989876149999998	0.54300331934970947
Cl-	2.4012255250000001	0.55160662716409137
Cl-	2.4034634349999999	0.55973887887287899
Cl-	2.4057013449999998	0.56875060447424464
Cl-	2.4079392549999996	0.57714377667921923
Cl-	2.4101771649999999	0.58426123687769793
Cl-	2.4124150750000002	0.59319774574808348
Cl-	2.414652985	0.60214563681293687
Cl-	2.4168908949999999	0.61162617108024331
Cl-	2.4191288049999997	0.61891146427363741
Cl-	2.4213667149999996	0.62651408144920728
Cl-	2.4236046249999998	0.63585241078367294
Cl-	2.4258425350000001	0.64411646395454247
Cl-	2.428080445	0.65451261239433334
Cl-	2.4303183549999998	0.66332304714887858
Cl-	2.4325562649999997	0.67231320457918309
Cl-	2.4347941749999995	0.68235161137170219
Cl-	2.4370320849999998	0.69111836604874033
Cl-	2.4392699950000001	0.69897458141706559
Cl-	2.4415079049999999	0.7083832338638717
Cl-	2.4437458149999998	0.71861680541764894
Cl-	2.4459837249999996	0.72778907795950065
Cl-	2.4482216349999999	0.73805327994107861
Cl-	2.4504595450000002	0.74706612926228411
Cl-	2.452697455	0.75633569419255675
Cl-	2.4549353649999999	0.76466568434352322
Cl-	2.4571732749999997	0.77351617427288266
Cl-	2.4594111849999996	0.78370428954681959
Cl-	2.4616490949999998	0.79352190351601559
Cl-	2.4638870050000001	0.8007754063127368
Cl-	2.466124915	0.81078423389924947
Cl-	2.4683628249999998	0.82083166669948338
Cl-	2.4706007349999997	0.83103294037021147
Cl-	2.4728386449999995	0.84191246958477239
Cl-	2.4750765549999998	0.85052248346914938
Cl-	2.4773144650000001	0.86038167507227614
Cl-	2.4795523749999999	0.87149624297778561
Cl-	2.4817902849999998	0.88097717598437897
Cl-	2.4840281949999996	0.89033725473501169
Cl-	2.4862661049999999	0.90037076790888992
Cl-	2.4885040150000002	0.91085228280721364
Cl-	2.490741925	0.92061345704138764
Cl-	2.4929798349999999	0.93052328853522215
Cl-	2.4952177449999997	0.94169400618351162
Cl-	2.4974556549999996	0.95288926442305633
Cl-	2.4996935649999998	0.96248430936659835
Cl-	2.5019314750000001	0.97477323699914975
Cl-	2.504169385	0.98582904523192472
Cl-	2.5064072949999998	0.99611731656741287
Cl-	2.5086452049999997	1.0046870577827998
Cl-	2.5108831149999995	1.0161450127208791
Cl-	2.5131210249999998	1.0277130922029241
Cl-	2.5153589350000001	1.0373146982203312
Cl-	2.5175968449999999	1.0463885546539549
Cl-	2.5198347549999998	1.0547970964463744
Cl-	2.5220726649999996	1.0645498246572513
Cl-	2.5243105749999999	1.0739058797659027
Cl-	2.5265484850000002	1.0815935009097504
Cl-	2.528786395	1.0899889205544022
Cl-	2.5310243049999999	1.098709783963298
Cl-	2.5332622149999997	1.1089508228166345
Cl-	2.5355001249999995	1.1184369031850476
Cl-	2.5377380349999998	1.1288029649324554
Cl-	2.5399759450000001	1.1406163778290817
Cl-	2.542213855	1.1508335285736375
Cl-	2.5444517649999998	1.16192714454156
Cl-	2.5466896749999997	1.173171375216548
Cl-	2.5489275849999995	1.1815980415224594
Cl-	2.5511654949999998	1.1916782071940593
Cl-	2.5534034050000001	1.2035113758104019
Cl-	2.5556413149999999	1.2158177029759327
Cl-	2.5578792249999998	1.2256213610697273
Cl-	2.5601171349999996	1.2329115478817481
Cl-	2.5623550449999999	1.2435150770048857
Cl-	2.5645929549999997	1.2535921977582209
Cl-	2.566830865	1.2637313405967132
Cl-	2.5690687749999999	1.2732970238284043
Cl-	2.5713066849999997	1.2820776981318003
Cl-	2.5735445949999995	1.2915443127727229
Cl-	2.5757825049999998	1.3019145069092075
Cl-	2.5780204150000001	1.3132546162605543
Cl-	2.580258325	1.3221671645241027
Cl-	2.5824962349999998	1.3321180661655125
Cl-	2.5847341449999996	1.342102534405865
Cl-	2.5869720549999995	1.352590501630988
Cl-	2.5892099649999998	1.363211937773473
Cl-	2.5914478750000001	1.3701560551249132
Cl-	2.5936857849999999	1.3796299920693174
Cl-	2.5959236949999998	1.3891440204375427
Cl-	2.5981616049999996	1.3999454692479703
Cl-	2.6003995149999999	1.4076510699091991
Cl-	2.6026374249999997	1.4140458695058076
Cl-	2.604875335	1.4226800977402014
Cl-	2.6071132449999999	1.4319647422657193
Cl-	2.6093511549999997	1.4389196255781918
Cl-	2.6115890649999995	1.4453053266690088
Cl-	2.6138269749999998	1.4536367667810646
Cl-	2.6160648850000001	1.4595097978832994
Cl-	2.618302795	1.4670037042269626
Cl-	2.6205407049999998	1.4750714326677414
Cl-	2.6227786149999996	1.482727480909064
Cl-	2.6250165249999995	1.4891555933614646
Cl-	2.6272544349999998	1.4966489197207209
Cl-	2.6294923450000001	1.5047203093131802
Cl-	2.6317302549999999	1.5132636249879308
Cl-	2.6339681649999998	1.5198753750110094
Cl-	2.6362060749999996	1.525980871123269
Cl-	2.6384439849999999	1.5356413093114714
Cl-	2.6406818949999997	1.5415939432769785
Cl-	2.642919805	1.5516634517346417
Cl-	2.6451577149999999	1.5584866060830904
Cl-	2.6473956249999997	1.5676978100799277
Cl-	2.6496335349999995	1.5745230306228744
Cl-	2.6518714449999998	1.5804225597638588
Cl-	2.6541093550000001	1.5852647410368654
Cl-	2.656347265	1.5928266868041865
Cl-	2.6585851749999998	1.5998188703654161
Cl-	2.6608230849999996	1.606421340637566
Cl-	2.6630609949999995	1.6147326262906001
Cl-	2.6652989049999998	1.6207762453138508
Cl-	2.6675368150000001	1.6265918217083215
Cl-	2.6697747249999999	1.6324583642347694
Cl-	2.6720126349999997	1.6367949803284816
Cl-	2.6742505449999996	1.6429883440821391
Cl-	2.6764884549999994	1.6484195357945417
Cl-	2.6787263650000002	1.6514825423253181
Cl-	2.680964275	1.6552900313722028
Cl-	2.6832021849999999	1.6591930728542328
Cl-	2.6854400949999997	1.6604360882384013
Cl-	2.6876780049999995	1.6642556119622274
Cl-	2.6899159149999998	1.6654136233781327
Cl-	2.6921538250000001	1.6702717904720372
Cl-	2.694391735	1.6714558649383531
Cl-	2.6966296449999998	1.6764929934784492
Cl-	2.6988675549999996	1.6803678332174703
Cl-	2.7011054649999995	1.6873733201715901
Cl-	2.7033433749999998	1.691559249060147
Cl-	2.7055812850000001	1.6948707426708634
Cl-	2.7078191949999999	1.7003270187099528
Cl-	2.7100571049999997	1.7037405533316223
Cl-	2.7122950149999996	1.7054689069380016
Cl-	2.7145329249999994	1.7111210727188744
Cl-	2.7167708350000002	1.7161190523098373
Cl-	2.719008745	1.7213339098292169
Cl-	2.7212466549999998	1.7214356245989455
Cl-	2.7234845649999997	1.7216722944960978
Cl-	2.7257224749999995	1.722160496391443
Cl-	2.7279603849999998	1.723882905157426
Cl-	2.7301982950000001	1.7216653346829061
Cl-	2.732436205	1.7223981450123491
Cl-	2.7346741149999998	1.7231214218476745
Cl-	2.7369120249999996	1.7275913981116522
Cl-	2.7391499349999995	1.7299000623909579
Cl-	2.7413878449999998	1.7309191675354494
Cl-	2.7436257550000001	1.7307619192564343
Cl-	2.7458636649999999	1.7323586163968647
Cl-	2.7481015749999997	1.7310779382736619
Cl-	2.7503394849999996	1.7316087690247313
Cl-	2.7525773949999994	1.7349839884248872
Cl-	2.7548153050000002	1.7349057630246636
Cl-	2.757053215	1.7345119173465215
Cl-	2.7592911249999998	1.7386705507177862
Cl-	2.7615290349999997	1.7398692335419583
Cl-	2.7637669449999995	1.7380096584578675
Cl-	2.7660048549999994	1.7339217831872944
Cl-	2.7682427650000001	1.7338104624254396
Cl-	2.7704806749999999	1.7304600373597574
Cl-	2.7727185849999998	1.7249538826595583
Cl-	2.7749564949999996	1.7201931529501828
Cl-	2.7771944049999995	1.7169823228873651
Cl-	2.7794323149999998	1.7132516092795975
Cl-	2.7816702250000001	1.7125587453779261
Cl-	2.7839081349999999	1.7091074392701606
Cl-	2.7861460449999997	1.7056357249601843
Cl-	2.7883839549999996	1.7044356646729937
Cl-	2.7906218649999994	1.7020445338572747
Cl-	2.7928597750000002	1.6992449852545879
Cl-	2.795097685	1.6984840819292479
Cl-	2.7973355949999998	1.6950257797592783
Cl-	2.7995735049999997	1.690783882373063
Cl-	2.8018114149999995	1.6891286068050309
Cl-	2.8040493249999994	1.687459520357746
Cl-	2.8062872350000001	1.6854752123718395
Cl-	2.8085251449999999	1.6832087419599362
Cl-	2.8107630549999998	1.6770387588286544
Cl-	2.8130009649999996	1.6711242588395356
Cl-	2.8152388749999995	1.6642822912460875
Cl-	2.8174767849999998	1.6586795328889701
Cl-	2.819714695	1.6559874264022745
Cl-	2.8219526049999999	1.6497901477536996
Cl-	2.8241905149999997	1.6434086153009655
Cl-	2.8264284249999996	1.6394673310955006
Cl-	2.8286663349999994	1.6336960872609871
Cl-	2.8309042450000002	1.6291946830906201
Cl-	2.833142155	1.6249699314941617
Cl-	2.8353800649999998	1.6181531569745027
Cl-	2.8376179749999997	1.611825708070026
Cl-	2.8398558849999995	1.6054823458426835
Cl-	2.8420937949999994	1.5989519386361506
Cl-	2.8443317050000001	1.5931782661168445
Cl-	2.8465696149999999	1.5896741451767658
Cl-	2.8488075249999998	1.5851264872479702
Cl-	2.8510454349999996	1.5796802159403507
Cl-	2.8532833449999995	1.5757665534934211
Cl-	2.8555212549999998	1.5681098165205423
Cl-	2.857759165	1.5616475937337728
Cl-	2.8599970749999999	1.5550251139987221
Cl-	2.8622349849999997	1.547919289737903
Cl-	2.8644728949999996	1.5386979360135176
Cl-	2.8667108049999994	1.5306573218449278
Cl-	2.8689487150000001	1.5216865938930728
Cl-	2.871186625	1.5135029048150044
Cl-	2.8734245349999998	1.5032060062111108
Cl-	2.8756624449999997	1.4950469664713939
Cl-	2.8779003549999995	1.4857606182416081
Cl-	2.8801382649999994	1.4752967928684586
Cl-	2.8823761750000001	1.4659060474409888
Cl-	2.8846140849999999	1.4571491524993045
Cl-	2.8868519949999998	1.4486907320457558
Cl-	2.8890899049999996	1.4414480677080936
Cl-	2.8913278149999995	1.4328768765315978
Cl-	2.8935657249999998	1.4255252838678374
Cl-	2.895803635	1.4173333300116393
Cl-	2.8980415449999999	1.4126647090798308
Cl-	2.9002794549999997	1.4019507291714863
Cl-	2.9025173649999996	1.392208404431345
Cl-	2.9047552749999994	1.3840977208936049
Cl-	2.9069931850000001	1.3772876886929408
Cl-	2.909231095	1.3685239789341679
Cl-	2.9114690049999998	1.3607620472850317
Cl-	2.9137069149999997	1.3500806190029175
Cl-	2.9159448249999995	1.3402375944658038
Cl-	2.9181827349999994	1.3284644542381394
Cl-	2.9204206450000001	1.3193764606840059
Cl-	2.9226585549999999	1.3088476045564614
Cl-	2.9248964649999998	1.2985837650651519
Cl-	2.9271343749999996	1.2902865802836172
Cl-	2.9293722849999995	1.2800361529322788
Cl-	2.9316101949999998	1.2727841000966071
Cl-	2.933848105	1.2630254632943347
Cl-	2.9360860149999999	1.2514245059448335
Cl-	2.9383239249999997	1.242522216155918
Cl-	2.9405618349999996	1.2331023627597899
Cl-	2.9427997449999994	1.2212780751550398
Cl-	2.9450376550000001	1.2087794469013922
Cl-	2.947275565	1.2007480037366405
Cl-	2.9495134749999998	1.1911593386218762
Cl-	2.9517513849999997	1.1807027268050918
Cl-	2.9539892949999995	1.1696501809847413
Cl-	2.9562272049999994	1.1587796415288762
Cl-	2.9584651150000001	1.1476371981216291
Cl-	2.9607030249999999	1.135964503947732
Cl-	2.9629409349999998	1.1250945444762921
Cl-	2.9651788449999996	1.1162312948894388
Cl-	2.9674167549999995	1.1059585018884559
Cl-	2.9696546649999997	1.0959569241073335
Cl-	2.971892575	1.0879052177365156
Cl-	2.9741304849999999	1.077014632568738
Cl-	2.9763683949999997	1.0695753897577593
Cl-	2.9786063049999996	1.0568251932568786
Cl-	2.9808442149999994	1.0458225985957113
Cl-	2.9830821250000001	1.0354543256576727
Cl-	2.985320035	1.02512175801121
Cl-	2.9875579449999998	1.0128476562306912
Cl-	2.9897958549999997	1.0042071931636545
Cl-	2.9920337649999995	0.99488521214035375
Cl-	2.9942716749999994	0.98273004341734715
Cl-	2.9965095850000001	0.97244242456434027
Cl-	2.9987474949999999	0.96135464468978937
Cl-	3.0009854049999998	0.94999833202336059
Cl-	3.0032233149999996	0.93817147073771079
Cl-	3.0054612249999995	0.92892601141036724
Cl-	3.0076991349999997	0.91916088603223689
Cl-	3.009937045	0.90785782318645458
Cl-	3.0121749549999999	0.89819372384654006
Cl-	3.0144128649999997	0.88854793026524026
Cl-	3.0166507749999996	0.88039610408189528
Cl-	3.0188886849999994	0.8724243268155466
Cl-	3.0211265950000001	0.86512442526427635
Cl-	3.023364505	0.85535665370718805
Cl-	3.0256024149999998	0.84665637974564323
Cl-	3.0278403249999997	0.83817562989147965
Cl-	3.0300782349999995	0.82943105961894403
Cl-	3.0323161449999994	0.82018483906204764
Cl-	3.0345540550000001	0.81166704270230761
Cl-	3.0367919649999999	0.80148001489917875
Cl-	3.0390298749999998	0.79083606811095963
Cl-	3.0412677849999996	0.78065277395760546
Cl-	3.0435056949999995	0.76962962609814201
Cl-	3.0457436049999997	0.75809808563528325
Cl-	3.047981515	0.74819035658503619
Cl-	3.0502194249999999	0.73901833778637216
Cl-	3.0524573349999997	0.72734499112997875
Cl-	3.0546952449999996	0.71723752994106738
Cl-	3.0569331549999994	0.70914642087790214
Cl-	3.0591710650000001	0.70124804789119388
Cl-	3.061408975	0.69305272287546749
Cl-	3.0636468849999998	0.68637731956101822
Cl-	3.0658847949999997	0.67816238382169813
Cl-	3.0681227049999995	0.67064016698795414
Cl-	3.0703606149999993	0.66392623095781955
Cl-	3.0725985250000001	0.6559117885867225
Cl-	3.0748364349999999	0.64705285263408219
Cl-	3.0770743449999998	0.63945030795655855
Cl-	3.0793122549999996	0.63095436976009145
Cl-	3.0815501649999995	0.62214023760478521
Cl-	3.0837880749999997	0.61283279244130751
Cl-	3.086025985	0.60296870721954221
Cl-	3.0882638949999999	0.59243307252394617
Cl-	3.0905018049999997	0.58268918907563938
Cl-	3.0927397149999996	0.57335096848826783
Cl-	3.0949776249999994	0.56307045444454462
Cl-	3.0972155350000001	0.55309903585388265
Cl-	3.099453445	0.54419884850853217
Cl-	3.1016913549999998	0.53527129314781963
Cl-	3.1039292649999997	0.52651120829174847
Cl-	3.1061671749999995	0.51755436371722241
Cl-	3.1084050849999993	0.50904794955195776
Cl-	3.1106429950000001	0.50243362584795981
Cl-	3.1128809049999999	0.49569003811375767
Cl-	3.1151188149999998	0.48852907908290366
Cl-	3.1173567249999996	0.48060061940380666
Cl-	3.1195946349999994	0.47318406848371242
Cl-	3.1218325449999997	0.46706033911085498
Cl-	3.124070455	0.4606654670162002
Cl-	3.1263083649999999	0.45446768088123457
Cl-	3.1285462749999997	0.44744330818404138
Cl-	3.1307841849999996	0.44194871692345666
Cl-	3.1330220949999994	0.43401242745452545
Cl-	3.1352600050000001	0.42883501518001044
Cl-	3.137497915	0.42070453967355165
Cl-	3.1397358249999998	0.41413915215598313
Cl-	3.1419737349999997	0.40751362750265069
Cl-	3.1442116449999995	0.40110414705011227
Cl-	3.1464495549999993	0.39335156764992119
Cl-	3.1486874650000001	0.38682569157175445
Cl-	3.1509253749999999	0.38017171143224537
Cl-	3.1531632849999998	0.37359577544782002
Cl-	3.1554011949999996	0.36975508229221965
Cl-	3.1576391049999994	0.36237108299835469
Cl-	3.1598770149999997	0.35552828167729822
Cl-	3.162114925	0.35018622632224627
Cl-	3.1643528349999999	0.3440751478598153
Cl-	3.1665907449999997	0.33889860556195001
Cl-	3.1688286549999996	0.3329967202342185
Cl-	3.1710665649999994	0.32697546686063683
Cl-	3.1733044750000001	0.32000485147045332
Cl-	3.175542385	0.31415509224351634
Cl-	3.1777802949999998	0.30672958781376691
Cl-	3.1800182049999997	0.30049914130548827
Cl-	3.1822561149999995	0.29194226849466154
Cl-	3.1844940249999993	0.28567898036793971
Cl-	3.1867319350000001	0.2797682502776222
Cl-	3.1889698449999999	0.27438258734311222
Cl-	3.1912077549999998	0.26867894794393155
Cl-	3.1934456649999996	0.26481197424377045
Cl-	3.1956835749999994	0.2601359947594673
Cl-	3.1979214849999997	0.25659479106476923
Cl-	3.200159395	0.25358260566982294
Cl-	3.2023973049999999	0.2494085302130892
Cl-	3.2046352149999997	0.24581628788840759
Cl-	3.2068731249999995	0.24299756355045149
Cl-	3.2091110349999994	0.23928461196592435
Cl-	3.2113489450000001	0.23551804807049526
Cl-	3.213586855	0.23165121936644031
Cl-	3.2158247649999998	0.22777246473251206
Cl-	3.2180626749999997	0.22232137230430118
Cl-	3.2203005849999995	0.21876342155913941
Cl-	3.2225384949999993	0.21401632148390567
Cl-	3.2247764050000001	0.20877761210476894
Cl-	3.2270143149999999	0.20413632293928866
Cl-	3.2292522249999998	0.20079220520428709
Cl-	3.2314901349999996	0.19706482650702514
Cl-	3.2337280449999994	0.19256008742617581
Cl-	3.2359659549999997	0.18901609255640137
Cl-	3.238203865	0.18535972570299419
Cl-	3.2404417749999999	0.18108342799017638
Cl-	3.2426796849999997	0.17772626060545937
Cl-	3.2449175949999995	0.17424323659906912
Cl-	3.2471555049999994	0.17049334725604981
Cl-	3.2493934149999997	0.16694967862752019
Cl-	3.251631325	0.16360951203645638
Cl-	3.2538692349999998	0.16027536278387342
Cl-	3.2561071449999996	0.15657194469344463
Cl-	3.2583450549999995	0.15384587286844542
Cl-	3.2605829649999993	0.1503511766753671
Cl-	3.2628208750000001	0.14669792723827751
Cl-	3.2650587849999999	0.14401198308614724
Cl-	3.2672966949999998	0.14122069926161532
Cl-	3.2695346049999996	0.13818168958670138
Cl-	3.2717725149999994	0.13580277469308924
Cl-	3.2740104249999997	0.13401058655017642
Cl-	3.276248335	0.13091009852550373
Cl-	3.2784862449999999	0.12808582808641947
Cl-	3.2807241549999997	0.12555495727170946
Cl-	3.2829620649999995	0.12261135503580683
Cl-	3.2851999749999994	0.12000327379362821
Cl-	3.2874378849999997	0.1183565167469573
Cl-	3.289675795	0.11572661359053793
Cl-	3.2919137049999998	0.11316609107175959
Cl-	3.2941516149999996	0.11128208414350629
Cl-	3.2963895249999995	0.1084972526457734
Cl-	3.2986274349999993	0.10621697135457586
Cl-	3.3008653450000001	0.10401770663867742
Cl-	3.3031032549999999	0.10210209055889728
Cl-	3.3053411649999997	0.099743366373316003
Cl-	3.3075790749999996	0.096868999778944684
Cl-	3.3098169849999994	0.094359769633340335
Cl-	3.3120548949999997	0.092166631003002569
Cl-	3.314292805	0.089771766537520725
Cl-	3.3165307149999999	0.088113953537622497
Cl-	3.3187686249999997	0.085593631189763639
Cl-	3.3210065349999995	0.082472336223605308
Cl-	3.3232444449999994	0.080471426183340522
Cl-	3.3254823549999997	0.077827168412236747
Cl-	3.327720265	0.075678797330218484
Cl-	3.3299581749999998	0.074025769201881614
Cl-	3.3321960849999996	0.072732838907562547
Cl-	3.3344339949999995	0.070381292029321002
Cl-	3.3366719049999993	0.069003430264788113
Cl-	3.3389098150000001	0.067446135816703959
Cl-	3.3411477249999999	0.065817648279631602
Cl-	3.3433856349999997	0.064729597485803564
Cl-	3.3456235449999996	0.062907576393685771
Cl-	3.3478614549999994	0.06124853092686857
Cl-	3.3500993649999997	0.059735460291700598
Cl-	3.352337275	0.058367132021262834
Cl-	3.3545751849999998	0.057075796684131194
Cl-	3.3568130949999997	0.055783301378135711
Cl-	3.3590510049999995	0.054657297853059228
Cl-	3.3612889149999994	0.052912813429650596
Cl-	3.3635268249999997	0.051010138252501988
Cl-	3.365764735	0.049589792628348221
Cl-	3.3680026449999998	0.04844802077653574
Cl-	3.3702405549999996	0.046997225969719059
Cl-	3.3724784649999995	0.045854692888338634
Cl-	3.3747163749999993	0.044865094451787366
Cl-	3.3769542850000001	0.043788969587834653
Cl-	3.3791921949999999	0.042891189936623261
Cl-	3.3814301049999997	0.042016102176301903
Cl-	3.3836680149999996	0.041260926197229653
Cl-	3.3859059249999994	0.0405860055638902
Cl-	3.3881438349999997	0.039570887812345065
Cl-	3.390381745	0.038679415491828045
Cl-	3.3926196549999998	0.038220647806370696
Cl-	3.3948575649999997	0.037700909257532847
Cl-	3.3970954749999995	0.036850398337503525
Cl-	3.3993333849999994	0.035847387760969157
Cl-	3.4015712949999997	0.035020982443880758
Cl-	3.4038092049999999	0.033918250794125422
Cl-	3.4060471149999998	0.032378464626073307
Cl-	3.4082850249999996	0.031631625923206397
Cl-	3.4105229349999995	0.030605959704809449
Cl-	3.4127608449999993	0.029827258107227229
Cl-	3.4149987550000001	0.02902205847092237
Cl-	3.4172366649999999	0.028170605076191308
Cl-	3.4194745749999997	0.0272926536427383
Cl-	3.4217124849999996	0.026654670767892071
Cl-	3.4239503949999994	0.026022958974712854
Cl-	3.4261883049999993	0.02531595795249689
Cl-	3.428426215	0.024863606344814465
Cl-	3.4306641249999998	0.02420855017826078
Cl-	3.4329020349999997	0.023477697296291906
Cl-	3.4351399449999995	0.022830797160808623
Cl-	3.4373778549999994	0.022296196510908705
Cl-	3.4396157649999997	0.021552910212685385
Cl-	3.4418536749999999	0.021016388364356035
Cl-	3.4440915849999998	0.02061043551120828
Cl-	3.4463294949999996	0.019850800901817421
Cl-	3.4485674049999995	0.019298111987454958
Cl-	3.4508053149999993	0.018749990450491607
Cl-	3.453043225	0.018333887869789126
Cl-	3.4552811349999999	0.017854530737006838
Cl-	3.4575190449999997	0.017488560560617948
Cl-	3.4597569549999996	0.016933914198798465
Cl-	3.4619948649999994	0.016680750994370552
Cl-	3.4642327749999993	0.016063792555172606
Cl-	3.466470685	0.015522485835281565
Cl-	3.4687085949999998	0.01504272996320262
Cl-	3.4709465049999997	0.014445672239816567
Cl-	3.4731844149999995	0.013891859605617621
Cl-	3.4754223249999994	0.013453862612619237
Cl-	3.4776602349999997	0.012852962492373084
Cl-	3.4798981449999999	0.012426782682170468
Cl-	3.4821360549999998	0.012214580878230212
Cl-	3.4843739649999996	0.011825338826519991
Cl-	3.4866118749999995	0.011616580680142798
Cl-	3.4888497849999993	0.011353775234538342
Cl-	3.491087695	0.011075527703440511
Cl-	3.4933256049999999	0.010995272357707015
Cl-	3.4955635149999997	0.010674432219907992
Cl-	3.4978014249999996	0.010242343818307562
Cl-	3.5000393349999994	0.01001662112730356
Cl-	3.5022772449999993	0.009716334187802083
Cl-	3.504515155	0.0096713853943469503
Cl-	3.5067530649999998	0.0095011962126763747
Cl-	3.5089909749999997	0.0089893962007470823
Cl-	3.5112288849999995	0.0087851329337153838
Cl-	3.5134667949999994	0.0085876482347287605
Cl-	3.5157047049999997	0.0082865638166335284
Cl-	3.5179426149999999	0.0081027087517915476
Cl-	3.5201805249999998	0.0078866283019644046
Cl-	3.5224184349999996	0.0074995249428459919
Cl-	3.5246563449999995	0.0072586864075915494
Cl-	3.5268942549999993	0.0071192364007997486
Cl-	3.529132165	0.0068988785657888348
Cl-	3.5313700749999999	0.0066668485440904406
Cl-	3.5336079849999997	0.0064353260087698537
Cl-	3.5358458949999996	0.0063106656049859693
Cl-	3.5380838049999994	0.006006608766678417
Cl-	3.5403217149999993	0.0057723675543342769
Cl-	3.542559625	0.0055696267464356228
Cl-	3.5447975349999998	0.0055330152291859771
Cl-	3.5470354449999997	0.0055120270425646142
Cl-	3.5492733549999995	0.0054558410507457872
Cl-	3.5515112649999994	0.0053381042111149855
Cl-	3.5537491749999996	0.0050857384852807993
Cl-	3.5559870849999999	0.0050469882754393446
Cl-	3.5582249949999998	0.0049046383464892984
Cl-	3.5604629049999996	0.0047401402620544843
Cl-	3.5627008149999995	0.0046864554530972767
Cl-	3.5649387249999993	0.0046014877338563182
Cl-	3.567176635	0.0044478643575154393
Cl-	3.5694145449999999	0.0042807563431380598
Cl-	3.5716524549999997	0.0041918012309294043
Cl-	3.5738903649999996	0.0040311817923814556
Cl-	3.5761282749999994	0.0037713850160164177
Cl-	3.5783661849999993	0.0036015583246155809
Cl-	3.580604095	0.0035245653913102259
Cl-	3.5828420049999998	0.0033647796803828248
Cl-	3.5850799149999997	0.0031858182341830388
Cl-	3.5873178249999995	0.0031012855032659325
Cl-	3.5895557349999994	0.0029598417999903157
Cl-	3.5917936449999996	0.0028933973335361031
Cl-	3.5940315549999999	0.0026825004945670444
Cl-	3.5962694649999998	0.0025737171646003755
Cl-	3.5985073749999996	0.0024080953603291908
Cl-	3.6007452849999995	0.0023578542089350701
Cl-	3.6029831949999993	0.002284884917624483
Cl-	3.605221105	0.0023011607307384342
Cl-	3.6074590149999999	0.002275315174501762
Cl-	3.6096969249999997	0.0021720779456630111
Cl-	3.6119348349999996	0.0021121945530922122
Cl-	3.6141727449999994	0.0020755830358424694
Cl-	3.6164106549999993	0.0021024798138615701
Cl-	3.618648565	0.0019935877368139187
Cl-	3.6208864749999998	0.0019255120641456652
Cl-	3.6231243849999997	0.0018792220566923225
Cl-	3.6253622949999995	0.0018208248742276987
Cl-	3.6276002049999994	0.001720741310736158
Cl-	3.6298381149999996	0.0016061943854796302
Cl-	3.6320760249999999	0.0015690391328252451
Cl-	3.6343139349999998	0.0015575119422456508
Cl-	3.6365518449999996	0.0014777278338628831
Cl-	3.6387897549999995	0.0013615497023922946
Cl-	3.6410276649999993	0.0013332392123209654
Cl-	3.643265575	0.0012768357263402191
Cl-	3.6455034849999999	0.0012528026214525425
Cl-	3.6477413949999997	0.0011806670577625418
Cl-	3.6499793049999996	0.0011980665907129063
Cl-	3.6522172149999994	0.0011407931280846425
Cl-	3.6544551249999992	0.0011274534861560504
Cl-	3.656693035	0.0010641989340760931
Cl-	3.6589309449999998	0.0010066717282589841
Cl-	3.6611688549999997	0.00099934942480905953
Cl-	3.6634067649999995	0.00095987423442794992
Cl-	3.6656446749999994	0.00091902158102158469
Cl-	3.6678825849999996	0.00085011218073277421
Cl-	3.6701204949999999	0.00082321540271368052
Cl-	3.6723584049999998	0.00080882453900265911
Cl-	3.6745963149999996	0.00076503571441094561
Cl-	3.6768342249999995	0.00073737770682527799
Cl-	3.6790721349999997	0.00075376226702018401
Cl-	3.6813100449999996	0.00070188990941193359
Cl-	3.6835479549999999	0.00067861803409082833
Cl-	3.6857858649999997	0.00068884025969916725
Cl-	3.6880237749999996	0.00071508455523262187
Cl-	3.6902616849999994	0.00070058494444064827
Cl-	3.6924995949999997	0.00069576382385232464
Cl-	3.6947375049999995	0.00068075672668263011
Cl-	3.6969754149999998	0.00062293952864967556
Cl-	3.6992133249999997	0.00058712548999353335
Cl-	3.7014512349999995	0.00051401120257505394
Cl-	3.7036891449999993	0.00050770387188055341
Cl-	3.7059270549999996	0.00054558410507456602
Cl-	3.7081649649999999	0.00051643988738271781
Cl-	3.7104028749999998	0.00046402379436977659
Cl-	3.7126407849999996	0.00042277240166665233
Cl-	3.7148786949999995	0.00041102771692515689
Cl-	3.7171166049999997	0.00037615615297049141
Cl-	3.7193545149999996	0.00035404424651275723
Cl-	3.7215924249999999	0.00034171957733958075
Cl-	3.7238303349999997	0.0003548054760793356
Cl-	3.7260682449999996	0.00031304659699848562
Cl-	3.7283061549999994	0.00032914116497755844
Cl-	3.7305440649999997	0.00034592446446926167
Cl-	3.7327819749999995	0.00036926883784431787
Cl-	3.7350198849999998	0.00034440200533610092
Cl-	3.7372577949999997	0.00030097567101417758
Cl-	3.7394957049999995	0.00028031372563562475
Cl-	3.7417336149999993	0.00025860055847465817
Cl-	3.7439715249999996	0.00028241616920045862
Cl-	3.7462094349999999	0.00026469039500727655
Cl-	3.7484473449999998	0.00028299615363212995
Cl-	3.7506852549999996	0.00027433263618393563
Cl-	3.7529231649999995	0.00024526091654604573
Cl-	3.7551610749999997	0.00025606312658605805
Cl-	3.7573989849999996	0.00026541537554687514
Cl-	3.7596368949999999	0.00025439567134498045
Cl-	3.7618748049999997	0.0002333712356966367
Cl-	3.7641127149999996	0.00021854538366185449
Cl-	3.7663506249999994	0.0001902711426175251
Cl-	3.7685885349999997	0.00019095987413014534
Cl-	3.7708264449999995	0.00016725301048528378
Cl-	3.7730643549999998	0.00017192913496569436
Cl-	3.7753022649999997	0.00017403157853053224
Cl-	3.7775401749999995	0.00016703551632340987
Cl-	3.7797780849999993	0.00013165646599102185
Cl-	3.7820159949999996	9.7546131602935043e-05
Cl-	3.7842539049999999	0.00011436568012160558
Cl-	3.7864918149999998	0.000121144248166848
Cl-	3.7887297249999996	0.00010479593699891146
Cl-	3.7909676349999994	6.2565820567316591e-05
Cl-	3.7932055449999997	8.366275426962362e-05
Cl-	3.7954434549999996	8.0182847679554208e-05
Cl-	3.7976813649999999	0.0001003735557073583
Cl-	3.7999192749999997	0.00013256269166551655
Cl-	3.8021571849999996	0.00014782353202405784
Cl-	3.8043950949999994	0.00014891100283345526
Cl-	3.8066330049999997	0.00013963125192660171
Cl-	3.8088709149999995	0.00015583456698661704
Cl-	3.8111088249999998	0.00016203315060018048
Cl-	3.8133467349999997	0.00015858949303708991
Cl-	3.8155846449999995	0.00015170217791090663
Cl-	3.8178225549999993	0.00012897403799450377
Cl-	3.8200604649999996	0.0001320914543147767
Cl-	3.8222983749999995	0.00012139799135570494
Cl-	3.8245362849999998	9.6893649117288453e-05
Cl-	3.8267741949999996	8.4423983836202422e-05
Cl-	3.8290121049999994	8.8157633615130459e-05
Cl-	3.8312500149999997	7.6775439143440534e-05
Cl-	3.8334879249999996	5.3032326471602034e-05
Cl-	3.8357258349999999	4.313634210608525e-05
Cl-	3.8379637449999997	5.3032326471601587e-05
Cl-	3.8402016549999995	5.7599703871071578e-05
Cl-	3.8424395649999994	6.1985836135640296e-05
Cl-	3.8446774749999997	6.0354629921546807e-05
Cl-	3.8469153849999995	5.890466884235117e-05
Cl-	3.8491532949999998	5.3829805065164912e-05
Cl-	3.8513912049999997	3.8931454976424805e-05
Cl-	3.8536291149999995	5.0059906259253822e-05
Cl-	3.8558670249999993	4.5528777886764797e-05
Cl-	3.8581049349999996	3.773523708608416e-05
Cl-	3.8603428449999995	3.0485431690100405e-05
Cl-	3.8625807549999998	2.3779361698816647e-05
Cl-	3.8648186649999996	4.3825073618705934e-05
Cl-	3.8670565749999994	4.3100093079107461e-05
Cl-	3.8692944849999997	4.0200170920714595e-05
Cl-	3.8715323949999996	4.5130038589982226e-05
Cl-	3.8737703049999999	4.2048871296690099e-05
Cl-	3.8760082149999997	3.7155252654402668e-05
Cl-	3.8782461249999995	3.044918266311992e-05
Cl-	3.8804840349999994	2.1930661322841864e-05
Cl-	3.8827219449999997	5.4011050200052752e-06
Cl-	3.8849598549999995	3.0936896844296896e-06
Cl-	3.8871977649999998	2.2197585976048315e-06
Cl-	3.8894356749999996	2.7793117595308379e-06
Cl-	3.8916735849999995	4.7723491702077224e-06
Cl-	3.8939114949999993	8.198870829635458e-06
Cl-	3.8961494049999996	1.3058876737814045e-05
Cl-	3.8983873149999995	1.9352366894743496e-05
Cl-	3.9006252249999998	2.7079341300423812e-05
Cl-	3.9028631349999996	3.6239799954855019e-05
Cl-	3.9051010449999994	4.6833742858037051e-05
Br-	1.62751307	0
Br-	1.62972845	0
Br-	1.63194383	0
Br-	1.63415921	0
Br-	1.63637459	0
Br-	1.63858997	1.4425921901678811e-07
Br-	1.6408053499999999	1.3446301158588076e-06
Br-	1.6430207299999999	2.8972618963464704e-06
Br-	1.6452361099999999	4.802154560479778e-06
Br-	1.6474514899999999	7.0593081082587301e-06
Br-	1.6496668700000001	9.6687225396831676e-06
Br-	1.6518822500000001	1.612683873985323e-05
Br-	1.6540976300000001	2.1477849305708418e-05
Br-	1.6563130100000001	1.9411252121653996e-05
Br-	1.6585283900000001	2.6053885927543202e-05
Br-	1.6607437700000001	3.122037888767925e-05
Br-	1.6629591500000001	2.860022888646739e-05
Br-	1.66517453	3.4320274663760875e-05
Br-	1.66738991	3.8195144383862907e-05
Br-	1.66960529	4.0224838046773497e-05
Br-	1.67182067	4.0409355652492644e-05
Br-	1.67403605	2.6127692969830853e-05
Br-	1.67625143	2.9633527478494605e-05
Br-	1.67846681	2.4245613391495578e-05
Br-	1.68068219	2.996565916878906e-05
Br-	1.68289757	3.6608292974678262e-05
Br-	1.6851129499999999	4.0298645089061148e-05
Br-	1.6873283300000002	4.4911585232039768e-05
Br-	1.6895437100000001	5.0447113403614102e-05
Br-	1.6917590900000001	4.6719857768087378e-05
Br-	1.6939744700000001	4.9856657065312836e-05
Br-	1.6961898500000001	5.9857511295290469e-05
Br-	1.6984052300000001	6.059558171816705e-05
Br-	1.7006206100000001	5.838137044953732e-05
Br-	1.7028359900000001	6.3400249325098039e-05
Br-	1.7050513700000001	5.3214877489401273e-05
Br-	1.7072667500000001	5.0262595797894955e-05
Br-	1.70948213	5.4543404250579106e-05
Br-	1.71169751	4.99304641076005e-05
Br-	1.71391289	3.0113273253364375e-05
Br-	1.71612827	2.1035007051982463e-05
Br-	1.71834365	1.8451760571914439e-05
Br-	1.72055903	1.9927901417667595e-05
Br-	1.72277441	1.2842425358052442e-05
Br-	1.72498979	3.188464226826816e-05
Br-	1.72720517	5.0742341572764725e-05
Br-	1.7294205499999999	5.9599186647283664e-05
Br-	1.7316359299999999	6.4765679607419718e-05
Br-	1.7338513099999999	7.642719228886966e-05
Br-	1.7360666900000001	7.8456885951780236e-05
Br-	1.7382820700000001	8.1040132431848267e-05
Br-	1.7404974500000001	7.7866429613478977e-05
Br-	1.7427128300000001	8.1187746516423582e-05
Br-	1.7449282100000001	8.0818711304985288e-05
Br-	1.7471435900000001	7.0448821863569361e-05
Br-	1.7493589700000001	6.6204916932029035e-05
Br-	1.7515743500000001	6.808699651036431e-05
Br-	1.75378973	5.3657719743127217e-05
Br-	1.75600511	2.0112419023386738e-05
Br-	1.75822049	9.1520732436695504e-06
Br-	1.76043587	3.2659616212288566e-05
Br-	1.76265125	3.5574994382651045e-05
Br-	1.76486663	3.4025046494610232e-05
Br-	1.76708201	6.0263450027872574e-05
Br-	1.76929739	9.8163366242584859e-05
Br-	1.77151277	0.00011159624793893858
Br-	1.7737281500000002	0.00012299943597238172
Br-	1.7759435300000002	0.00012569339301588122
Br-	1.7781589100000001	0.00013543592259785203
Br-	1.7803742900000001	0.00014167261767115914
Br-	1.7825896700000001	0.00013772394090876943
Br-	1.7848050500000001	0.00014953306767479468
Br-	1.7870204300000001	0.00015429362190234861
Br-	1.7892358100000001	0.00016425757261118241
Br-	1.7914511900000001	0.00014643317189871302
Br-	1.7936665700000001	0.00015307580570460226
Br-	1.7958819500000001	0.00014731885640616497
Br-	1.79809733	0.00013510379090755757
Br-	1.80031271	0.00010731543948625694
Br-	1.80252809	0.00013657993175331186
Br-	1.80474347	0.00014783550570217843
Br-	1.80695885	0.00013720729161275456
Br-	1.80917423	0.00015938630782019481
Br-	1.81138961	0.00016912883740216481
Br-	1.81360499	0.00017625121698292316
Br-	1.81582037	0.00017614050641949112
Br-	1.81803575	0.00016525396768206122
Br-	1.8202511299999999	0.0001975445486829113
Br-	1.8224665099999999	0.00021333925573247
Br-	1.8246818900000001	0.00021333925573247008
Br-	1.8268972700000001	0.0002286911205283031
Br-	1.8291126500000001	0.00025160820715862121
Br-	1.8313280300000001	0.00029323537900886073
Br-	1.8335434100000001	0.0003261533198691568
Br-	1.8357587900000001	0.00033032341775841021
Br-	1.8379741700000001	0.00038564179595301074
Br-	1.8401895500000001	0.00038401804102268966
Br-	1.8424049300000001	0.00044003758611901975
Br-	1.84462031	0.00047535425585366225
Br-	1.84683569	0.00051698142770389586
Br-	1.84905107	0.00055399565941115388
Br-	1.85126645	0.00054635663053437928
Br-	1.85348183	0.00056277869744338147
Br-	1.85569721	0.0005645500664582839
Br-	1.85791259	0.00055683723053922272
Br-	1.86012797	0.00053288684531687714
Br-	1.8623433500000002	0.00061418530239673217
Br-	1.8645587300000002	0.0006893946784878556
Br-	1.8667741100000002	0.00071216415103359865
Br-	1.8689894900000001	0.00073290392991643132
Br-	1.8712048700000001	0.00075541507781416825
Br-	1.8734202500000001	0.00085073687292868002
Br-	1.8756356300000001	0.00092402726592032635
Br-	1.8778510100000001	0.0010116731286369223
Br-	1.8800663900000001	0.0010501265976687948
Br-	1.8822817700000001	0.001096957166000317
Br-	1.8844971500000001	0.0010959976744505809
Br-	1.8867125300000001	0.0011138958822053315
Br-	1.88892791	0.0010968833589580264
Br-	1.89114329	0.0010724532279608216
Br-	1.89335867	0.0010832290561348143
Br-	1.89557405	0.0010690212004944349
Br-	1.89778943	0.0011023081765661642
Br-	1.90000481	0.0010921966117727511
Br-	1.90222019	0.0010799815462741405
Br-	1.90443557	0.0011164053216430969
Br-	1.90665095	0.0012217648745087265
Br-	1.9088663299999999	0.001260808799878896
Br-	1.9110817099999999	0.001377719154862545
Br-	1.9132970899999999	0.0014456954408094776
Br-	1.9155124700000001	0.0015807254246747479
Br-	1.9177278500000001	0.0016859373634558047
Br-	1.9199432300000001	0.0018308943945087664
Br-	1.9221586100000001	0.0018728906015704457
Br-	1.9243739900000001	0.0019897271495118245
Br-	1.9265893700000001	0.0020725386509585718
Br-	1.9288047500000001	0.0021722519650891944
Br-	1.9310201300000001	0.002284660090493296
Br-	1.93323551	0.002359426624330693
Br-	1.93545089	0.0025506237673768718
Br-	1.93766627	0.0025942806328900078
Br-	1.93988165	0.002615131122336268
Br-	1.94209703	0.0026972045533601415
Br-	1.94431241	0.0028013462900280247
Br-	1.9465277900000002	0.0028977013837345618
Br-	1.9487431700000002	0.0030084119471660495
Br-	1.9509585500000002	0.0032280986085352638
Br-	1.9531739300000002	0.0033999952100232204
Br-	1.9553893100000002	0.0035323312368449942
Br-	1.9576046900000001	0.0036099393418104701
Br-	1.9598200700000001	0.0037529773897639557
Br-	1.9620354500000001	0.0038196251489497155
Br-	1.9642508300000001	0.0040816401490709068
Br-	1.9664662100000001	0.0041496164350178465
Br-	1.9686815900000001	0.0044052840295023014
Br-	1.9708969700000001	0.0045346677746325509
Br-	1.9731123500000001	0.0046124234936825983
Br-	1.9753277300000001	0.0048137322015221855
Br-	1.97754311	0.0049334103205916219
Br-	1.97975849	0.0050430137783887934
Br-	1.98197387	0.0051432437418154333
Br-	1.98418925	0.0053089036482300818
Br-	1.98640463	0.0055195120433979127
Br-	1.98862001	0.0055208774736803506
Br-	1.99083539	0.0056781602807952853
Br-	1.99305077	0.0059949770098149972
Br-	1.99526615	0.006174807868348826
Br-	1.9974815299999999	0.0064021335585947676
Br-	1.9996969099999999	0.006557497382610248
Br-	2.0019122899999999	0.0068398093193605099
Br-	2.0041276699999999	0.0070985030025787271
Br-	2.0063430499999999	0.0073835827034147879
Br-	2.0085584299999999	0.0078189335423485273
Br-	2.0107738099999999	0.0081782631277259859
Br-	2.0129891900000003	0.008523089629293927
Br-	2.0152045700000003	0.0088900213400270271
Br-	2.0174199500000003	0.0092877305873940892
Br-	2.0196353300000003	0.0098374085348314436
Br-	2.0218507100000003	0.010075915991984038
Br-	2.0240660900000003	0.010389706632270054
Br-	2.0262814700000003	0.010889085080388392
Br-	2.0284968500000002	0.010996548133959273
Br-	2.0307122300000002	0.0115199876778634
Br-	2.0329276100000002	0.011895517909023068
Br-	2.0351429900000002	0.012464791626187657
Br-	2.0373583700000002	0.01275389381082841
Br-	2.0395737500000002	0.013026573928560162
Br-	2.0417891300000002	0.013407344459722189
Br-	2.0440045100000002	0.013753794716220454
Br-	2.0462198900000002	0.014397871870743702
Br-	2.0484352700000001	0.014746351820904877
Br-	2.0506506500000001	0.015186167985897028
Br-	2.0528660300000001	0.015833086711548351
Br-	2.0550814100000001	0.01634479093572868
Br-	2.0572967900000001	0.016654116249956254
Br-	2.0595121700000001	0.017026029936043765
Br-	2.0617275500000001	0.017660549078590757
Br-	2.0639429300000001	0.017861304233613186
Br-	2.0661583100000001	0.018187937299257217
Br-	2.06837369	0.018492834190947532
Br-	2.07058907	0.018980255898215222
Br-	2.07280445	0.019672713568958031
Br-	2.07501983	0.020422703829164064
Br-	2.07723521	0.021032165480854396
Br-	2.07945059	0.021844338174187787
Br-	2.08166597	0.022512033582243081
Br-	2.08388135	0.023392773017861704
Br-	2.08609673	0.024504122557108113
Br-	2.0883121099999999	0.025687323252021912
Br-	2.0905274899999999	0.026787527927882679
Br-	2.0927428699999999	0.02753080174724036
Br-	2.0949582499999999	0.028588788794912633
Br-	2.0971736299999999	0.029397086618525775
Br-	2.0993890099999999	0.029938424370184489
Br-	2.1016043899999999	0.030678709004329598
Br-	2.1038197699999999	0.031540369319516787
Br-	2.1060351499999999	0.03249506341150759
Br-	2.1082505299999998	0.033000088098360851
Br-	2.1104659100000003	0.033967772229794323
Br-	2.1126812900000003	0.034605612689244274
Br-	2.1148966700000003	0.035568093424196506
Br-	2.1171120500000002	0.03667464550569427
Br-	2.1193274300000002	0.03759180871668192
Br-	2.1215428100000002	0.038948935706746332
Br-	2.1237581900000002	0.040661886447679554
Br-	2.1259735700000002	0.04175980310522974
Br-	2.1281889500000002	0.043211034074210973
Br-	2.1304043300000002	0.044877892317235615
Br-	2.1326197100000002	0.046075374674831922
Br-	2.1348350900000002	0.047592810560744658
Br-	2.1370504700000001	0.048783982416225169
Br-	2.1392658500000001	0.0500294024477871
Br-	2.1414812300000001	0.051002806624997878
Br-	2.1436966100000001	0.052569988457412863
Br-	2.1459119900000001	0.0540800436390972
Br-	2.1481273700000001	0.055754245682829287
Br-	2.1503427500000001	0.057357445351880643
Br-	2.1525581300000001	0.058599728584145347
Br-	2.1547735100000001	0.060260387035617653
Br-	2.15698889	0.061211612196620989
Br-	2.15920427	0.062304879010507852
Br-	2.16141965	0.063672892539309078
Br-	2.16363503	0.065664095829666175
Br-	2.16585041	0.067207105855731544
Br-	2.16806579	0.068951867431890287
Br-	2.17028117	0.069775775444947105
Br-	2.17249655	0.071573825705637625
Br-	2.17471193	0.073670831391114383
Br-	2.1769273099999999	0.075452717909544026
Br-	2.1791426899999999	0.077612939326740252
Br-	2.1813580699999999	0.079412096693065315
Br-	2.1835734500000004	0.081205607820655418
Br-	2.1857888300000003	0.083484843093540664
Br-	2.1880042100000003	0.085752601371350212
Br-	2.1902195900000003	0.08819188721543636
Br-	2.1924349700000003	0.090950240903332091
Br-	2.1946503500000003	0.093187516872677026
Br-	2.1968657300000003	0.095481476650498942
Br-	2.1990811100000003	0.098004496584060644
Br-	2.2012964900000003	0.10018811483366259
Br-	2.2035118700000003	0.10248048776007548
Br-	2.2057272500000003	0.10521120071063331
Br-	2.2079426300000002	0.10838350119519911
Br-	2.2101580100000002	0.11024783017986423
Br-	2.2123733900000002	0.11256972592319166
Br-	2.2145887700000002	0.11501901262150757
Br-	2.2168041500000002	0.11815444648845071
Br-	2.2190195300000002	0.12094029329959835
Br-	2.2212349100000002	0.12338356472396783
Br-	2.2234502900000002	0.1257548373785857
Br-	2.2256656700000002	0.12858792069679748
Br-	2.2278810500000001	0.13092705038449906
Br-	2.2300964300000001	0.13423113334306946
Br-	2.2323118100000001	0.1371847804648581
Br-	2.2345271900000001	0.14082719490527518
Br-	2.2367425700000001	0.14478834505781146
Br-	2.2389579500000001	0.14846349292148309
Br-	2.2411733300000001	0.1523058137359363
Br-	2.2433887100000001	0.15654174750690955
Br-	2.2456040900000001	0.16007762148178437
Br-	2.24781947	0.16400448826317804
Br-	2.25003485	0.16806501959815467
Br-	2.25225023	0.17197985583165545
Br-	2.25446561	0.17518167913313637
Br-	2.25668099	0.1790425624187249
Br-	2.25889637	0.1828910461212091
Br-	2.26111175	0.18665472553210477
Br-	2.26332713	0.19014827116822761
Br-	2.26554251	0.19365045222829813
Br-	2.2677578899999999	0.19681031622624129
Br-	2.2699732699999999	0.20068629305197608
Br-	2.2721886499999999	0.20457979905025434
Br-	2.2744040299999999	0.20933042623061937
Br-	2.2766194099999999	0.21377290900943355
Br-	2.2788347899999999	0.21905771465835583
Br-	2.2810501699999999	0.22530263921687724
Br-	2.2832655499999999	0.23037178068823527
Br-	2.2854809299999999	0.23529806862924568
Br-	2.2876963099999998	0.24011471620893804
Br-	2.2899116900000003	0.24467588071175175
Br-	2.2921270700000003	0.24984027017118271
Br-	2.2943424500000003	0.25548698865196362
Br-	2.2965578300000002	0.26101288500451986
Br-	2.2987732100000002	0.26589798861593478
Br-	2.3009885900000002	0.27049502334130116
Br-	2.3032039700000002	0.27483580001584496
Br-	2.3054193500000002	0.28072335087561134
Br-	2.3076347300000002	0.28560874971519606
Br-	2.3098501100000002	0.28941394558737993
Br-	2.3120654900000002	0.29544955337397583
Br-	2.3142808700000002	0.30157358199722795
Br-	2.3164962500000001	0.30746607792882658
Br-	2.3187116300000001	0.31177271884631141
Br-	2.3209270100000001	0.31742076585385326
Br-	2.3231423900000001	0.32302445482898029
Br-	2.3253577700000001	0.32938012685445506
Br-	2.3275731500000001	0.33372511053040832
Br-	2.3297885300000001	0.3393852987964065
Br-	2.3320039100000001	0.3459281085776062
Br-	2.3342192900000001	0.35137038155124761
Br-	2.33643467	0.35751884030549747
Br-	2.33865005	0.36551642379370153
Br-	2.34086543	0.37220430131651133
Br-	2.34308081	0.37838807674049668
Br-	2.34529619	0.38483519569136476
Br-	2.34751157	0.39224291329760685
Br-	2.34972695	0.40041172912391959
Br-	2.35194233	0.40808511517887669
Br-	2.35415771	0.41591128181136949
Br-	2.3563730900000004	0.42458405212242312
Br-	2.3585884700000004	0.43132418503117476
Br-	2.3608038500000004	0.43902085720797468
Br-	2.3630192300000004	0.44610367621406843
Br-	2.3652346100000003	0.455055584759055
Br-	2.3674499900000003	0.46286621500914782
Br-	2.3696653700000003	0.4712245304165365
Br-	2.3718807500000003	0.47846644050228232
Br-	2.3740961300000003	0.48744196730080203
Br-	2.3763115100000003	0.4956434796468514
Br-	2.3785268900000003	0.50247291907676617
Br-	2.3807422700000003	0.51108952222863879
Br-	2.3829576500000003	0.52003493575390292
Br-	2.3851730300000002	0.52732031818755409
Br-	2.3873884100000002	0.53454739305779819
Br-	2.3896037900000002	0.54248493451710322
Br-	2.3918191700000002	0.55018924572277916
Br-	2.3940345500000002	0.55826200168355522
Br-	2.3962499300000002	0.56505188053880828
Br-	2.3984653100000002	0.57151959165447574
Br-	2.4006806900000002	0.57936970867219095
Br-	2.4028960700000002	0.58778651616059097
Br-	2.4051114500000002	0.59719850090367654
Br-	2.4073268300000001	0.60641080069385278
Br-	2.4095422100000001	0.61545315976916171
Br-	2.4117575900000001	0.62510010923137016
Br-	2.4139729700000001	0.63498984695918359
Br-	2.4161883500000001	0.64490740994193962
Br-	2.4184037300000001	0.65431478174488222
Br-	2.4206191100000001	0.66347478924559766
Br-	2.4228344900000001	0.67424832940128498
Br-	2.4250498700000001	0.68481052309138124
Br-	2.42726525	0.69544327631390468
Br-	2.42948063	0.7051717087507986
Br-	2.43169601	0.7141217352162057
Br-	2.43391139	0.72439039829912411
Br-	2.43612677	0.73427714684172496
Br-	2.43834215	0.74244555672930579
Br-	2.44055753	0.75122848405097353
Br-	2.44277291	0.76062349317434275
Br-	2.44498829	0.77227419312409218
Br-	2.4472036699999999	0.78225582061954901
Br-	2.4494190499999999	0.79200466070363107
Br-	2.4516344299999999	0.80254124335004995
Br-	2.4538498099999999	0.81240636642925745
Br-	2.4560651899999999	0.82353041622876599
Br-	2.4582805699999999	0.83318046558674841
Br-	2.4604959499999999	0.84376631443389649
Br-	2.4627113299999999	0.85285805042049512
Br-	2.4649267100000003	0.86510230660432696
Br-	2.4671420900000003	0.87604552915023359
Br-	2.4693574700000003	0.88572244427161162
Br-	2.4715728500000003	0.8972171161339717
Br-	2.4737882300000003	0.90710844071319652
Br-	2.4760036100000002	0.91617895717514086
Br-	2.4782189900000002	0.92652279273063232
Br-	2.4804343700000002	0.93627096855134206
Br-	2.4826497500000002	0.94513397651389619
Br-	2.4848651300000002	0.95738398964703175
Br-	2.4870805100000002	0.96645745839067043
Br-	2.4892958900000002	0.97764845117752663
Br-	2.4915112700000002	0.98792755795692877
Br-	2.4937266500000002	0.99927099918964013
Br-	2.4959420300000001	1.0094004621908039
Br-	2.4981574100000001	1.0208210686862269
Br-	2.5003727900000001	1.0320213611604212
Br-	2.5025881700000001	1.042549013154727
Br-	2.5048035500000001	1.054186944486166
Br-	2.5070189300000001	1.0643300986936874
Br-	2.5092343100000001	1.0751344163860013
Br-	2.5114496900000001	1.0847902965003198
Br-	2.5136650700000001	1.0963831317289154
Br-	2.51588045	1.1077658383081188
Br-	2.51809583	1.1164753645262273
Br-	2.52031121	1.1253982669035902
Br-	2.52252659	1.1346055847184093
Br-	2.52474197	1.1456199203495583
Br-	2.52695735	1.1564070040975039
Br-	2.52917273	1.1663788521598621
Br-	2.5313881100000004	1.1756959948536085
Br-	2.5336034900000004	1.1887252627392131
Br-	2.5358188700000004	1.2008552656215858
Br-	2.5380342500000004	1.2127543262686413
Br-	2.5402496300000004	1.2239963935287739
Br-	2.5424650100000004	1.2360945117688806
Br-	2.5446803900000003	1.246567362034293
Br-	2.5468957700000003	1.2588339817519438
Br-	2.5491111500000003	1.2689821548383342
Br-	2.5513265300000003	1.2802156973850862
Br-	2.5535419100000003	1.2916311373875362
Br-	2.5557572900000003	1.3025549855848422
Br-	2.5579726700000003	1.3127270352494058
Br-	2.5601880500000003	1.3221819018840606
Br-	2.5624034300000003	1.3300961203180028
Br-	2.5646188100000002	1.3395303209808169
Br-	2.5668341900000002	1.3487635081639606
Br-	2.5690495700000002	1.3584961476022648
Br-	2.5712649500000002	1.3669888656336577
Br-	2.5734803300000002	1.3744585811554222
Br-	2.5756957100000002	1.3843328932113979
Br-	2.5779110900000002	1.3933448068817631
Br-	2.5801264700000002	1.401506832460186
Br-	2.5823418500000002	1.4114914122373394
Br-	2.5845572300000001	1.4234890790928885
Br-	2.5867726100000001	1.4326403035555715
Br-	2.5889879900000001	1.4432073316069376
Br-	2.5912033700000001	1.4547665477277774
Br-	2.5934187500000001	1.4634802071402582
Br-	2.5956341300000001	1.4740567932036004
Br-	2.5978495100000001	1.4844181948351534
Br-	2.6000648900000001	1.4936797239225355
Br-	2.6022802700000001	1.5004550258869367
Br-	2.6044956500000001	1.5080206536601541
Br-	2.60671103	1.517027769872771
Br-	2.60892641	1.5257055221591789
Br-	2.61114179	1.5337846993326338
Br-	2.61335717	1.5426599223606823
Br-	2.61557255	1.5507420887193502
Br-	2.61778793	1.5578853925965976
Br-	2.62000331	1.5667022711577177
Br-	2.62221869	1.5744690231211691
Br-	2.62443407	1.585325337874782
Br-	2.6266494499999999	1.5960574353762429
Br-	2.6288648299999999	1.6064203131486312
Br-	2.6310802099999999	1.6119231078969418
Br-	2.6332955899999999	1.6202051806296376
Br-	2.6355109699999999	1.6270341034102538
Br-	2.6377263499999999	1.6352150973985384
Br-	2.6399417299999999	1.6412130266900402
Br-	2.6421571099999999	1.6460708216958044
Br-	2.6443724899999999	1.6492200205761318
Br-	2.6465878699999998	1.6528982314320566
Br-	2.6488032500000003	1.659687630541534
Br-	2.6510186300000003	1.6652837911983485
Br-	2.6532340100000003	1.6706623317909786
Br-	2.6554493900000002	1.6770934346136741
Br-	2.6576647700000002	1.6847688872658193
Br-	2.6598801500000002	1.6921243494861276
Br-	2.6620955300000002	1.6999223956355149
Br-	2.6643109100000002	1.708268680495016
Br-	2.6665262900000002	1.7154188853307255
Br-	2.6687416700000002	1.7232884136005717
Br-	2.6709570500000002	1.7291875521660058
Br-	2.6731724300000002	1.73486338752494
Br-	2.6753878100000001	1.7397445055560607
Br-	2.6776031900000001	1.7438247802748406
Br-	2.6798185700000001	1.7485743003495651
Br-	2.6820339500000001	1.7528497946951984
Br-	2.6842493300000001	1.7519298637201195
Br-	2.6864647100000001	1.7533144100263895
Br-	2.6886800900000001	1.7558557341064356
Br-	2.6908954700000001	1.7586883007753493
Br-	2.6931108500000001	1.7585675155506453
Br-	2.6953262300000005	1.7601774685640663
Br-	2.6975416100000005	1.7619255514571304
Br-	2.6997569900000005	1.7658869230307963
Br-	2.7019723700000005	1.7683374644488352
Br-	2.7041877500000004	1.7731894656017886
Br-	2.7064031300000004	1.774254980967781
Br-	2.7086185100000004	1.7765944427871803
Br-	2.7108338900000004	1.7794980856378275
Br-	2.7130492700000004	1.7816090039507855
Br-	2.7152646500000004	1.7868518133926576
Br-	2.7174800300000004	1.7907385291430273
Br-	2.7196954100000004	1.7918184368822594
Br-	2.7219107900000004	1.7914575942525151
Br-	2.7241261700000003	1.792841033453155
Br-	2.7263415500000003	1.7928229876313153
Br-	2.7285569300000003	1.7931849373666942
Br-	2.7307723100000003	1.7946298209300386
Br-	2.7329876900000003	1.7963187105751861
Br-	2.7352030700000003	1.7947091635004979
Br-	2.7374184500000003	1.7941884917206794
Br-	2.7396338300000003	1.7938269479240334
Br-	2.7418492100000003	1.7901216867871084
Br-	2.7440645900000002	1.7909633453938358
Br-	2.7462799700000002	1.7883828666778534
Br-	2.7484953500000002	1.7887740440019777
Br-	2.7507107300000002	1.784122761100531
Br-	2.7529261100000002	1.7835952990728223
Br-	2.7551414900000002	1.7833146477945236
Br-	2.7573568700000002	1.7835534504798451
Br-	2.7595722500000002	1.7817294939473114
Br-	2.7617876300000002	1.7771935714529596
Br-	2.7640030100000001	1.7719127144807991
Br-	2.7662183900000001	1.7717469069603
Br-	2.7684337700000001	1.7698112434692637
Br-	2.7706491500000001	1.7668938356052384
Br-	2.7728645300000001	1.7660115093182105
Br-	2.7750799100000001	1.7617490788190562
Br-	2.7772952900000001	1.7601218549577402
Br-	2.7795106700000001	1.7551146375948607
Br-	2.7817260500000001	1.7524838224760384
Br-	2.7839414300000001	1.749226754603405
Br-	2.78615681	1.7468043705720031
Br-	2.78837219	1.7450861057240257
Br-	2.79058757	1.7435328365190816
Br-	2.79280295	1.7401685639175257
Br-	2.79501833	1.7357898135197258
Br-	2.79723371	1.7336952803701653
Br-	2.79944909	1.7299690580332308
Br-	2.80166447	1.7238993513931182
Br-	2.80387985	1.717170363347742
Br-	2.8060952299999999	1.7119179220868526
Br-	2.8083106099999999	1.7056659120522626
Br-	2.8105259899999999	1.7021941394936075
Br-	2.8127413699999999	1.6947191836718343
Br-	2.8149567499999999	1.687667252912934
Br-	2.8171721299999999	1.6832917869285122
Br-	2.8193875099999999	1.675590760136215
Br-	2.8216028899999999	1.6695596176756777
Br-	2.8238182700000003	1.6631051918276212
Br-	2.8260336500000003	1.6578362915963119
Br-	2.8282490300000003	1.6522176935986443
Br-	2.8304644100000003	1.6437864199299588
Br-	2.8326797900000003	1.6348902357019042
Br-	2.8348951700000002	1.6292030709619549
Br-	2.8371105500000002	1.6208289608475244
Br-	2.8393259300000002	1.6147642730862759
Br-	2.8415413100000002	1.6053943214537814
Br-	2.8437566900000002	1.596707896839914
Br-	2.8459720700000002	1.5876312174899687
Br-	2.8481874500000002	1.5787186480984943
Br-	2.8504028300000002	1.5697121592457286
Br-	2.8526182100000002	1.5616111351877493
Br-	2.8548335900000001	1.5546867429979203
Br-	2.8570489700000001	1.5480081651624316
Br-	2.8592643500000001	1.5418515138264812
Br-	2.8614797300000001	1.5347655211175666
Br-	2.8636951100000001	1.5260352182170474
Br-	2.8659104900000001	1.5164832953217828
Br-	2.8681258700000001	1.507418978651393
Br-	2.8703412500000005	1.4963430141399328
Br-	2.8725566300000005	1.4838492163461274
Br-	2.8747720100000005	1.4717785912292793
Br-	2.8769873900000005	1.4620989083438198
Br-	2.8792027700000005	1.4511638783796119
Br-	2.8814181500000005	1.4418793214950414
Br-	2.8836335300000004	1.4307139028483344
Br-	2.8858489100000004	1.4196859498178891
Br-	2.8880642900000004	1.4092023975313583
Br-	2.8902796700000004	1.3981469144741419
Br-	2.8924950500000004	1.3897115814181109
Br-	2.8947104300000004	1.3827068871662798
Br-	2.8969258100000004	1.3733315476196899
Br-	2.8991411900000004	1.3642905539746633
Br-	2.9013565700000004	1.3558905375883836
Br-	2.9035719500000003	1.3475305246190241
Br-	2.9057873300000003	1.3382427202245875
Br-	2.9080027100000003	1.3277484659169168
Br-	2.9102180900000003	1.3178437822630402
Br-	2.9124334700000003	1.3077831443288097
Br-	2.9146488500000003	1.2954909873745328
Br-	2.9168642300000003	1.2847838366533835
Br-	2.9190796100000003	1.2739701823702128
Br-	2.9212949900000003	1.2625714965663493
Br-	2.9235103700000002	1.2516118888570549
Br-	2.9257257500000002	1.2445022040875695
Br-	2.9279411300000002	1.2347919650865995
Br-	2.9301565100000002	1.2262510141530718
Br-	2.9323718900000002	1.2149917498520897
Br-	2.9345872700000002	1.2073713941570157
Br-	2.9368026500000002	1.1981450710288049
Br-	2.9390180300000002	1.186880012875003
Br-	2.9412334100000002	1.1746854288306305
Br-	2.9434487900000001	1.1631861809316499
Br-	2.9456641700000001	1.1507856383357737
Br-	2.9478795500000001	1.1379939922228153
Br-	2.9500949300000001	1.1258528075735379
Br-	2.9523103100000001	1.1125803454835963
Br-	2.9545256900000001	1.1013927847241964
Br-	2.9567410700000001	1.0888033330035851
Br-	2.9589564500000001	1.0761473073308301
Br-	2.9611718300000001	1.0639973027399994
Br-	2.96338721	1.0512428553763535
Br-	2.96560259	1.0388190635621568
Br-	2.96781797	1.0298313216981407
Br-	2.97003335	1.0202932007197856
Br-	2.97224873	1.0101123680171895
Br-	2.97446411	1.0003914269950878
Br-	2.97667949	0.98814381259084161
Br-	2.97889487	0.97773318166207734
Br-	2.98111025	0.9648379842687842
Br-	2.98332563	0.95566037378847868
Br-	2.9855410099999999	0.94335386136447319
Br-	2.9877563899999999	0.93284026961171995
Br-	2.9899717699999999	0.9217878495467462
Br-	2.9921871499999999	0.91094127732271346
Br-	2.9944025299999999	0.9015558262113289
Br-	2.9966179099999999	0.89157873784896691
Br-	2.9988332900000003	0.88290629966960332
Br-	3.0010486700000003	0.87213316545264918
Br-	3.0032640500000003	0.8629365127554387
Br-	3.0054794300000003	0.85101257913513639
Br-	3.0076948100000003	0.84125838804048625
Br-	3.0099101900000003	0.83060175823978555
Br-	3.0121255700000003	0.82150939489332975
Br-	3.0143409500000002	0.80988792253232478
Br-	3.0165563300000002	0.79929978566686866
Br-	3.0187717100000002	0.78848007920623564
Br-	3.0209870900000002	0.77611167957728888
Br-	3.0232024700000002	0.76751876848597611
Br-	3.0254178500000002	0.75778760518851396
Br-	3.0276332300000002	0.75036029181254005
Br-	3.0298486100000002	0.73880797665015185
Br-	3.0320639900000002	0.73010782392640716
Br-	3.0342793700000001	0.71940580279469468
Br-	3.0364947500000001	0.7088791471954583
Br-	3.0387101300000001	0.69896018187889764
Br-	3.0409255100000001	0.68937593149911203
Br-	3.0431408900000001	0.67900386474994845
Br-	3.0453562700000005	0.66916165875736833
Br-	3.0475716500000005	0.66020635508843828
Br-	3.0497870300000005	0.65021144232536598
Br-	3.0520024100000005	0.64269585572682109
Br-	3.0542177900000005	0.63456165540334264
Br-	3.0564331700000005	0.6263786317213913
Br-	3.0586485500000005	0.61712381907486025
Br-	3.0608639300000005	0.60913070091271593
Br-	3.0630793100000004	0.6023775041574837
Br-	3.0652946900000004	0.5951284347886423
Br-	3.0675100700000004	0.58769835364857836
Br-	3.0697254500000004	0.57897904799736244
Br-	3.0719408300000004	0.57033196253702501
Br-	3.0741562100000004	0.56019855085909875
Br-	3.0763715900000004	0.55064164598848142
Br-	3.0785869700000004	0.54108610654814637
Br-	3.0808023500000004	0.53175840944735331
Br-	3.0830177300000003	0.5233130017300669
Br-	3.0852331100000003	0.51288307025975
Br-	3.0874484900000003	0.50395968813660874
Br-	3.0896638700000003	0.49580973000959982
Br-	3.0918792500000003	0.48812390746801682
Br-	3.0940946300000003	0.48051908815534461
Br-	3.0963100100000003	0.4741497618270466
Br-	3.0985253900000003	0.468060976066484
Br-	3.1007407700000003	0.46089733834908625
Br-	3.1029561500000002	0.45326808890541676
Br-	3.1051715300000002	0.44680982509116218
Br-	3.1073869100000002	0.43966275705475788
Br-	3.1096022900000002	0.43075778978866741
Br-	3.1118176700000002	0.42321906468236381
Br-	3.1140330500000002	0.4152391579807857
Br-	3.1162484300000002	0.4080927173042409
Br-	3.1184638100000002	0.40005446613573437
Br-	3.1206791900000002	0.39296928530428837
Br-	3.1228945700000001	0.38642581125971265
Br-	3.1251099500000001	0.37872168457164235
Br-	3.1273253300000001	0.37194830159034059
Br-	3.1295407100000001	0.36432934822907026
Br-	3.1317560900000001	0.35875156552578619
Br-	3.1339714700000001	0.35360326600157405
Br-	3.1361868500000001	0.34743281274872018
Br-	3.1384022300000001	0.3405052837596006
Br-	3.1406176100000001	0.33522675170927191
Br-	3.14283299	0.3300401832336336
Br-	3.14504837	0.32375924083847507
Br-	3.14726375	0.31720823847558599
Br-	3.14947913	0.31089024494519901
Br-	3.15169451	0.30383628449264366
Br-	3.15390989	0.2980849076258974
Br-	3.15612527	0.29370519773654635
Br-	3.15834065	0.28854903776232932
Br-	3.16055603	0.28420202439271197
Br-	3.1627714099999999	0.27870332593523822
Br-	3.1649867899999999	0.27454337651429933
Br-	3.1672021699999999	0.26943729461827515
Br-	3.1694175499999999	0.26432811282647506
Br-	3.1716329299999999	0.25975720579407902
Br-	3.1738483100000003	0.25461444179803833
Br-	3.1760636900000003	0.24975649917818593
Br-	3.1782790700000003	0.24568873475306538
Br-	3.1804944500000003	0.23962899206364335
Br-	3.1827098300000003	0.23467558003459243
Br-	3.1849252100000003	0.22987147965208957
Br-	3.1871405900000003	0.22476274070254454
Br-	3.1893559700000003	0.21953074399237932
Br-	3.1915713500000003	0.21452467063865679
Br-	3.1937867300000002	0.20969208073783349
Br-	3.1960021100000002	0.20542629201825546
Br-	3.1982174900000002	0.20183259022574432
Br-	3.2004328700000002	0.19828298814100317
Br-	3.2026482500000002	0.19385858808754766
Br-	3.2048636300000002	0.18946743810664282
Br-	3.2070790100000002	0.18471249321430225
Br-	3.2092943900000002	0.18099763716187944
Br-	3.2115097700000002	0.17689503581279856
Br-	3.2137251500000001	0.17326420907802048
Br-	3.2159405300000001	0.16949790951712357
Br-	3.2181559100000006	0.16663345820593961
Br-	3.2203712900000006	0.16379993204547433
Br-	3.2225866700000005	0.16088326225187211
Br-	3.2248020500000005	0.15744673255591685
Br-	3.2270174300000005	0.15462291202151271
Br-	3.2292328100000005	0.15151999015669793
Br-	3.2314481900000005	0.14855933136589267
Br-	3.2336635700000005	0.14527351565028929
Br-	3.2358789500000005	0.14251357511098556
Br-	3.2380943300000005	0.13881606371350189
Br-	3.2403097100000005	0.13593282851005373
Br-	3.2425250900000004	0.13309199545240177
Br-	3.2447404700000004	0.13003922547282082
Br-	3.2469558500000004	0.125945296451209
Br-	3.2491712300000004	0.12223520095301418
Br-	3.2513866100000004	0.11963206347504961
Br-	3.2536019900000004	0.11687747394631079
Br-	3.2558173700000004	0.11425913221763499
Br-	3.2580327500000004	0.11195860361304984
Br-	3.2602481300000004	0.10951533218868037
Br-	3.2624635100000003	0.10717801077351483
Br-	3.2646788900000003	0.1044246759644949
Br-	3.2668942700000003	0.10205421518734217
Br-	3.2691096500000003	0.099615076957340815
Br-	3.2713250300000003	0.097478215469028545
Br-	3.2735404100000003	0.095006749754505182
Br-	3.2757557900000003	0.092986909331739989
Br-	3.2779711700000003	0.090851118045540913
Br-	3.2801865500000003	0.089239947215922488
Br-	3.2824019300000002	0.0870044795191139
Br-	3.2846173100000002	0.085234881873225019
Br-	3.2868326900000002	0.08358935386542167
Br-	3.2890480700000002	0.081420644638362294
Br-	3.2912634500000002	0.078819647564624076
Br-	3.2934788300000002	0.077046064338451653
Br-	3.2956942100000002	0.075556527514523297
Br-	3.2979095900000002	0.073103070718318119
Br-	3.3001249700000002	0.071444995513325893
Br-	3.3023403500000001	0.069460766988464498
Br-	3.3045557300000001	0.067480339526280922
Br-	3.3067711100000001	0.065477253302115027
Br-	3.3089864900000001	0.063573954199122054
Br-	3.3112018700000001	0.061669547990494768
Br-	3.3134172500000001	0.059875741634735531
Br-	3.3156326300000001	0.058219954448054209
Br-	3.3178480100000001	0.056884785053070479
Br-	3.3200633900000001	0.055137735458600477
Br-	3.32227877	0.053236687470397275
Br-	3.32449415	0.051844649749331388
Br-	3.32670953	0.050628235885388229
Br-	3.32892491	0.049218558281214866
Br-	3.33114029	0.048384243475194974
Br-	3.33335567	0.0471857647225278
Br-	3.33557105	0.046152429226979291
Br-	3.33778643	0.045167769475819519
Br-	3.34000181	0.043989587659781539
Br-	3.3422171899999999	0.04296027464803779
Br-	3.3444325699999999	0.042261469571658203
Br-	3.3466479500000004	0.041492141866372796
Br-	3.3488633300000004	0.04044677582293156
Br-	3.3510787100000003	0.03960478508451401
Br-	3.3532940900000003	0.038944654898293268
Br-	3.3555094700000003	0.038017380122512379
Br-	3.3577248500000003	0.037243402573562984
Br-	3.3599402300000003	0.036309669681581981
Br-	3.3621556100000003	0.035338922557893747
Br-	3.3643709900000003	0.033947106257954454
Br-	3.3665863700000003	0.032899784327892825
Br-	3.3688017500000003	0.032010040433115644
Br-	3.3710171300000003	0.031074646882682386
Br-	3.3732325100000002	0.029841626434224645
Br-	3.3754478900000002	0.028916012316895012
Br-	3.3776632700000002	0.027911240146711886
Br-	3.3798786500000002	0.026672056810223169
Br-	3.3820940300000002	0.025859662695762852
Br-	3.3843094100000002	0.024923863206597584
Br-	3.3865247900000002	0.024304880446452105
Br-	3.3887401700000002	0.023815650466648346
Br-	3.3909555500000002	0.023055031992352881
Br-	3.3931709300000006	0.022775709240815244
Br-	3.3953863100000006	0.022761538288696037
Br-	3.3976016900000006	0.022242748588456131
Br-	3.3998170700000006	0.021518664600093114
Br-	3.4020324500000005	0.021237090733765771
Br-	3.4042478300000005	0.020711436978593154
Br-	3.4064632100000005	0.020316052653058272
Br-	3.4086785900000005	0.019760802273928336
Br-	3.4108939700000005	0.019095542498268663
Br-	3.4131093500000005	0.0183890245859702
Br-	3.4153247300000005	0.017697674020861451
Br-	3.4175401100000005	0.016936538897269982
Br-	3.4197554900000005	0.016069269246868856
Br-	3.4219708700000004	0.015554502030433584
Br-	3.4241862500000004	0.014875034399133409
Br-	3.4264016300000004	0.014445661930624959
Br-	3.4286170100000004	0.013833211093721974
Br-	3.4308323900000004	0.013577654209800961
Br-	3.4330477700000004	0.013438343417483008
Br-	3.4352631500000004	0.013107872385640016
Br-	3.4374785300000004	0.012968229461631769
Br-	3.4396939100000004	0.01240980537968335
Br-	3.4419092900000003	0.011938916449888095
Br-	3.4441246700000003	0.011818205032226629
Br-	3.4463400500000003	0.011675609826526875
Br-	3.4485554300000003	0.011547628415200076
Br-	3.4507708100000003	0.011340488951019764
Br-	3.4529861900000003	0.011182504977003033
Br-	3.4552015700000003	0.010855429069105277
Br-	3.4574169500000003	0.010428123197780883
Br-	3.4596323300000003	0.010158026326529198
Br-	3.4618477100000002	0.009814196220032146
Br-	3.4640630900000002	0.0094468954740876167
Br-	3.4662784700000002	0.0093348194803738078
Br-	3.4684938500000002	0.0089322389682157787
Br-	3.4707092300000002	0.0084750043412437377
Br-	3.4729246100000002	0.0082247615643674336
Br-	3.4751399900000002	0.0079694630050944262
Br-	3.4773553700000002	0.0077284092049829363
Br-	3.4795707500000002	0.0073974953308862217
Br-	3.4817861300000001	0.0071251104413236205
Br-	3.4840015100000001	0.006797776208777858
Br-	3.4862168900000001	0.0065439906938717478
Br-	3.4884322700000001	0.0063541958846290349
Br-	3.4906476500000001	0.006146281446504703
Br-	3.4928630300000001	0.0058805391907479901
Br-	3.4950784100000001	0.0054913177532440269
Br-	3.4972937900000001	0.0053781346538959041
Br-	3.4995091700000001	0.0051525803326648561
Br-	3.50172455	0.0049209000269238795
Br-	3.50393993	0.0048281614782894212
Br-	3.50615531	0.0046428319951050965
Br-	3.50837069	0.0045073222654649437
Br-	3.51058607	0.0043242069935492539
Br-	3.51280145	0.0040543315434244248
Br-	3.51501683	0.0039383437764693632
Br-	3.51723221	0.0038579310038969554
Br-	3.51944759	0.0037524976439890327
Br-	3.5216629700000004	0.0036036657432159704
Br-	3.5238783500000004	0.003502586998803024
Br-	3.5260937300000004	0.0034404783727179631
Br-	3.5283091100000004	0.0031992031514796143
Br-	3.5305244900000003	0.0029510269717873717
Br-	3.5327398700000003	0.0028310536245487934
Br-	3.5349552500000003	0.0027861789428379087
Br-	3.5371706300000003	0.0026710399568691747
Br-	3.5393860100000003	0.0025595913230148266
Br-	3.5416013900000003	0.0025844642962657843
Br-	3.5438167700000003	0.0025225401877864741
Br-	3.5460321500000003	0.0023985812602643096
Br-	3.5482475300000003	0.002266577365132826
Br-	3.5504629100000002	0.0022653226454139295
Br-	3.5526782900000002	0.002258975239777185
Br-	3.5548936700000002	0.002182880179178605
Br-	3.5571090500000002	0.0021525823883195173
Br-	3.5593244300000002	0.0021936191038314525
Br-	3.5615398100000002	0.0020865988925143461
Br-	3.5637551900000002	0.0019600198149910117
Br-	3.5659705700000002	0.0018404155029638619
Br-	3.5681859500000006	0.0018019989374531364
Br-	3.5704013300000006	0.0017258669733334186
Br-	3.5726167100000006	0.0016361176099116289
Br-	3.5748320900000006	0.0015542286964934757
Br-	3.5770474700000006	0.001608513776096052
Br-	3.5792628500000006	0.0016747555965492299
Br-	3.5814782300000005	0.0016405460324489063
Br-	3.5836936100000005	0.0016253048782165116
Br-	3.5859089900000005	0.0016043436782068243
Br-	3.5881243700000005	0.001560280873961101
Br-	3.5903397500000005	0.0014146964830486807
Br-	3.5925551300000005	0.0013402989844227219
Br-	3.5947705100000005	0.0013481594344263571
Br-	3.5969858900000005	0.0012430951097298763
Br-	3.5992012700000005	0.0011543052378578241
Br-	3.6014166500000004	0.0010910156990961576
Br-	3.6036320300000004	0.0010332616885060653
Br-	3.6058474100000004	0.00095332866170853175
Br-	3.6080627900000004	0.00088424527012728423
Br-	3.6102781700000004	0.00080759665671155151
Br-	3.6124935500000004	0.00079907194332732711
Br-	3.6147089300000004	0.00083084587503216368
Br-	3.6169243100000004	0.00081859390601241261
Br-	3.6191396900000004	0.00076526831795957994
Br-	3.6213550700000003	0.00079896123276389556
Br-	3.6235704500000003	0.00080183970741311435
Br-	3.6257858300000003	0.00077988211233253604
Br-	3.6280012100000003	0.00079132220388712302
Br-	3.6302165900000003	0.00077445729472439332
Br-	3.6324319700000003	0.00072795885808316888
Br-	3.6346473500000003	0.0006833794045414236
Br-	3.6368627300000003	0.00069481949609601057
Br-	3.6390781100000003	0.00063931660029569175
Br-	3.6412934900000002	0.00058178401083246254
Br-	3.6435088700000002	0.00056820351505153352
Br-	3.6457242500000002	0.00058222685308618842
Br-	3.6479396300000002	0.00056931062068584848
Br-	3.6501550100000002	0.00056041687209018565
Br-	3.6523703900000002	0.00053521176714895423
Br-	3.6545857700000002	0.00049299413896041193
Br-	3.6568011500000002	0.00047343527275418076
Br-	3.6590165300000002	0.00041140045371140262
Br-	3.6612319100000001	0.0003647544029856015
Br-	3.6634472900000001	0.00034892279241489763
Br-	3.6656626700000001	0.00033988142973465855
Br-	3.6678780500000001	0.00034578599311767044
Br-	3.6700934300000001	0.00033017580367383022
Br-	3.6723088100000001	0.00032821991705320701
Br-	3.6745241900000005	0.00032272129240277635
Br-	3.6767395700000005	0.00033154123395615157
Br-	3.6789549500000005	0.00034740974804799835
Br-	3.6811703300000005	0.00032268438888163355
Br-	3.6833857100000005	0.00029910303887072765
Br-	3.6856010900000005	0.00030128034661821462
Br-	3.6878164700000005	0.00030157557478736646
Br-	3.6900318500000004	0.00028316071773659728
Br-	3.6922472300000004	0.00024252994095724328
Br-	3.6944626100000004	0.0002365515705319449
Br-	3.6966779900000004	0.00023334096419243391
Br-	3.6988933700000004	0.00020101347967043599
Br-	3.7011087500000004	0.00018237720149280237
Br-	3.7033241300000004	0.00015949701838362845
Br-	3.7055395100000004	0.00019592079375258762
Br-	3.7077548900000004	0.00017245015430511241
Br-	3.7099702700000003	0.00014694982119472664
Br-	3.7121856500000003	0.0001724132507839686
Br-	3.7144010300000003	0.00015802087753787533
Br-	3.7166164100000003	0.00015957082542591611
Br-	3.7188317900000003	0.00019186140642676644
Br-	3.7210471700000003	0.00018056892895675479
Br-	3.7232625500000003	0.00016706224021811341
Br-	3.7254779300000003	0.00015728280711499874
Br-	3.7276933100000003	0.00016141600148310758
Br-	3.7299086900000002	0.00015351864795832819
Br-	3.7321240700000002	0.0001504556557033904
Br-	3.7343394500000002	0.0001301587190742845
Br-	3.7365548300000002	0.00010912371202230203
Br-	3.7387702100000002	9.7536006383141014e-05
Br-	3.7409855900000002	9.5764637368236545e-05
Br-	3.7432009700000002	7.399155989337685e-05
Br-	3.7454163500000002	8.5579265532538586e-05
Br-	3.7476317300000002	8.6391142997702336e-05
Br-	3.7498471100000001	7.3290392991642658e-05
Br-	3.7520624900000001	5.8898019745549072e-05
Br-	3.7542778700000001	5.3399395095118305e-05
Br-	3.7564932500000001	4.8417419740701222e-05
Br-	3.7587086300000001	4.6387726077790517e-05
Br-	3.7609240100000001	3.7124942270689425e-05
Br-	3.7631393900000005	4.6941278894947952e-05
Br-	3.7653547700000005	4.5649655654914052e-05
Br-	3.7675701500000005	5.9931318337576032e-05
Br-	3.7697855300000005	6.7717961298924173e-05
Br-	3.7720009100000005	7.5689121865991555e-05
Br-	3.7742162900000005	7.4028463414519666e-05
Br-	3.7764316700000005	6.9046488060103253e-05
Br-	3.7786470500000005	6.0743195802742297e-05
Br-	3.7808624300000004	4.6682954246944108e-05
Br-	3.7830778100000004	5.3177973968258701e-05
Br-	3.7852931900000004	6.0226546506728763e-05
Br-	3.7875085700000004	5.8012335238099026e-05
Br-	3.7897239500000004	4.0224838046773483e-05
Br-	3.7919393300000004	3.9117732412458629e-05
Br-	3.7941547100000004	3.4320274663760868e-05
Br-	3.7963700900000004	3.6017836636376996e-05
Br-	3.7985854700000004	2.8083579590453785e-05
Br-	3.8008008500000003	2.7013377477282745e-05
Br-	3.8030162300000003	3.7051135228404221e-05
Br-	3.8052316100000003	3.2253677479706454e-05
Br-	3.8074469900000003	4.5612752133772523e-05
Br-	3.8096623700000003	4.4874681710895935e-05
Br-	3.8118777500000003	4.2660470442266213e-05
Br-	3.8140931300000003	3.2659616212288573e-05
Br-	3.8163085100000003	2.468845564522153e-05
Br-	3.8185238900000003	2.5334602751794757e-05
Br-	3.8207392700000002	2.6393398322066814e-05
Br-	3.8229546500000002	2.7864842356038054e-05
Br-	3.8251700300000002	2.974893485370848e-05
Br-	3.8273854100000002	3.2045675815078096e-05
Br-	3.8296007900000002	3.4755065240146891e-05
Br-	3.8318161700000002	3.7877103128914869e-05
Br-	3.8340315500000002	4.1411789481382043e-05
Br-	3.8362469300000002	4.5359124297548386e-05
Br-	3.8384623100000002	4.9719107577413919e-05
I-	1.7054367749999999	0
I-	1.7075746249999999	0
I-	1.7097124749999999	0
I-	1.7118503249999999	3.5832603874471619e-06
I-	1.7139881749999999	8.5216057165242014e-06
I-	1.7161260249999999	1.3154625749155562e-05
I-	1.7182638749999999	1.7482320485341254e-05
I-	1.7204017249999999	2.1504689925081268e-05
I-	1.7225395749999999	2.5221734068375606e-05
I-	1.7246774249999999	2.8633452915224275e-05
I-	1.7268152749999999	3.1739846465626781e-05
I-	1.7289531249999999	3.3893438632922941e-05
I-	1.7310909749999999	4.1072079190576821e-05
I-	1.7332288249999999	4.1815581248333826e-05
I-	1.7353666749999999	4.2943653335965154e-05
I-	1.7375045249999999	4.8584013774121777e-05
I-	1.7396423749999999	3.8508278991414719e-05
I-	1.7417802249999998	4.6327869598859127e-05
I-	1.7439180749999998	5.081451994739279e-05
I-	1.7460559249999998	5.9044318586703133e-05
I-	1.7481937749999998	6.2505448855571972e-05
I-	1.7503316249999998	6.5582009094566486e-05
I-	1.7524694749999998	6.5582009094566486e-05
I-	1.7546073249999998	5.8121350515004772e-05
I-	1.7567451749999998	5.0019741885652551e-05
I-	1.7588830249999998	3.6636704846026386e-05
I-	1.7610208749999998	3.5995754796235859e-05
I-	1.7631587249999998	3.6636704846026379e-05
I-	1.7652965749999998	3.9559437073071175e-05
I-	1.767434425	4.4507571457454029e-05
I-	1.769572275	4.9968465881669289e-05
I-	1.771710125	4.2277065284182982e-05
I-	1.773847975	6.5992217126432408e-05
I-	1.775985825	8.1349380319413383e-05
I-	1.778123675	7.7631870030628314e-05
I-	1.780261525	8.4554130568365992e-05
I-	1.782399375	8.9374074942790717e-05
I-	1.784537225	0.00012736959389437303
I-	1.786675075	0.00015193079980234595
I-	1.788812925	0.00019464371112038652
I-	1.790950775	0.00024640683714146933
I-	1.793088625	0.00027965932572460172
I-	1.795226475	0.00029901601722827559
I-	1.797364325	0.00031465519844316441
I-	1.799502175	0.0003411392545005089
I-	1.801640025	0.00035503505157996748
I-	1.803777875	0.00036972562672116628
I-	1.805915725	0.00037762213133458555
I-	1.808053575	0.00035798342180900388
I-	1.810191425	0.0003544197395321686
I-	1.812329275	0.00035444537753416018
I-	1.814467125	0.00034726673697650629
I-	1.816604975	0.00037744266532064419
I-	1.818742825	0.00034942032914380241
I-	1.8208806749999999	0.00034744620299044759
I-	1.8230185249999999	0.00036393143827105992
I-	1.8251563749999999	0.00036018828998028322
I-	1.8272942249999999	0.00037134082084663839
I-	1.8294320749999999	0.00039031294232043796
I-	1.8315699249999999	0.00039518416269884591
I-	1.8337077749999999	0.00043658953591531378
I-	1.8358456249999999	0.00043669208792328028
I-	1.8379834749999999	0.00046709875828534282
I-	1.8401213249999999	0.00045861257962611621
I-	1.8422591749999999	0.00046630398022360259
I-	1.8443970249999999	0.00045451049930745691
I-	1.8465348749999999	0.00046212498589896832
I-	1.8486727249999999	0.0004756362129485526
I-	1.8508105749999999	0.00049906934676889419
I-	1.8529484249999999	0.00053796219579018323
I-	1.8550862749999999	0.00059692960037091146
I-	1.8572241249999999	0.00060382622290665745
I-	1.8593619749999999	0.00062220867033464984
I-	1.8614998249999999	0.00064605201218685725
I-	1.8636376749999999	0.00072173539406612255
I-	1.8657755249999999	0.00078890695928416938
I-	1.8679133749999999	0.00084738724182705687
I-	1.8700512249999999	0.00089856069380233239
I-	1.8721890749999999	0.0009465037575266637
I-	1.8743269249999999	0.00093604345271408216
I-	1.8764647749999999	0.0010456459112282621
I-	1.8786026249999999	0.001088666478570202
I-	1.8807404749999999	0.0011321998059519744
I-	1.8828783249999999	0.0011867318361881523
I-	1.8850161749999998	0.0012313932356575559
I-	1.8871540249999998	0.0012553904055217133
I-	1.8892918749999998	0.0013499177188648198
I-	1.8914297249999998	0.0014536234369209268
I-	1.8935675749999998	0.0015150008136888672
I-	1.8957054249999998	0.0015656102296203362
I-	1.8978432749999998	0.0015577906390128867
I-	1.8999811249999998	0.0015123344614817384
I-	1.9021189749999998	0.0015720453681202194
I-	1.9042568249999998	0.0016987227359608155
I-	1.9063946749999998	0.0017753290859117759
I-	1.9085325249999998	0.001791609217176453
I-	1.9106703749999998	0.0018209647294568571
I-	1.9128082249999998	0.0017921988912222571
I-	1.9149460749999998	0.001803248870080645
I-	1.917083925	0.0018520636258726908
I-	1.919221775	0.0019676653768529104
I-	1.921359625	0.0020786010114706554
I-	1.923497475	0.0021706158006185843
I-	1.925635325	0.0023844623752306967
I-	1.927773175	0.0025376750751326263
I-	1.929911025	0.0027418048469899153
I-	1.932048875	0.0029187070607321038
I-	1.934186725	0.0030815083733789009
I-	1.936324575	0.0031905211578472782
I-	1.938462425	0.0033374525472612631
I-	1.940600275	0.0033891131212743699
I-	1.942738125	0.0035230204056766069
I-	1.944875975	0.0036732847353494972
I-	1.947013825	0.0039057188614055331
I-	1.949151675	0.0039364075497895041
I-	1.951289525	0.0039940161402646761
I-	1.953427375	0.0040991063104283305
I-	1.955565225	0.0041553304487959549
I-	1.957703075	0.0041631756774053903
I-	1.959840925	0.0042198100238048809
I-	1.961978775	0.0043468206856713725
I-	1.9641166249999999	0.0045073914921448946
I-	1.9662544749999999	0.0047382873380814325
I-	1.9683923249999999	0.0049667219358267758
I-	1.9705301749999999	0.0051800557503990539
I-	1.9726680249999999	0.0053927229769195504
I-	1.9748058749999999	0.005565600024349051
I-	1.9769437249999999	0.0058192111400501645
I-	1.9790815749999999	0.0059931649835633649
I-	1.9812194249999999	0.0062520575276747252
I-	1.9833572749999999	0.0063805551936567048
I-	1.9854951249999999	0.006592760936141329
I-	1.9876329749999999	0.0069153895532038682
I-	1.9897708249999999	0.00731962393060574
I-	1.9919086749999999	0.0074954749862662555
I-	1.9940465249999999	0.0077531369062820363
I-	1.9961843749999999	0.0079663425308443489
I-	1.9983222249999999	0.0081251955911844278
I-	2.0004600749999999	0.0082229276547764862
I-	2.0025979249999999	0.0085016127364254072
I-	2.0047357750000003	0.0088624163384534941
I-	2.0068736249999999	0.0091891213978327283
I-	2.0090114750000003	0.0095287992862197243
I-	2.0111493249999999	0.009836916794155038
I-	2.0132871750000003	0.010395568857552478
I-	2.0154250249999999	0.010722940504983505
I-	2.0175628750000003	0.011245314795562802
I-	2.0197007249999999	0.011665854942231388
I-	2.0218385750000003	0.011939412423482012
I-	2.0239764249999999	0.012428713691492047
I-	2.0261142750000003	0.012750188598464982
I-	2.0282521249999999	0.013282869365844892
I-	2.0303899750000003	0.014005861022008605
I-	2.0325278249999998	0.014448039642358091
I-	2.0346656750000003	0.014895217673095946
I-	2.0368035249999998	0.015365239163608334
I-	2.0389413750000003	0.015872410119006579
I-	2.0410792249999998	0.016157222683131498
I-	2.0432170750000003	0.016648908285326804
I-	2.0453549249999998	0.017282346400533784
I-	2.0474927750000003	0.017805361641162851
I-	2.0496306249999998	0.018268871079169371
I-	2.0517684750000003	0.018760146473332809
I-	2.0539063249999998	0.019146049679310686
I-	2.0560441750000003	0.019757823682834748
I-	2.0581820249999998	0.020495787932161565
I-	2.0603198750000002	0.021352456130709591
I-	2.0624577249999998	0.021939335634299784
I-	2.0645955750000002	0.022489322053024039
I-	2.0667334249999998	0.023326300266042498
I-	2.0688712750000002	0.024077468086395
I-	2.0710091249999998	0.024807176899080519
I-	2.0731469750000002	0.025674869438484939
I-	2.0752848249999998	0.02632622851708406
I-	2.0774226750000002	0.027369643922139052
I-	2.0795605249999998	0.028049204802928961
I-	2.0816983750000002	0.028821754716942476
I-	2.0838362249999998	0.029591612640746869
I-	2.0859740750000002	0.030527220247427093
I-	2.0881119249999998	0.031080283226390341
I-	2.0902497750000002	0.031888495601174204
I-	2.0923876249999998	0.03274570219776405
I-	2.0945254750000002	0.03370561463033233
I-	2.0966633249999997	0.034715495528782281
I-	2.0988011750000002	0.035624029405359359
I-	2.1009390249999997	0.036606785297702171
I-	2.1030768750000002	0.037358081308064631
I-	2.1052147249999997	0.038454567377242281
I-	2.1073525750000002	0.039444424996136776
I-	2.1094904249999997	0.040808751272120886
I-	2.1116282750000002	0.041830323099479011
I-	2.1137661249999997	0.04316180709491186
I-	2.1159039750000002	0.044384098839862385
I-	2.1180418249999997	0.045805931154313709
I-	2.1201796750000002	0.047322675352138001
I-	2.1223175249999997	0.048655620713684358
I-	2.1244553750000001	0.050205873780111709
I-	2.1265932249999997	0.051644370795857583
I-	2.1287310750000001	0.053217005838023614
I-	2.1308689249999997	0.054267907539660168
I-	2.1330067750000001	0.055916456705723386
I-	2.1351446249999997	0.057716167531529201
I-	2.1372824750000001	0.058841521990949414
I-	2.1394203249999997	0.059847736655114558
I-	2.1415581750000001	0.061156736122800752
I-	2.1436960249999997	0.062556647945549243
I-	2.1458338750000001	0.063828318482335625
I-	2.1479717249999997	0.065403773704720738
I-	2.1501095750000001	0.066846885560825103
I-	2.1522474249999997	0.068203443522205753
I-	2.1543852750000001	0.070008281948409898
I-	2.1565231249999997	0.071871728847166888
I-	2.1586609750000001	0.073760813747915488
I-	2.1607988249999996	0.076135200388363494
I-	2.1629366750000001	0.078613856782911412
I-	2.1650745249999996	0.081003498034544444
I-	2.1672123750000001	0.083008517980299165
I-	2.1693502249999996	0.08531019524709893
I-	2.1714880750000001	0.087364952916717392
I-	2.1736259249999996	0.089896910717405881
I-	2.1757637750000001	0.092071115838303325
I-	2.1779016249999996	0.093980557312633273
I-	2.1800394750000001	0.095732171246702802
I-	2.1821773249999996	0.098238388493391726
I-	2.1843151750000001	0.10049596839676592
I-	2.1864530249999996	0.10260264302041741
I-	2.188590875	0.10508086356893147
I-	2.1907287249999996	0.10767609595853531
I-	2.192866575	0.10982945738381512
I-	2.1950044249999996	0.11215197834623161
I-	2.197142275	0.11456738578986801
I-	2.1992801249999996	0.11679712282307671
I-	2.201417975	0.12007217247349222
I-	2.2035558249999996	0.12278585243229485
I-	2.205693675	0.12549358437464009
I-	2.2078315249999996	0.12833042929501048
I-	2.209969375	0.13098793639145426
I-	2.2121072249999996	0.13402352710326365
I-	2.214245075	0.13642575661387712
I-	2.216382925	0.13969898596614677
I-	2.218520775	0.14216736152189877
I-	2.220658625	0.14487483708421928
I-	2.222796475	0.1481071481853159
I-	2.224934325	0.15151764340024865
I-	2.227072175	0.15488078522550869
I-	2.229210025	0.15901980990503534
I-	2.231347875	0.16328276868619543
I-	2.233485725	0.16681624939668202
I-	2.235623575	0.17012152625144744
I-	2.237761425	0.17405513925901461
I-	2.239899275	0.17729734662888247
I-	2.242037125	0.18145124134956117
I-	2.244174975	0.18642132186365445
I-	2.246312825	0.19017998114563039
I-	2.248450675	0.19455728541567574
I-	2.250588525	0.19895063907495594
I-	2.2527263749999999	0.20358714354513666
I-	2.2548642249999999	0.20769988927261851
I-	2.2570020749999999	0.21158532847445499
I-	2.2591399249999999	0.21598157922795985
I-	2.2612777749999999	0.21951544450848556
I-	2.2634156249999999	0.22285338417778106
I-	2.2655534749999999	0.22725276276753725
I-	2.2676913249999999	0.23185647623316102
I-	2.2698291749999999	0.23630802815697041
I-	2.2719670249999999	0.24167757438008602
I-	2.2741048749999999	0.24616171220442701
I-	2.2762427249999999	0.25100819191090973
I-	2.2783805749999999	0.25500720746156558
I-	2.2805184249999999	0.2599608283783712
I-	2.2826562749999999	0.26502630789787279
I-	2.2847941250000003	0.27007350752194781
I-	2.2869319749999999	0.27593620071337921
I-	2.2890698250000003	0.28087231087482467
I-	2.2912076749999999	0.28613056253130198
I-	2.2933455250000003	0.29211965107254539
I-	2.2954833749999999	0.29794165675481676
I-	2.2976212250000003	0.30313765934245157
I-	2.2997590749999999	0.30832104803311394
I-	2.3018969250000003	0.31463763641179854
I-	2.3040347749999999	0.32024917973572131
I-	2.3061726250000003	0.32695508117464855
I-	2.3083104749999999	0.33371295084361591
I-	2.3104483250000003	0.34059898488453944
I-	2.3125861749999999	0.34689221704341267
I-	2.3147240250000003	0.3534781582710243
I-	2.3168618749999998	0.35935190144131063
I-	2.3189997250000003	0.36626521431635317
I-	2.3211375749999998	0.37163676030362769
I-	2.3232754250000003	0.37829664152898307
I-	2.3254132749999998	0.38493942220701016
I-	2.3275511250000003	0.39032171051711906
I-	2.3296889749999998	0.39694813414987545
I-	2.3318268250000003	0.40274978325856131
I-	2.3339646749999998	0.40851659032254056
I-	2.3361025250000003	0.41476023858556205
I-	2.3382403749999998	0.42119378752933545
I-	2.3403782250000003	0.42853830595987513
I-	2.3425160749999998	0.43505689615625465
I-	2.3446539250000002	0.44292963434182769
I-	2.3467917749999998	0.45043359550675333
I-	2.3489296250000002	0.45815042900221525
I-	2.3510674749999998	0.46578819489953505
I-	2.3532053250000002	0.47454200866155216
I-	2.3553431749999998	0.48125572969108998
I-	2.3574810250000002	0.48949752691533244
I-	2.3596188749999998	0.49733788430439008
I-	2.3617567250000002	0.50411431588679934
I-	2.3638945749999998	0.51106849573701663
I-	2.3660324250000002	0.51865736996453848
I-	2.3681702749999998	0.52645450168223817
I-	2.3703081250000002	0.53291063770576608
I-	2.3724459749999998	0.54018693341300605
I-	2.3745838250000002	0.54664545377071938
I-	2.3767216749999998	0.55413798038675655
I-	2.3788595250000002	0.56213811380422607
I-	2.3809973749999997	0.57057327283948922
I-	2.3831352250000002	0.57880150756067816
I-	2.3852730749999997	0.58796981090089373
I-	2.3874109250000002	0.59820460384795682
I-	2.3895487749999997	0.60766271916268577
I-	2.3916866250000002	0.61604711495400544
I-	2.3938244749999997	0.62560150096621292
I-	2.3959623250000002	0.63576355890162572
I-	2.3981001749999997	0.6445439849097101
I-	2.4002380250000002	0.65414239137133701
I-	2.4023758749999997	0.66250432827291228
I-	2.4045137250000002	0.67102242624461839
I-	2.4066515749999997	0.68025843954809395
I-	2.4087894250000002	0.68852851548853311
I-	2.4109272749999997	0.69756455237647397
I-	2.4130651250000001	0.70709483866680922
I-	2.4152029749999997	0.71555130288172752
I-	2.4173408250000001	0.72378317819919924
I-	2.4194786749999997	0.73360701961233865
I-	2.4216165250000001	0.74190127218865576
I-	2.4237543749999997	0.75062649957845229
I-	2.4258922250000001	0.76034848120967891
I-	2.4280300749999997	0.76953188533306749
I-	2.4301679250000001	0.77782952212564771
I-	2.4323057749999997	0.786090137643352
I-	2.4344436250000001	0.79513486581396797
I-	2.4365814749999997	0.80621884066299754
I-	2.4387193250000001	0.8166466621270555
I-	2.4408571749999997	0.82627129626471985
I-	2.4429950250000001	0.83667994050328831
I-	2.4451328749999997	0.84716124283950078
I-	2.4472707250000001	0.85767190068799359
I-	2.4494085749999996	0.86844929630920742
I-	2.4515464250000001	0.88067587999299746
I-	2.4536842749999996	0.89400364150032974
I-	2.4558221250000001	0.90668942743779168
I-	2.4579599749999996	0.91646558216722673
I-	2.4600978250000001	0.92840619957680237
I-	2.4622356749999996	0.9398303394362566
I-	2.4643735250000001	0.94931927162937946
I-	2.4665113749999996	0.9605629199548128
I-	2.4686492250000001	0.97121604818038543
I-	2.4707870749999996	0.98029497744563898
I-	2.4729249250000001	0.9891911333947272
I-	2.4750627749999996	0.99904071536184691
I-	2.477200625	1.009577370144374
I-	2.4793384749999996	1.0199186633516915
I-	2.481476325	1.0290941196944783
I-	2.4836141749999996	1.0395140446539048
I-	2.485752025	1.0518916105314395
I-	2.4878898749999996	1.0606586791404686
I-	2.490027725	1.0699326110489076
I-	2.492165575	1.0800348811636586
I-	2.494303425	1.0919193000728873
I-	2.496441275	1.1021598359323794
I-	2.498579125	1.1125720182152425
I-	2.500716975	1.1233450297380994
I-	2.502854825	1.1346065477509417
I-	2.504992675	1.1444455668612439
I-	2.507130525	1.155270033854136
I-	2.509268375	1.1675264858102306
I-	2.511406225	1.1773494042553212
I-	2.513544075	1.1878442178185478
I-	2.515681925	1.1980373490124103
I-	2.517819775	1.2103760220408715
I-	2.519957625	1.2206925233003181
I-	2.522095475	1.2303199519801624
I-	2.524233325	1.241204975933774
I-	2.526371175	1.2545185852639693
I-	2.528509025	1.2663388835302349
I-	2.530646875	1.2734105110675382
I-	2.532784725	1.2833745667136078
I-	2.534922575	1.2944834360625328
I-	2.537060425	1.3047656080373153
I-	2.5391982749999999	1.3132285843047167
I-	2.5413361249999999	1.3232100737921164
I-	2.5434739749999999	1.332372147097826
I-	2.5456118249999999	1.3419240974998594
I-	2.5477496749999999	1.3528736523044254
I-	2.5498875249999999	1.3651549987604861
I-	2.5520253749999999	1.3769485053146133
I-	2.5541632249999999	1.3863225023448253
I-	2.5563010749999999	1.3976402444959941
I-	2.5584389249999999	1.4067119182067225
I-	2.5605767750000004	1.4182990644828202
I-	2.5627146249999999	1.4274453960553488
I-	2.5648524750000004	1.439240184509577
I-	2.5669903249999999	1.4494998463185937
I-	2.5691281750000003	1.4610070533044826
I-	2.5712660249999999	1.469675210501868
I-	2.5734038750000003	1.4770926434100544
I-	2.5755417249999999	1.4861761362397061
I-	2.5776795750000003	1.4942337500576239
I-	2.5798174249999999	1.5010937102505468
I-	2.5819552750000003	1.5090657956938212
I-	2.5840931249999999	1.5176026863209873
I-	2.5862309750000003	1.5270354200137444
I-	2.5883688249999999	1.5364830750236607
I-	2.5905066750000003	1.5464350038947501
I-	2.5926445249999999	1.5561325525100786
I-	2.5947823750000003	1.5636029022543931
I-	2.5969202249999999	1.5710743287947913
I-	2.5990580750000003	1.5798466275562444
I-	2.6011959249999999	1.5882589944077372
I-	2.6033337750000003	1.5995566620033668
I-	2.6054716249999998	1.6085673429073379
I-	2.6076094750000003	1.6159102717817542
I-	2.6097473249999998	1.6217403021586447
I-	2.6118851750000003	1.6290971011921385
I-	2.6140230249999998	1.6364454140469731
I-	2.6161608750000003	1.6442130364243805
I-	2.6182987249999998	1.650649046616345
I-	2.6204365750000003	1.6556564560613323
I-	2.6225744249999998	1.6629071394045827
I-	2.6247122750000003	1.6703486207586549
I-	2.6268501249999998	1.6774662941475724
I-	2.6289879750000003	1.6855651082347076
I-	2.6311258249999998	1.6898568841301029
I-	2.6332636750000002	1.6958584583783196
I-	2.6354015249999998	1.7030552506413836
I-	2.6375393750000002	1.7077091889529126
I-	2.6396772249999998	1.7141309444157697
I-	2.6418150750000002	1.7205877983033537
I-	2.6439529249999998	1.7260255416117705
I-	2.6460907750000002	1.7333631890577761
I-	2.6482286249999998	1.737644325182345
I-	2.6503664750000002	1.7414271098242011
I-	2.6525043249999998	1.7470885446999946
I-	2.6546421750000002	1.7516492632362819
I-	2.6567800249999998	1.7562475927214913
I-	2.6589178750000002	1.7611161723856941
I-	2.6610557249999998	1.762921215915914
I-	2.6631935750000002	1.7676726555490172
I-	2.6653314249999998	1.7721090297756454
I-	2.6674692750000002	1.7742581352925928
I-	2.6696071249999997	1.7790547747232073
I-	2.6717449750000002	1.7822247598414593
I-	2.6738828249999997	1.7850217376687352
I-	2.6760206750000002	1.7882764307455676
I-	2.6781585249999997	1.7903504425546817
I-	2.6802963750000002	1.7911746017667045
I-	2.6824342249999997	1.7945926858302292
I-	2.6845720750000002	1.7982012346105498
I-	2.6867099249999997	1.800254018154015
I-	2.6888477750000002	1.8016229079943535
I-	2.6909856249999997	1.7998626540536131
I-	2.6931234750000002	1.8024594759993404
I-	2.6952613249999997	1.8054821707961504
I-	2.6973991750000001	1.8061712177376772
I-	2.6995370249999997	1.8068980294561374
I-	2.7016748750000001	1.810755625787805
I-	2.7038127249999997	1.811495179593255
I-	2.7059505750000001	1.8143980680067795
I-	2.7080884249999997	1.8132082083343155
I-	2.7102262750000001	1.8133408593566425
I-	2.7123641249999997	1.8165812720663341
I-	2.7145019750000001	1.8167924522887626
I-	2.7166398249999997	1.8177973337767941
I-	2.7187776750000001	1.8150569902959421
I-	2.7209155249999997	1.8137674500717391
I-	2.7230533750000001	1.8133646001464703
I-	2.7251912249999997	1.8148430155312898
I-	2.7273290750000001	1.8139400194631694
I-	2.7294669250000001	1.8106432800630441
I-	2.7316047750000001	1.8086214928640145
I-	2.7337426250000001	1.8065808617334687
I-	2.7358804750000001	1.806330327178036
I-	2.7380183250000001	1.8060240812442223
I-	2.7401561750000001	1.8026031513625069
I-	2.7422940250000001	1.8019444085393115
I-	2.7444318750000001	1.8024224547244789
I-	2.7465697250000001	1.8013099961800394
I-	2.7487075750000001	1.7997366176358478
I-	2.7508454250000001	1.7982449474039182
I-	2.7529832750000001	1.7966479818979155
I-	2.7551211250000001	1.7957717775417965
I-	2.7572589750000001	1.7916922586649431
I-	2.7593968250000001	1.7884224391668826
I-	2.761534675	1.7832324871477674
I-	2.763672525	1.779456035092351
I-	2.765810375	1.7745047728717778
I-	2.767948225	1.7711100706660161
I-	2.770086075	1.7664030360524146
I-	2.772223925	1.7596625233107426
I-	2.774361775	1.7556723272328276
I-	2.776499625	1.7497043131291665
I-	2.778637475	1.7448356052750058
I-	2.780775325	1.7400474776610009
I-	2.782913175	1.7335687801957727
I-	2.785051025	1.7299024177209095
I-	2.787188875	1.7240910005335166
I-	2.789326725	1.7180563789006815
I-	2.791464575	1.7120938513295498
I-	2.793602425	1.7065277898211137
I-	2.795740275	1.6994014507875737
I-	2.797878125	1.6928373787756104
I-	2.800015975	1.6859237326065921
I-	2.802153825	1.6792797725804234
I-	2.804291675	1.6728135608221626
I-	2.806429525	1.6660052099272236
I-	2.808567375	1.6590839236336112
I-	2.810705225	1.6531783637028039
I-	2.812843075	1.6457146798390565
I-	2.814980925	1.6379218809436442
I-	2.817118775	1.6315682200141262
I-	2.819256625	1.6254104846957298
I-	2.821394475	1.6192092673260525
I-	2.823532325	1.6125151080919864
I-	2.825670175	1.605637021831728
I-	2.8278080249999999	1.5978812954871968
I-	2.8299458749999999	1.5878547856683609
I-	2.8320837249999999	1.5797693289802159
I-	2.8342215749999999	1.5715703728573482
I-	2.8363594249999999	1.5627101870250211
I-	2.8384972749999999	1.5540772051664369
I-	2.8406351249999999	1.54653340254637
I-	2.8427729749999999	1.5387182985893195
I-	2.8449108249999999	1.5288081083854432
I-	2.8470486749999999	1.5191357619260923
I-	2.8491865249999999	1.5076762416238623
I-	2.8513243749999999	1.4982564294841292
I-	2.8534622249999999	1.4880111249562233
I-	2.8556000749999999	1.4754132517276117
I-	2.8577379249999999	1.465822382838545
I-	2.8598757749999999	1.4564094160453454
I-	2.8620136249999999	1.4483997709291125
I-	2.8641514749999999	1.4402508601861086
I-	2.8662893250000003	1.4319991410550725
I-	2.8684271749999999	1.4214870218404894
I-	2.8705650250000003	1.4114336177574955
I-	2.8727028749999999	1.4033044226380245
I-	2.8748407250000003	1.3955513113697235
I-	2.8769785749999999	1.384436391452315
I-	2.8791164250000003	1.3754622447011626
I-	2.8812542749999999	1.3664374116201177
I-	2.8833921250000003	1.3574901078570518
I-	2.8855299749999999	1.3468932037698849
I-	2.8876678250000003	1.3350431397833273
I-	2.8898056749999999	1.323334059169738
I-	2.8919435250000003	1.3135669802930081
I-	2.8940813749999998	1.3052683692563523
I-	2.8962192250000003	1.2926896988912113
I-	2.8983570749999998	1.2816865350244591
I-	2.9004949250000003	1.2734726319463836
I-	2.9026327749999998	1.2635395213687559
I-	2.9047706250000003	1.2535098324376259
I-	2.9069084749999998	1.2425182313097722
I-	2.9090463250000003	1.2320298785230119
I-	2.9111841749999998	1.2205980985389642
I-	2.9133220250000003	1.209403034227305
I-	2.9154598749999998	1.1990751496950103
I-	2.9175977250000003	1.1877697137847771
I-	2.9197355749999998	1.1753081834507357
I-	2.9218734250000002	1.1651227436575065
I-	2.9240112749999998	1.1536962194638669
I-	2.9261491250000002	1.1423907066396277
I-	2.9282869749999998	1.131020355308352
I-	2.9304248250000002	1.121067016347153
I-	2.9325626749999998	1.1109162391326164
I-	2.9347005250000002	1.1026028093308093
I-	2.9368383749999998	1.0920593348397671
I-	2.9389762250000002	1.0805416419110454
I-	2.9411140749999998	1.0714723268965194
I-	2.9432519250000002	1.0617923146745532
I-	2.9453897749999998	1.0518244902422287
I-	2.9475276250000002	1.0420488739108356
I-	2.9496654749999998	1.0296843065003267
I-	2.9518033250000002	1.0194950722828027
I-	2.9539411749999998	1.0084430936602586
I-	2.9560790250000002	0.99759565501760383
I-	2.9582168749999997	0.98891306362511944
I-	2.9603547250000002	0.97859838266385046
I-	2.9624925749999997	0.96798248081718197
I-	2.9646304250000002	0.95778765751522399
I-	2.9667682749999997	0.94751076696889058
I-	2.9689061250000002	0.93692016983018778
I-	2.9710439749999997	0.92717378082106516
I-	2.9731818250000002	0.9174725916094536
I-	2.9753196749999997	0.90570700483947486
I-	2.9774575250000002	0.8950212394373791
I-	2.9795953749999997	0.88282693399809653
I-	2.9817332250000002	0.87172606370576333
I-	2.9838710749999997	0.86043680537477318
I-	2.9860089250000001	0.84946930396880072
I-	2.9881467749999997	0.83844657830651625
I-	2.9902846250000001	0.82594266835519226
I-	2.9924224749999997	0.81377943617431125
I-	2.9945603250000001	0.80323798708543603
I-	2.9966981749999997	0.79334894823322077
I-	2.9988360250000001	0.7820494859774616
I-	3.0009738749999997	0.77194703639666851
I-	3.0031117250000001	0.76213373220235758
I-	3.0052495750000001	0.7533053631305392
I-	3.0073874250000001	0.74470555684649586
I-	3.0095252750000001	0.73464984534333544
I-	3.0116631250000001	0.72411265216279186
I-	3.0138009750000001	0.71616012851501287
I-	3.0159388250000001	0.7063751799509056
I-	3.0180766750000001	0.69643924919305145
I-	3.0202145250000001	0.68864509148359376
I-	3.0223523750000001	0.67902461070224529
I-	3.0244902250000001	0.67025861888929372
I-	3.0266280750000001	0.66063342071556563
I-	3.0287659250000001	0.65142653218237245
I-	3.0309037750000001	0.64217539245770283
I-	3.0330416250000001	0.63252355639994462
I-	3.0351794750000001	0.62234450046919232
I-	3.0373173250000001	0.61284577455932776
I-	3.0394551750000001	0.60447345426692767
I-	3.0415930250000001	0.59547833563018349
I-	3.0437308750000001	0.58775929726653209
I-	3.0458687250000001	0.57972083503610305
I-	3.0480065750000001	0.57047610481193312
I-	3.050144425	0.56235665213321173
I-	3.052282275	0.55331251363662493
I-	3.054420125	0.54422676466283915
I-	3.056557975	0.53754624484586389
I-	3.058695825	0.52907762821801751
I-	3.060833675	0.52224669024335779
I-	3.062971525	0.51506081976915774
I-	3.065109375	0.50659592065156878
I-	3.067247225	0.49908844708038524
I-	3.069385075	0.49095866228682927
I-	3.071522925	0.48356563675653597
I-	3.073660775	0.47519798258050217
I-	3.075798625	0.46688593723081662
I-	3.077936475	0.45784161926821848
I-	3.080074325	0.45023400366125477
I-	3.082212175	0.44286115523850067
I-	3.084350025	0.43574963497007418
I-	3.086487875	0.42761649159825932
I-	3.088625725	0.42003159126105927
I-	3.090763575	0.41270317349575775
I-	3.092901425	0.4068135604022512
I-	3.095039275	0.39920258621700061
I-	3.097177125	0.39199492344110459
I-	3.099314975	0.3859558407959624
I-	3.101452825	0.37902455568153565
I-	3.103590675	0.37317996291950228
I-	3.105728525	0.36680935527062963
I-	3.107866375	0.36116509785615925
I-	3.110004225	0.3546408416613504
I-	3.112142075	0.34916858960224206
I-	3.1142799249999999	0.34332958592466473
I-	3.1164177749999999	0.33749135138712644
I-	3.1185556249999999	0.3320332002291343
I-	3.1206934749999999	0.32629318487722941
I-	3.1228313249999999	0.32133146235179588
I-	3.1249691749999999	0.31596563363895885
I-	3.1271070249999999	0.31069448606748851
I-	3.1292448749999999	0.30534116869962391
I-	3.1313827249999999	0.30001110499957673
I-	3.1335205749999999	0.2953433990809724
I-	3.1356584249999999	0.28995139396811354
I-	3.1377962749999999	0.28365593130306177
I-	3.1399341249999999	0.27785574356049442
I-	3.1420719750000004	0.27145034514290295
I-	3.1442098249999999	0.26501113020069444
I-	3.1463476750000003	0.25985248218195367
I-	3.1484855249999999	0.25444222281167694
I-	3.1506233750000003	0.24887164901493736
I-	3.1527612249999999	0.24352402328352613
I-	3.1548990750000003	0.23893679505317533
I-	3.1570369249999999	0.23419468765280227
I-	3.1591747750000003	0.22921768487817321
I-	3.1613126249999999	0.22471321611826048
I-	3.1634504750000003	0.22025315237778886
I-	3.1655883249999999	0.21592279128939612
I-	3.1677261750000003	0.21141716881938863
I-	3.1698640249999999	0.20768286563929911
I-	3.1720018750000003	0.2043531814066413
I-	3.1741397249999999	0.20027676472797556
I-	3.1762775750000003	0.19705391404961686
I-	3.1784154249999998	0.19256387948482026
I-	3.1805532750000003	0.18889756828601251
I-	3.1826911249999998	0.18486335175862495
I-	3.1848289750000003	0.18094535229426545
I-	3.1869668249999998	0.17720317824756449
I-	3.1891046750000003	0.17412100328613378
I-	3.1912425249999998	0.17015167654178703
I-	3.1933803750000003	0.16686983282084561
I-	3.1955182249999998	0.16345533807759952
I-	3.1976560750000003	0.15985012223753781
I-	3.1997939249999998	0.15648062218778697
I-	3.2019317750000003	0.15292017029920263
I-	3.2040696249999998	0.14963122485170952
I-	3.2062074750000003	0.14608879647852524
I-	3.2083453249999998	0.14324390122552702
I-	3.2104831750000002	0.14052793948454465
I-	3.2126210249999998	0.1376534323392461
I-	3.2147588750000002	0.13482668879165793
I-	3.2168967249999998	0.13175384606295221
I-	3.2190345750000002	0.12937402416608199
I-	3.2211724249999998	0.1263545597575228
I-	3.2233102750000002	0.12342298241979091
I-	3.2254481249999998	0.1208634637669614
I-	3.2275859750000002	0.11824069616321857
I-	3.2297238249999998	0.11530206837493898
I-	3.2318616750000002	0.11253739443017254
I-	3.2339995249999998	0.10989375749280852
I-	3.2361373750000002	0.10752798522102969
I-	3.2382752249999998	0.10472054708894123
I-	3.2404130750000002	0.10231977894444386
I-	3.2425509249999998	0.099881451127028759
I-	3.2446887750000002	0.097539778577122052
I-	3.2468266249999997	0.094918523615496742
I-	3.2489644750000002	0.092681556665723835
I-	3.2511023249999997	0.09044720479215404
I-	3.2532401750000002	0.088144681471289399
I-	3.2553780249999997	0.085964348867914694
I-	3.2575158750000002	0.08425603751920982
I-	3.2596537249999997	0.082438995404056539
I-	3.2617915750000002	0.080188671055246824
I-	3.2639294249999997	0.078082432277628094
I-	3.2660672750000002	0.075922917731872694
I-	3.2682051249999997	0.074720418524458695
I-	3.2703429750000002	0.073123068448373518
I-	3.2724808249999997	0.071320229786323783
I-	3.2746186750000001	0.069767643661716006
I-	3.2767565250000001	0.068278178298009959
I-	3.2788943750000001	0.066636679582495223
I-	3.2810322250000001	0.064873195253502824
I-	3.2831700750000001	0.063554145689036751
I-	3.2853079250000001	0.062074499680093743
I-	3.2874457750000001	0.060793984032621116
I-	3.2895836250000001	0.059411762431246379
I-	3.2917214750000001	0.057994647509162368
I-	3.2938593250000001	0.056167298917209167
I-	3.2959971750000001	0.054857479033460152
I-	3.2981350250000001	0.053486717618974514
I-	3.3002728750000001	0.052078011961544636
I-	3.3024107250000001	0.050703225380746453
I-	3.3045485750000001	0.049142024887470256
I-	3.3066864250000001	0.048093097311985564
I-	3.3088242750000001	0.046680238298232826
I-	3.3109621250000001	0.045784933630681979
I-	3.3130999750000001	0.044687704059447879
I-	3.3152378250000001	0.04332806953782687
I-	3.3173756750000001	0.042145491057962697
I-	3.3195135250000001	0.041086205729673593
I-	3.3216513750000001	0.039958851506099291
I-	3.3237892250000001	0.038665106649596881
I-	3.3259270750000001	0.037686786131599884
I-	3.3280649250000001	0.036756562505336744
I-	3.3302027750000001	0.035788651016148212
I-	3.3323406250000001	0.035068556454208442
I-	3.3344784750000001	0.034091979320346626
I-	3.336616325	0.033159807205932257
I-	3.338754175	0.032346851800780951
I-	3.340892025	0.031141814431169788
I-	3.343029875	0.030318732015231751
I-	3.345167725	0.02968493496799595
I-	3.347305575	0.028814986284417171
I-	3.349443425	0.02806361336004784
I-	3.351581275	0.027245094508464181
I-	3.353719125	0.02649226021798131
I-	3.355856975	0.025768140489730751
I-	3.357994825	0.024875091966355872
I-	3.360132675	0.02416817533744171
I-	3.362270525	0.02344482474924935
I-	3.364408375	0.022738984916418764
I-	3.366546225	0.022132646169316223
I-	3.368684075	0.021705542694138512
I-	3.370821925	0.021371479528187024
I-	3.372959775	0.020890895180854727
I-	3.375097625	0.020436794889578499
I-	3.377235475	0.019845633839656304
I-	3.379373325	0.019261420688272635
I-	3.381511175	0.018622931886673841
I-	3.383649025	0.017864687977771073
I-	3.385786875	0.017582131557821998
I-	3.387924725	0.016978536076932782
I-	3.390062575	0.016302692706432202
I-	3.392200425	0.015716684894909374
I-	3.394338275	0.01517092874651403
I-	3.396476125	0.014666142125300685
I-	3.398613975	0.014236244107905506
I-	3.400751825	0.013846725943646512
I-	3.4028896749999999	0.013414520506072034
I-	3.4050275249999999	0.013131579516092198
I-	3.4071653749999999	0.012821616072013771
I-	3.4093032249999999	0.012591745746156614
I-	3.4114410749999999	0.012352697015586977
I-	3.4135789250000004	0.012103931482262038
I-	3.4157167749999999	0.011776123988797373
I-	3.4178546250000004	0.01148156898391541
I-	3.4199924749999999	0.011097178420055247
I-	3.4221303250000004	0.010634002276074394
I-	3.4242681749999999	0.010299759644109842
I-	3.4264060250000004	0.0098393524043441233
I-	3.4285438749999999	0.009651246383731835
I-	3.4306817250000003	0.0093049026148268859
I-	3.4328195749999999	0.0089388688603927423
I-	3.4349574250000003	0.0085396851693830596
I-	3.4370952749999999	0.0082864586237118183
I-	3.4392331250000003	0.0079747517954976907
I-	3.4413709749999999	0.0077649303871982663
I-	3.4435088250000003	0.007637406965291943
I-	3.4456466749999999	0.0073903079020966982
I-	3.4477845250000003	0.0070928301649879205
I-	3.4499223749999999	0.0068062485787255822
I-	3.4520602250000003	0.0066946976320600392
I-	3.4541980749999999	0.0065952990983385246
I-	3.4563359250000003	0.006579608641119652
I-	3.4584737749999999	0.0064308569535642679
I-	3.4606116250000003	0.006331355867834787
I-	3.4627494749999999	0.0060341345107459247
I-	3.4648873250000003	0.0057658584579056019
I-	3.4670251749999998	0.005657050777453162
I-	3.4691630250000003	0.0054519980375241786
I-	3.4713008749999998	0.0053678541149876774
I-	3.4734387250000003	0.0051870036489387828
I-	3.4755765749999998	0.0049255473046282321
I-	3.4777144250000003	0.0048093558796022057
I-	3.4798522749999998	0.00471182892002608
I-	3.4819901250000003	0.0046645780823555225
I-	3.4841279749999998	0.004572691483217553
I-	3.4862658250000003	0.0043398215111276599
I-	3.4884036749999998	0.0040619824835444636
I-	3.4905415250000003	0.0038792348053481884
I-	3.4926793749999998	0.0038031668534390492
I-	3.4948172250000002	0.0037341749900795971
I-	3.4969550749999998	0.003635007198376007
I-	3.4990929250000002	0.0035715531434467448
I-	3.5012307749999998	0.0034473370237973412
I-	3.5033686250000002	0.0033742943561232129
I-	3.5055064749999998	0.0032106726274126881
I-	3.5076443250000002	0.0030109013158939775
I-	3.5097821749999998	0.0029271932393913347
I-	3.5119200250000002	0.0027443942851910772
I-	3.5140578749999998	0.002690477567002698
I-	3.5161957250000002	0.0025680561074927074
I-	3.5183335749999998	0.0025704148036759366
I-	3.5204714250000002	0.0026006163700220668
I-	3.5226092749999998	0.0025438281956106259
I-	3.5247471250000002	0.0024334822350386893
I-	3.5268849749999998	0.0023121632096143388
I-	3.5290228250000002	0.0022065346414088865
I-	3.5311606749999997	0.0021403885962704692
I-	3.5332985250000002	0.0021614117579036095
I-	3.5354363749999997	0.0021593094417402679
I-	3.5375742250000002	0.002084061905894879
I-	3.5397120749999997	0.0020606031340725237
I-	3.5418499250000002	0.0020246073792763095
I-	3.5439877749999997	0.0020054814297905442
I-	3.5461256250000002	0.0019434118269688458
I-	3.5482634749999997	0.0018392959008808559
I-	3.5504013250000002	0.0017025171602555826
I-	3.5525391750000002	0.0016597273349315529
I-	3.5546770250000002	0.0015295631988201217
I-	3.5568148750000002	0.001493464892015902
I-	3.5589527250000002	0.001450957084713819
I-	3.5610905750000001	0.0014516493107675794
I-	3.5632284250000001	0.0014503674106680162
I-	3.5653662750000001	0.0014011168088421057
I-	3.5675041250000001	0.0013305097513571916
I-	3.5696419750000001	0.0012972829007760426
I-	3.5717798250000001	0.0012405460023686044
I-	3.5739176750000001	0.0012496731310775715
I-	3.5760555250000001	0.0012434430965936336
I-	3.5781933750000001	0.0011527614835492358
I-	3.5803312250000001	0.0011142275665558636
I-	3.5824690750000001	0.0010375443025988902
I-	3.5846069250000001	0.00098373013641851574
I-	3.5867447750000001	0.00097355184962781365
I-	3.5888826250000001	0.00091227702486786251
I-	3.5910204750000001	0.00084602842772148873
I-	3.5931583250000001	0.00079757260395735307
I-	3.5952961750000001	0.00075901304896192588
I-	3.5974340250000001	0.00072509397232703367
I-	3.5995718750000001	0.00070258380657835489
I-	3.6017097250000001	0.00069286700382355747
I-	3.6038475750000001	0.00068461156718222405
I-	3.6059854250000001	0.0006859447432858122
I-	3.6081232750000001	0.00070104552645885835
I-	3.6102611250000001	0.00068438082516431617
I-	3.6123989750000001	0.00064500085410517619
I-	3.6145368250000001	0.00060346729087877029
I-	3.6166746750000001	0.00059036627186103178
I-	3.6188125250000001	0.0005497044007023342
I-	3.6209503750000001	0.00049904370876688157
I-	3.6230882250000001	0.00045186978510231994
I-	3.625226075	0.00040438820541382038
I-	3.627363925	0.00038298047375084329
I-	3.629501775	0.00041623296233396013
I-	3.631639625	0.00037477631311352112
I-	3.633777475	0.00038146783163331671
I-	3.635915325	0.00035762448978111916
I-	3.638053175	0.00038246771371098565
I-	3.640191025	0.00035954733993048203
I-	3.642328875	0.00034372869270163874
I-	3.644466725	0.00033408880395279975
I-	3.646604575	0.00032996108563213428
I-	3.648742425	0.00034821534305018057
I-	3.650880275	0.00036941797069724316
I-	3.653018125	0.00034413890073351226
I-	3.655155975	0.00032234659904062737
I-	3.657293825	0.00029865708520037461
I-	3.659431675	0.00028309481799145198
I-	3.661569525	0.00026327664245193855
I-	3.663707375	0.00024579152509365029
I-	3.665845225	0.00021456443866786192
I-	3.667983075	0.00018256821218231518
I-	3.670120925	0.00018569604842530546
I-	3.672258775	0.00018428595831576308
I-	3.674396625	0.0001627756746447997
I-	3.676534475	0.00015141803976250818
I-	3.678672325	0.00015341780391786293
I-	3.680810175	0.00016416012675234901
I-	3.682948025	0.00014490598725664571
I-	3.685085875	0.00014562385131240715
I-	3.687223725	0.00013539428851775539
I-	3.6893615750000004	0.00013300995433252884
I-	3.6914994249999999	0.00013459951045601527
I-	3.6936372750000004	0.00013529173650978789
I-	3.6957751249999999	0.00011875522522519294
I-	3.6979129750000004	0.00012206252748210674
I-	3.7000508249999999	0.0001128584847671191
I-	3.7021886749999999	0.00010455177212183103
I-	3.7043265249999999	9.7398769566173026e-05
I-	3.7064643749999999	9.434784732916504e-05
I-	3.7086022249999999	7.7119109990798212e-05
I-	3.7107400749999999	6.1044082742047447e-05
I-	3.7128779249999999	7.5606467873287782e-05
I-	3.7150157749999999	6.8658569333555932e-05
I-	3.7171536249999999	6.7248479224017664e-05
I-	3.7192914749999999	7.1376197544666865e-05
I-	3.7214293249999999	9.275829120567727e-05
I-	3.7235671749999999	9.8039719615949933e-05
I-	3.7257050249999999	0.00010062915781710413
I-	3.7278428749999999	0.00010078298582905229
I-	3.7299807249999999	9.4373485331149034e-05
I-	3.7321185749999999	8.8476744873075612e-05
I-	3.7342564249999999	9.0168853004523849e-05
I-	3.7363942749999999	8.8246002855153053e-05
I-	3.7385321249999999	7.1248007534706223e-05
I-	3.7406699749999999	7.0094297445085865e-05
I-	3.7428078249999999	6.3556606937225372e-05
I-	3.7449456749999999	6.5787113110496567e-05
I-	3.7470835249999999	4.999410388365928e-05
I-	3.7492213749999999	5.030175990755863e-05
I-	3.7513592249999999	4.4302467441522471e-05
I-	3.7534970750000003	5.0788881945400502e-05
I-	3.7556349250000003	5.0301759907562269e-05
I-	3.7577727750000003	5.1865678029051841e-05
I-	3.7599106250000003	5.3045026120669353e-05
I-	3.7620484750000003	6.1172272752012277e-05
I-	3.7641863250000003	5.8223902522976582e-05
I-	3.7663241750000003	5.2968112114694832e-05
I-	3.7684620250000003	4.5404901527167041e-05
I-	3.7705998750000003	3.5534270760393194e-05
I-	3.7727377250000003	2.3356219814373305e-05
I-	3.7748755750000003	7.1786405576607253e-06
I-	3.7770134250000003	5.2814284102774434e-06
I-	3.7791512750000003	0
I-	3.7812891250000003	9.4860607368918668e-07
I-	3.7834269750000002	1.7305651344344489e-05
I-	3.7855648250000002	1.9228501493714495e-05
I-	3.7877026750000002	1.9869451543503505e-05
I-	3.7898405250000002	1.4844403153143409e-05
I-	3.7919783750000002	2.2433251742663794e-05
I-	3.7941162250000002	2.4356101892035074e-05
I-	3.7962540750000002	2.4997051941825361e-05
I-	3.7983919250000002	2.4356101892034647e-05
I-	3.8005297750000002	2.5125241951785525e-05
I-	3.8026676250000002	2.730447212107333e-05
I-	3.8048054750000002	2.8201802190780257e-05
I-	3.8069433250000002	2.7817232160906285e-05
I-	3.8090811750000002	2.6150762031451431e-05
I-	3.8112190250000002	1.8818293461847577e-05
I-	3.8133568750000002	1.7023633322435439e-05
I-	3.8154947250000002	1.3690693063526151e-05
I-	3.8176325750000002	4.4353743445525128e-06
I-	3.8197704250000002	3.8051456410500775e-06
I-	3.8219082750000002	4.3589264840694506e-06
I-	3.8240461250000002	6.0967168736107702e-06
I-	3.8261839750000002	9.0185168096740633e-06
I-	3.8283218250000002	1.3124326292259276e-05
I-	3.8304596750000002	1.8414145321366462e-05
I-	3.8325975250000002	2.4887973896995608e-05
I-	3.8347353750000002	3.2545812019146674e-05
I-	3.8368732250000002	4.138765968781972e-05
I-	3.8390110750000002	5.1413516903014685e-05
Li+	1.9476199599999999	7.68300615998901e-05
Li+	1.9502466000000001	7.291102359534453e-05
Li+	1.9528732400000002	6.9711687761266446e-05
Li+	1.9554998800000001	6.7232054097655835e-05
Li+	1.95812652	6.5472122604512696e-05
Li+	1.9607531600000001	6.4431893281837043e-05
Li+	1.9633798000000002	6.4111366129628876e-05
Li+	1.9660064400000001	6.4510541147888182e-05
Li+	1.96863308	6.5629418336614974e-05
Li+	1.9712597199999999	6.7467997695809238e-05
Li+	1.9738863600000001	7.0026279225470054e-05
Li+	1.9765130000000002	7.4515143278386267e-05
Li+	1.9791396400000001	7.3290907627592602e-05
Li+	1.98176628	8.8879508247715711e-05
Li+	1.9843929200000001	8.5614879845596781e-05
Li+	1.98701956	9.9979244814924558e-05
Li+	1.9896462000000001	9.6306537862540228e-05
Li+	1.99227284	8.8553045407505952e-05
Li+	1.9948994799999999	7.6718767449821717e-05
Li+	1.9975261200000001	6.0803703989487521e-05
Li+	2.0001527600000002	4.9377504582066652e-05
Li+	2.0027794000000001	4.2440169227562153e-05
Li+	2.00540604	3.9991697925970906e-05
Li+	2.0080326799999999	2.8075804258234993e-05
Li+	2.0106593200000002	3.3788903961943815e-05
Li+	2.0132859600000002	3.4605061062472663e-05
Li+	2.0159126000000001	5.305021153445006e-05
Li+	2.01853924	3.9502003665653199e-05
Li+	2.0211658799999999	2.9626502749237905e-05
Li+	2.0237925200000002	8.6512652656146081e-06
Li+	2.0264191600000001	5.6478071356672209e-05
Li+	2.0290458	9.2388983779991793e-05
Li+	2.0316724399999999	0.00010781435298001054
Li+	2.0342990800000003	0.00013842024424988425
Li+	2.0369257200000002	0.00013376814877686156
Li+	2.0395523600000001	0.00013727762430913945
Li+	2.042179	0.00017522892948378457
Li+	2.0448056399999999	0.00017465761951341324
Li+	2.0474322800000002	0.00020689582498434903
Li+	2.0500589200000001	0.00022689167394733498
Li+	2.05268556	0.00020673259356424439
Li+	2.0553121999999999	0.0002402766503960295
Li+	2.0579388400000003	0.00021889333436214472
Li+	2.0605654800000002	0.00025039699844260562
Li+	2.0631921200000001	0.00026263935495055463
Li+	2.06581876	0.00022770783104787825
Li+	2.0684453999999999	0.00021611840022034971
Li+	2.0710720400000002	0.00018975652587322853
Li+	2.0736986800000001	0.00019122560865417784
Li+	2.07632532	0.00024680590720027032
Li+	2.0789519599999999	0.0002983054202437156
Li+	2.0815786000000003	0.00034654030488503773
Li+	2.0842052400000002	0.00034727484627551349
Li+	2.0868318800000001	0.00035870104568292929
Li+	2.08945852	0.00034433668071359941
Li+	2.0920851599999999	0.00036237375263531424
Li+	2.0947118000000002	0.00034384698645328107
Li+	2.0973384400000001	0.00029569371752200891
Li+	2.09996508	0.00036514868677711319
Li+	2.1025917199999999	0.00037600357621416273
Li+	2.1052183600000003	0.00036310829402579661
Li+	2.1078450000000002	0.00034972331757710207
Li+	2.1104716400000001	0.00035510995444059908
Li+	2.11309828	0.00037600357621416755
Li+	2.1157249199999999	0.00043705212733381878
Li+	2.1183515599999998	0.00048300177209365837
Li+	2.1209782000000001	0.00053792914495931824
Li+	2.12360484	0.0005948152948662581
Li+	2.12623148	0.00070165025932563611
Li+	2.1288581199999999	0.00084904823168136185
Li+	2.1314847600000002	0.00089728311632268382
Li+	2.1341114000000001	0.00093858066560949802
Li+	2.13673804	0.00091385110546343706
Li+	2.1393646799999999	0.00093458149581691604
Li+	2.1419913199999998	0.0010431303901874004
Li+	2.1446179600000002	0.0010485170270508925
Li+	2.1472446000000001	0.0009817553762275289
Li+	2.14987124	0.0011056480240879821
Li+	2.1524978799999999	0.0011253990259208258
Li+	2.1551245200000002	0.0010642688590911172
Li+	2.1577511600000001	0.0011080964953895721
Li+	2.1603778	0.0010805920011016947
Li+	2.1630044399999999	0.0011702060507399038
Li+	2.1656310799999998	0.0012014648676901898
Li+	2.1682577200000002	0.001378979037055459
Li+	2.1708843600000001	0.0013744085572924771
Li+	2.173511	0.0014008520473496439
Li+	2.1761376399999999	0.0016146035919784678
Li+	2.1787642800000002	0.0017369455413479107
Li+	2.1813909200000001	0.0018391284103342668
Li+	2.18401756	0.001933965865415849
Li+	2.1866441999999999	0.00204284122262658
Li+	2.1892708399999998	0.0021833834753378434
Li+	2.1918974800000002	0.0022640197968702086
Li+	2.1945241200000001	0.002386280130529583
Li+	2.19715076	0.0023030321062755201
Li+	2.1997773999999999	0.0025248636061995992
Li+	2.2024040400000002	0.0026155386600684827
Li+	2.2050306800000001	0.0026492459483203764
Li+	2.20765732	0.0027449811762125264
Li+	2.2102839599999999	0.0028475721237491941
Li+	2.2129105999999998	0.0029752190942720718
Li+	2.2155372400000002	0.0030919295596478539
Li+	2.2181638800000001	0.0031828494606468642
Li+	2.22079052	0.00321835229451991
Li+	2.2234171599999999	0.0031934595029537898
Li+	2.2260438000000002	0.0032954791405200162
Li+	2.2286704400000001	0.0035559148712991278
Li+	2.23129708	0.003539102035028178
Li+	2.2339237199999999	0.0037805213053649896
Li+	2.2365503599999998	0.0040384269491324501
Li+	2.2391770000000002	0.0041713789408087745
Li+	2.2418036400000001	0.0041488530048341028
Li+	2.24443028	0.0042176550484087725
Li+	2.2470569199999999	0.0043864363367983788
Li+	2.2496835600000002	0.0045981474886759317
Li+	2.2523102000000002	0.0049285278829704652
Li+	2.2549368400000001	0.0050822102650002364
Li+	2.25756348	0.0054123458121646791
Li+	2.2601901199999999	0.0055563975404082054
Li+	2.2628167600000002	0.005631892072207224
Li+	2.2654434000000001	0.0058756781981354781
Li+	2.26807004	0.0060433168665843372
Li+	2.2706966799999999	0.0060519681318499594
Li+	2.2733233199999998	0.0061158732328215615
Li+	2.2759499600000002	0.006251355311509524
Li+	2.2785766000000001	0.0064709831872620718
Li+	2.28120324	0.006739906951886694
Li+	2.2838298799999999	0.0070107078778426438
Li+	2.2864565200000002	0.0074843238432801716
Li+	2.2890831600000001	0.0077861387390560817
Li+	2.2917098	0.0080517162595685164
Li+	2.2943364399999999	0.0082252312591411837
Li+	2.2969630799999998	0.0086281680196729615
Li+	2.2995897200000002	0.0088828906507483416
Li+	2.3022163600000001	0.00911353664735811
Li+	2.304843	0.0094369797062980702
Li+	2.3074696399999999	0.0098226139362986211
Li+	2.3100962799999998	0.01019641388834131
Li+	2.3127229200000001	0.010383477095782672
Li+	2.31534956	0.010515531314648389
Li+	2.3179761999999999	0.010797187130041281
Li+	2.3206028399999998	0.011186738914124417
Li+	2.3232294800000002	0.011572373144124798
Li+	2.3258561200000001	0.011548378125369197
Li+	2.32848276	0.011992367588057402
Li+	2.3311093999999999	0.012862472672932598
Li+	2.3337360399999998	0.01367242697949852
Li+	2.3363626800000001	0.014351551302849517
Li+	2.33898932	0.015219779226393204
Li+	2.3416159599999999	0.015549833157847522
Li+	2.3442425999999998	0.015925428655511664
Li+	2.3468692400000002	0.016507267052479433
Li+	2.3494958800000001	0.017104204355807048
Li+	2.35212252	0.017597734554497389
Li+	2.3547491599999999	0.017924523857549814
Li+	2.3573757999999998	0.018385897466479329
Li+	2.3600024400000001	0.01891109456067034
Li+	2.36262908	0.01913153859352329
Li+	2.36525572	0.019205972121091586
Li+	2.3678823599999999	0.019764794887824743
Li+	2.3705090000000002	0.020356753632839078
Li+	2.3731356400000001	0.021116106199172178
Li+	2.37576228	0.02156401321594284
Li+	2.3783889199999999	0.021768868648176183
Li+	2.3810155599999998	0.023319811986313235
Li+	2.3836422000000002	0.024364574690701635
Li+	2.3862688400000001	0.024981181380151807
Li+	2.38889548	0.025771792763435195
Li+	2.3915221199999999	0.026552202182962385
Li+	2.3941487600000002	0.027532488476408858
Li+	2.3967754000000001	0.028428547357080721
Li+	2.39940204	0.029455354605257215
Li+	2.4020286799999999	0.03019495616975789
Li+	2.4046553199999998	0.031483749847204659
Li+	2.4072819600000002	0.032463628062100902
Li+	2.4099086000000001	0.033635956121301845
Li+	2.41253524	0.034432770298549235
Li+	2.4151618799999999	0.034461499028487906
Li+	2.4177885200000002	0.035136379334916673
Li+	2.4204151600000001	0.035762453446733192
Li+	2.4230418	0.03647569313688602
Li+	2.4256684399999999	0.036950125259424586
Li+	2.4282950799999998	0.037801621962407356
Li+	2.4309217200000002	0.038743956950679226
Li+	2.4335483600000001	0.039496943491627738
Li+	2.436175	0.039630140330434167
Li+	2.4388016399999999	0.040916159073739349
Li+	2.4414282799999998	0.042313583261267475
Li+	2.4440549200000001	0.043536023366441287
Li+	2.44668156	0.045392127844466126
Li+	2.4493081999999999	0.045793105827957085
Li+	2.4519348399999998	0.046615710569581012
Li+	2.4545614800000002	0.048335190348977514
Li+	2.4571881200000001	0.050481846754790914
Li+	2.45981476	0.051615652198847083
Li+	2.4624413999999999	0.053589691377899026
Li+	2.4650680399999998	0.054761366511420689
Li+	2.4676946800000001	0.056091539353864357
Li+	2.47032132	0.058053744254958628
Li+	2.4729479599999999	0.05924867986584486
Li+	2.4755745999999998	0.061474911588960235
Li+	2.4782012400000002	0.062611900045708421
Li+	2.4808278800000001	0.064919829094586406
Li+	2.48345452	0.065992422756102787
Li+	2.4860811599999999	0.067046326420017177
Li+	2.4887077999999998	0.068326387216489398
Li+	2.4913344400000001	0.070604771378328823
Li+	2.4939610800000001	0.071798645984984158
Li+	2.49658772	0.072696173948436429
Li+	2.4992143599999999	0.073736202941642737
Li+	2.5018410000000002	0.073654097537329183
Li+	2.5044676400000001	0.074484374155697364
Li+	2.50709428	0.075985205447861831
Li+	2.5097209199999999	0.078064365661462021
Li+	2.5123475599999998	0.07931006624400222
Li+	2.5149742000000002	0.082101813222074924
Li+	2.5176008400000001	0.084718004807823849
Li+	2.52022748	0.087668820804789285
Li+	2.5228541199999999	0.090014374696003596
Li+	2.5254807599999998	0.092582168165690731
Li+	2.5281074000000001	0.095363713180005777
Li+	2.53073404	0.097888331939074896
Li+	2.5333606799999999	0.10088852544062311
Li+	2.5359873199999998	0.10237262551222698
Li+	2.5386139600000002	0.10501664805510552
Li+	2.5412406000000001	0.10772416762040368
Li+	2.54386724	0.110244134283999
Li+	2.5464938799999999	0.11171688977190665
Li+	2.5491205199999998	0.11397821625034457
Li+	2.5517471600000001	0.11561069368282445
Li+	2.5543738	0.11695123172044371
Li+	2.5570004399999999	0.11920317239222596
Li+	2.5596270799999998	0.12245090634236515
Li+	2.5622537199999997	0.12505289679456677
Li+	2.5648803600000001	0.12766655829330389
Li+	2.567507	0.13161447341998614
Li+	2.5701336399999999	0.13436680001010487
Li+	2.5727602799999998	0.13669113381670359
Li+	2.5753869200000001	0.13904297211759054
Li+	2.57801356	0.14135710396043163
Li+	2.5806401999999999	0.14354228298139041
Li+	2.5832668399999998	0.14694337285071912
Li+	2.5858934799999997	0.14814753103684331
Li+	2.5885201200000001	0.15029124927709508
Li+	2.59114676	0.15437595233382781
Li+	2.5937733999999999	0.15829489388344309
Li+	2.5964000399999998	0.16040261959556101
Li+	2.5990266800000001	0.16328430708611208
Li+	2.60165332	0.16665723953547046
Li+	2.6042799599999999	0.16992578549167275
Li+	2.6069065999999999	0.17350634830740808
Li+	2.6095332399999998	0.17785336425625348
Li+	2.6121598800000001	0.18259238046048076
Li+	2.61478652	0.18576919035858402
Li+	2.6174131599999999	0.18983699896333608
Li+	2.6200397999999998	0.19197851357941587
Li+	2.6226664400000002	0.19441972108281083
Li+	2.6252930800000001	0.19767896284806508
Li+	2.62791972	0.20205242228696491
Li+	2.6305463599999999	0.20564677815769916
Li+	2.6331729999999998	0.20824893184132212
Li+	2.6357996400000001	0.21201533362884761
Li+	2.63842628	0.21448918741626433
Li+	2.6410529199999999	0.22020008349580325
Li+	2.6436795599999998	0.2264018980713095
Li+	2.6463062000000002	0.2299711163033468
Li+	2.6489328400000001	0.23235462149973196
Li+	2.65155948	0.23653710017710761
Li+	2.6541861199999999	0.24122396394261131
Li+	2.6568127599999998	0.24653853413413596
Li+	2.6594394000000001	0.25165910378286083
Li+	2.66206604	0.25565264209146449
Li+	2.6646926799999999	0.26099439031443117
Li+	2.6673193199999998	0.2657521781319741
Li+	2.6699459600000002	0.26983149455184247
Li+	2.6725726000000001	0.27475569680217693
Li+	2.67519924	0.2799040157923196
Li+	2.6778258799999999	0.2855492112252655
Li+	2.6804525199999998	0.29108373575538354
Li+	2.6830791600000001	0.29611003925899704
Li+	2.6857058	0.30047158280422953
Li+	2.6883324399999999	0.30699218834320097
Li+	2.6909590799999998	0.31205423952782202
Li+	2.6935857199999997	0.31882475237097763
Li+	2.6962123600000001	0.32455115543542218
Li+	2.698839	0.32725467583092682
Li+	2.7014656399999999	0.33144866232342002
Li+	2.7040922799999998	0.33747386050237321
Li+	2.7067189200000001	0.34482343680836092
Li+	2.70934556	0.35124088008982823
Li+	2.7119721999999999	0.35758340014946338
Li+	2.7145988399999998	0.36316167070016969
Li+	2.7172254799999997	0.36930610943150843
Li+	2.7198521200000001	0.37575685192267699
Li+	2.72247876	0.38054769410278394
Li+	2.7251053999999999	0.38698554131176421
Li+	2.7277320399999998	0.39334332350918344
Li+	2.7303586799999997	0.39941773596130392
Li+	2.7329853200000001	0.40574515711458253
Li+	2.73561196	0.41238018787904679
Li+	2.7382385999999999	0.41876588264930781
Li+	2.7408652399999998	0.42493619356073281
Li+	2.7434918800000001	0.43065900553393843
Li+	2.74611852	0.43854389928215354
Li+	2.7487451599999999	0.44512857315351878
Li+	2.7513717999999998	0.45107280854809917
Li+	2.7539984399999997	0.45741173751650177
Li+	2.7566250800000001	0.46516172049600396
Li+	2.75925172	0.4710006716246164
Li+	2.7618783599999999	0.47621803750546565
Li+	2.7645049999999998	0.47966532186668209
Li+	2.7671316400000001	0.48594426328818863
Li+	2.76975828	0.49311542765198968
Li+	2.7723849199999999	0.5027674647542768
Li+	2.7750115599999998	0.51113642127882197
Li+	2.7776381999999997	0.52054279509385748
Li+	2.7802648400000001	0.52824078886605597
Li+	2.78289148	0.53583545714932879
Li+	2.7855181199999999	0.54549647197972351
Li+	2.7881447599999998	0.55417630274385776
Li+	2.7907714000000001	0.56317704647992206
Li+	2.79339804	0.57040289336945771
Li+	2.7960246799999999	0.57910018989554479
Li+	2.7986513199999998	0.58792594954925659
Li+	2.8012779599999997	0.59635211868655635
Li+	2.8039046000000001	0.60140690607297831
Li+	2.80653124	0.60725459008256677
Li+	2.8091578799999999	0.61484550404317762
Li+	2.8117845199999998	0.6201319168147279
Li+	2.8144111600000001	0.62671095920209929
Li+	2.8170378	0.63576246790980973
Li+	2.8196644399999999	0.64823661303430935
Li+	2.8222910799999998	0.65812101006311863
Li+	2.8249177199999997	0.66757537391566713
Li+	2.8275443600000001	0.67585675678332435
Li+	2.830171	0.6843568697539254
Li+	2.8327976399999999	0.69130563130783185
Li+	2.8354242799999998	0.70129743461107874
Li+	2.8380509200000001	0.71002329663568375
Li+	2.84067756	0.71861473758582406
Li+	2.8433041999999999	0.72921204784194404
Li+	2.8459308399999999	0.73852056442061897
Li+	2.8485574799999998	0.74940687590604749
Li+	2.8511841200000001	0.7559914681617026
Li+	2.85381076	0.76441118965790122
Li+	2.8564373999999999	0.77045271097885748
Li+	2.8590640399999998	0.77850858963964809
Li+	2.8616906799999997	0.78668844256399817
Li+	2.8643173200000001	0.79547649575965451
Li+	2.86694396	0.80423712607674136
Li+	2.8695705999999999	0.81549038179455891
Li+	2.8721972399999998	0.82288239826977061
Li+	2.8748238800000001	0.83140895473043952
Li+	2.87745052	0.83823194647516053
Li+	2.8800771599999999	0.84533732857665578
Li+	2.8827037999999998	0.85559030215207299
Li+	2.8853304399999997	0.86452322323308084
Li+	2.8879570800000001	0.87538137729853149
Li+	2.89058372	0.88795493035786632
Li+	2.8932103599999999	0.89924858585215939
Li+	2.8958369999999998	0.90908809424044001
Li+	2.8984636399999997	0.919963550836435
Li+	2.90109028	0.93072841814529528
Li+	2.9037169199999999	0.9370077676453431
Li+	2.9063435599999998	0.94519153812378709
Li+	2.9089701999999997	0.95227055835094032
Li+	2.9115968400000001	0.95981772629096029
Li+	2.91422348	0.96740872186726778
Li+	2.9168501199999999	0.97724398623862341
Li+	2.9194767599999998	0.98558674412024172
Li+	2.9221033999999997	0.99404229491316587
Li+	2.92473004	1.0035434245675652
Li+	2.9273566799999999	1.0109268713932218
Li+	2.9299833199999998	1.0189114179234184
Li+	2.9326099599999997	1.0285977336239245
Li+	2.9352366000000001	1.0391477067682142
Li+	2.93786324	1.0468336214153129
Li+	2.9404898799999999	1.0555669104695327
Li+	2.9431165199999998	1.0674255915245245
Li+	2.9457431599999997	1.0752265843228244
Li+	2.9483698	1.0856867801860568
Li+	2.9509964399999999	1.094300338993633
Li+	2.9536230799999998	1.1022815392797174
Li+	2.9562497199999997	1.1090990627718604
Li+	2.9588763600000001	1.1158106490723576
Li+	2.961503	1.127467576092084
Li+	2.9641296399999999	1.1370632167387236
Li+	2.9667562799999998	1.1450094038851946
Li+	2.9693829199999997	1.1547606856909105
Li+	2.9720095600000001	1.1622813285251823
Li+	2.9746362	1.1700752207566956
Li+	2.9772628399999999	1.1800027924961225
Li+	2.9798894799999998	1.1855354398649003
Li+	2.9825161200000001	1.1935662625026933
Li+	2.98514276	1.1998147612643357
Li+	2.9877693999999999	1.2086585579899665
Li+	2.9903960399999998	1.2166204969684773
Li+	2.9930226799999997	1.2258696789259469
Li+	2.9956493199999996	1.2339621214248504
Li+	2.99827596	1.2403707502096333
Li+	3.0009025999999999	1.2479445248711316
Li+	3.0035292399999998	1.2528404064700747
Li+	3.0061558800000001	1.2631146001300941
Li+	3.00878252	1.2739840987792257
Li+	3.0114091599999999	1.2840844509768314
Li+	3.0140357999999998	1.2950962874243124
Li+	3.0166624399999997	1.3007843311050384
Li+	3.0192890799999996	1.3063306899131288
Li+	3.02191572	1.3124253430613377
Li+	3.0245423599999999	1.3193612909487893
Li+	3.0271689999999998	1.3253626573403885
Li+	3.0297956400000001	1.331089958177645
Li+	3.03242228	1.3362678220548097
Li+	3.0350489199999999	1.3443552043796685
Li+	3.0376755599999998	1.3543293786895354
Li+	3.0403021999999997	1.3638174498303299
Li+	3.0429288399999996	1.3688468547309451
Li+	3.04555548	1.3715449884895887
Li+	3.0481821199999999	1.37493644770515
Li+	3.0508087599999998	1.3819778430899539
Li+	3.0534354000000001	1.3897890378519939
Li+	3.05606204	1.3943036924692667
Li+	3.0586886799999999	1.3996811067575254
Li+	3.0613153199999998	1.4046866798707858
Li+	3.0639419599999997	1.4103826402753878
Li+	3.0665685999999996	1.4133582674482299
Li+	3.06919524	1.4161522180504758
Li+	3.0718218799999999	1.4191653068342176
Li+	3.0744485199999998	1.4241228082942594
Li+	3.0770751600000001	1.430603095672464
Li+	3.0797018	1.4346449504813985
Li+	3.0823284399999999	1.4407921641468762
Li+	3.0849550799999998	1.4474200127288592
Li+	3.0875817199999998	1.4552063963150479
Li+	3.0902083599999997	1.4598325379922916
Li+	3.092835	1.4646960181543505
Li+	3.0954616399999999	1.4659992578124816
Li+	3.0980882799999998	1.4688963706722344
Li+	3.1007149199999997	1.4743149192783593
Li+	3.1033415600000001	1.4802617663756392
Li+	3.1059682	1.4813336254957599
Li+	3.1085948399999999	1.4804907800580409
Li+	3.1112214799999998	1.4856603191327995
Li+	3.1138481199999997	1.4894283532345454
Li+	3.11647476	1.4940203795449678
Li+	3.1191013999999999	1.4945627975539844
Li+	3.1217280399999998	1.4975976777323055
Li+	3.1243546799999997	1.4970968837354155
Li+	3.1269813200000001	1.5031435468461116
Li+	3.12960796	1.5079628729090124
Li+	3.1322345999999999	1.5099755979346277
Li+	3.1348612399999998	1.5138573227204604
Li+	3.1374878799999997	1.5157376670643763
Li+	3.14011452	1.5200247770820625
Li+	3.1427411599999999	1.519104968029769
Li+	3.1453677999999998	1.5218030201727004
Li+	3.1479944399999997	1.5203927823186894
Li+	3.1506210800000001	1.5192792991864352
Li+	3.15324772	1.5184799549221564
Li+	3.1558743599999999	1.5167891222569858
Li+	3.1585009999999998	1.5138457332896356
Li+	3.1611276399999997	1.5161257497656804
Li+	3.1637542799999996	1.5173288469475934
Li+	3.1663809199999999	1.5145452615405288
Li+	3.1690075599999998	1.5119196841481222
Li+	3.1716341999999997	1.5076467752640008
Li+	3.1742608400000001	1.5056003429501299
Li+	3.17688748	1.5048758402919684
Li+	3.1795141199999999	1.5101076521534926
Li+	3.1821407599999998	1.5104591710166906
Li+	3.1847673999999997	1.5104174653888569
Li+	3.1873940399999996	1.5104834108826
Li+	3.1900206799999999	1.5083882539898315
Li+	3.1926473199999998	1.50960269575544
Li+	3.1952739599999997	1.5036778848998325
Li+	3.1979006000000001	1.5020021511410222
Li+	3.20052724	1.49785688922741
Li+	3.2031538799999999	1.4936380099433473
Li+	3.2057805199999998	1.4936621681935232
Li+	3.2084071599999997	1.4914900476861761
Li+	3.2110337999999996	1.4881547400791706
Li+	3.21366044	1.4861708253992045
Li+	3.2162870799999999	1.4831011769284208
Li+	3.2189137199999998	1.4776444321699675
Li+	3.2215403600000001	1.4724143342383496
Li+	3.224167	1.466020885975617
Li+	3.2267936399999999	1.462894759433454
Li+	3.2294202799999998	1.4618994558493577
Li+	3.2320469199999997	1.4579458276229738
Li+	3.2346735599999996	1.4535888545575244
Li+	3.2373002	1.4504219201603399
Li+	3.2399268399999999	1.4475980165925126
Li+	3.2425534799999998	1.4461696600508755
Li+	3.2451801200000001	1.4411862047950368
Li+	3.24780676	1.4370220080366924
Li+	3.2504333999999999	1.4337232642677664
Li+	3.2530600399999998	1.4317790148228831
Li+	3.2556866799999997	1.4258129064180114
Li+	3.2583133199999996	1.4235532938695026
Li+	3.26093996	1.4150459171007095
Li+	3.2635665999999999	1.4084638549320709
Li+	3.2661932399999998	1.4026020514046444
Li+	3.2688198799999997	1.397227412050521
Li+	3.27144652	1.3866998016107639
Li+	3.2740731599999999	1.3772728606367979
Li+	3.2766997999999998	1.3691387941257842
Li+	3.2793264399999997	1.36347825493935
Li+	3.2819530799999996	1.3578617882363599
Li+	3.28457972	1.3525800275602808
Li+	3.2872063599999999	1.346795432494569
Li+	3.2898329999999998	1.342667146648667
Li+	3.2924596399999997	1.3390305954558319
Li+	3.29508628	1.3350144495955438
Li+	3.2977129199999999	1.3303194242590175
Li+	3.3003395599999998	1.3289967600618975
Li+	3.3029661999999997	1.3223276139306281
Li+	3.3055928399999996	1.3168616465969631
Li+	3.30821948	1.3103019471328921
Li+	3.3108461199999999	1.3036522255406178
Li+	3.3134727599999998	1.2922771991833999
Li+	3.3160993999999997	1.2850682467458348
Li+	3.31872604	1.2754461626091356
Li+	3.3213526799999999	1.2671587401789166
Li+	3.3239793199999998	1.2587284086404105
Li+	3.3266059599999998	1.2499775722085287
Li+	3.3292325999999997	1.2415989034144914
Li+	3.3318592399999996	1.2346309621687337
Li+	3.3344858799999999	1.2260618023074323
Li+	3.3371125199999998	1.2172089462379811
Li+	3.3397391599999997	1.2056830124328721
Li+	3.3423658000000001	1.1987216820596109
Li+	3.34499244	1.191415443695649
Li+	3.3476190799999999	1.1834331007896233
Li+	3.3502457199999998	1.1753901174110304
Li+	3.3528723599999997	1.165532735182252
Li+	3.3554989999999996	1.1551878623173395
Li+	3.3581256399999999	1.1455717361274773
Li+	3.3607522799999998	1.1372909245698051
Li+	3.3633789199999997	1.1244693413675941
Li+	3.3660055600000001	1.1127471217798113
Li+	3.3686322	1.1037318504473406
Li+	3.3712588399999999	1.0949234749398684
Li+	3.3738854799999998	1.0843552198765258
Li+	3.3765121199999997	1.075745007313067
Li+	3.3791387599999996	1.0675524223379611
Li+	3.3817653999999999	1.0590645517238715
Li+	3.3843920399999998	1.0511199968916172
Li+	3.3870186799999997	1.0423887482301328
Li+	3.3896453200000001	1.0337761688110794
Li+	3.39227196	1.0258794407848866
Li+	3.3948985999999999	1.0177687163669473
Li+	3.3975252399999998	1.0093479338665194
Li+	3.4001518799999997	0.99872050741339047
Li+	3.4027785199999996	0.98777078052127298
Li+	3.4054051599999999	0.97813751503229929
Li+	3.4080317999999998	0.96930440996468792
Li+	3.4106584399999997	0.95775823546348993
Li+	3.4132850800000001	0.94980282574178276
Li+	3.41591172	0.94181313742183992
Li+	3.4185383599999999	0.93375521836830477
Li+	3.4211649999999998	0.9261413703931699
Li+	3.4237916399999997	0.91822913538208351
Li+	3.4264182799999996	0.90861455989072126
Li+	3.4290449199999999	0.90082409551903386
Li+	3.4316715599999998	0.89365211499813069
Li+	3.4342981999999997	0.88492804851914464
Li+	3.4369248399999996	0.87544993449497877
Li+	3.43955148	0.86772402814992811
Li+	3.4421781199999999	0.85812373540781151
Li+	3.4448047599999998	0.84916184074973122
Li+	3.4474313999999997	0.83759836371800345
Li+	3.4500580399999996	0.82659313814304713
Li+	3.45268468	0.81419897641439976
Li+	3.4553113199999999	0.80533559191835735
Li+	3.4579379599999998	0.79586555784948632
Li+	3.4605645999999997	0.78625106397382138
Li+	3.46319124	0.77546252810904626
Li+	3.4658178799999999	0.76950335703951545
Li+	3.4684445199999998	0.76180919920568835
Li+	3.4710711599999997	0.75267207561812588
Li+	3.4736977999999996	0.7446999346758616
Li+	3.47632444	0.73610808564717278
Li+	3.4789510799999999	0.72696582026987855
Li+	3.4815777199999998	0.71817295174731688
Li+	3.4842043599999997	0.71149817413205074
Li+	3.486831	0.70248167856394572
Li+	3.4894576399999999	0.69284531167797825
Li+	3.4920842799999998	0.68359294670781912
Li+	3.4947109199999997	0.67423521585598301
Li+	3.4973375599999996	0.6664216542383512
Li+	3.4999641999999995	0.65703331749525362
Li+	3.5025908399999999	0.64816275081672547
Li+	3.5052174799999998	0.63988912144152055
Li+	3.5078441199999997	0.63279663462220304
Li+	3.51047076	0.62246718712647509
Li+	3.5130973999999999	0.61625712936424326
Li+	3.5157240399999998	0.60805621958669653
Li+	3.5183506799999997	0.60117683138632938
Li+	3.5209773199999996	0.5938021174416519
Li+	3.5236039599999995	0.58691497574883689
Li+	3.5262305999999999	0.57785277538310376
Li+	3.5288572399999998	0.57008597956733786
Li+	3.5314838799999997	0.56281034709465549
Li+	3.53411052	0.55575271018353245
Li+	3.5367371599999999	0.54863410633699172
Li+	3.5393637999999998	0.54000748901580875
Li+	3.5419904399999997	0.5320852152723845
Li+	3.5446170799999996	0.52306015005472495
Li+	3.5472437199999995	0.51440170260662899
Li+	3.5498703599999999	0.50492056880119363
Li+	3.5524969999999998	0.49422107567609258
Li+	3.5551236399999997	0.48650300443921385
Li+	3.55775028	0.47776122735114701
Li+	3.5603769199999999	0.47054811251236556
Li+	3.5630035599999998	0.46272606286088508
Li+	3.5656301999999997	0.45579215536620243
Li+	3.5682568399999997	0.44889122061838221
Li+	3.5708834799999996	0.44365793967407957
Li+	3.5735101199999999	0.43843526877207928
Li+	3.5761367599999998	0.43250956014368369
Li+	3.5787633999999997	0.42693659461413402
Li+	3.5813900400000001	0.42332036573310572
Li+	3.58401668	0.41690977817127634
Li+	3.5866433199999999	0.41194607391727223
Li+	3.5892699599999998	0.40635605070432212
Li+	3.5918965999999997	0.39935840134008882
Li+	3.5945232399999996	0.3927336541550917
Li+	3.5971498799999999	0.38610694819304942
Li+	3.5997765199999998	0.37973080246087088
Li+	3.6024031599999997	0.37259342700102538
Li+	3.6050297999999996	0.36590012261957872
Li+	3.60765644	0.35974850170574801
Li+	3.6102830799999999	0.35198431759269505
Li+	3.6129097199999998	0.34466885665351432
Li+	3.6155363599999997	0.33840876846102963
Li+	3.6181629999999996	0.33258108030040923
Li+	3.6207896399999999	0.32864246936467223
Li+	3.6234162799999998	0.3238442001549478
Li+	3.6260429199999997	0.31936651745430911
Li+	3.6286695599999996	0.31442158481361737
Li+	3.6312962	0.30965416634229187
Li+	3.6339228399999999	0.30292266580853638
Li+	3.6365494799999998	0.29666086368613981
Li+	3.6391761199999997	0.29122011560687716
Li+	3.6418027599999996	0.28570313845442558
Li+	3.6444293999999999	0.28027520404164463
Li+	3.6470560399999998	0.27564073756199636
Li+	3.6496826799999997	0.27063165497320252
Li+	3.6523093199999996	0.26505109918261816
Li+	3.65493596	0.25934493681426296
Li+	3.6575625999999999	0.25276001809576315
Li+	3.6601892399999998	0.24653575919999099
Li+	3.6628158799999997	0.24001360296252588
Li+	3.6654425199999996	0.2340230098446365
Li+	3.6680691599999995	0.22931525245736262
Li+	3.6706957999999998	0.22365250964675626
Li+	3.6733224399999997	0.21877654228105894
Li+	3.6759490799999996	0.21438643323730755
Li+	3.67857572	0.21030768812740902
Li+	3.6812023599999999	0.20670239575152449
Li+	3.6838289999999998	0.2021390981710407
Li+	3.6864556399999997	0.19848116366217541
Li+	3.6890822799999996	0.19541380043125403
Li+	3.6917089199999995	0.19184099110797642
Li+	3.6943355599999999	0.18970216981032809
Li+	3.6969621999999998	0.18630483426366445
Li+	3.6995888399999997	0.18297915731042225
Li+	3.70221548	0.18063662320048113
Li+	3.7048421199999999	0.17741002771924316
Li+	3.7074687599999998	0.17375005281762609
Li+	3.7100953999999997	0.16955059807255912
Li+	3.7127220399999996	0.1660844604823187
Li+	3.7153486799999995	0.16175409413832875
Li+	3.7179753199999999	0.1590606940908702
Li+	3.7206019599999998	0.15619565620517184
Li+	3.7232285999999997	0.15334147320890623
Li+	3.72585524	0.15022040684076957
Li+	3.7284818799999999	0.14719221915067082
Li+	3.7311085199999998	0.14434162724564945
Li+	3.7337351599999997	0.14168373003206353
Li+	3.7363617999999996	0.1383654801084391
Li+	3.7389884399999995	0.13606505970488703
Li+	3.7416150799999999	0.13363593132658005
Li+	3.7442417199999998	0.13102504476198543
Li+	3.7468683599999997	0.1286845510447952
Li+	3.749495	0.12543134884208265
Li+	3.7521216399999999	0.1228316436297625
Li+	3.7547482799999998	0.11990849535850401
Li+	3.7573749199999997	0.11651034365473731
Li+	3.7600015599999996	0.11363004363125719
Li+	3.7626281999999995	0.11104274400686839
Li+	3.7652548399999999	0.10853975341096334
Li+	3.7678814799999998	0.10606034975526391
Li+	3.7705081199999997	0.10435262263811453
Li+	3.7731347599999996	0.10135724446345938
Li+	3.7757613999999999	0.098475883435746661
Li+	3.7783880399999998	0.095676627812348647
Li+	3.7810146799999997	0.093930541311474755
Li+	3.7836413199999996	0.091611757373159172
Li+	3.7862679599999995	0.089688401550051214
Li+	3.7888945999999999	0.087135543755303677
Li+	3.7915212399999998	0.08508527550306276
Li+	3.7941478799999997	0.083144535533712149
Li+	3.7967745199999996	0.080613550749258495
Li+	3.7994011599999999	0.078499867090306055
Li+	3.8020277999999998	0.076297303923104604
Li+	3.8046544399999997	0.074686128190948303
Li+	3.8072810799999997	0.072269242169148928
Li+	3.8099077199999996	0.070374370228848709
Li+	3.8125343599999999	0.068933118405023738
Li+	3.8151609999999998	0.066614252850998229
Li+	3.8177876399999997	0.065103709289336967
Li+	3.8204142799999996	0.06417051526059088
Li+	3.82304092	0.06275366653407087
Li+	3.8256675599999999	0.060478383769212447
Li+	3.8282941999999998	0.059007178979797015
Li+	3.8309208399999997	0.05782668934959051
Li+	3.8335474799999996	0.057098840447338081
Li+	3.8361741199999995	0.054968343952115355
Li+	3.8388007599999998	0.053545945357311879
Li+	3.8414273999999997	0.051901878494004003
Li+	3.8440540399999996	0.050752157986487266
Li+	3.84668068	0.049508824259539883
Li+	3.8493073199999999	0.048627945900937039
Li+	3.8519339599999998	0.047590202147613045
Li+	3.8545605999999997	0.046576126950204522
Li+	3.8571872399999996	0.045307247506010638
Li+	3.8598138799999995	0.044121942548911483
Li+	3.8624405199999998	0.043269874535958298
Li+	3.8650671599999997	0.042772100320345612
Li+	3.8676937999999996	0.042073877920841642
Li+	3.87032044	0.041283511384688436
Li+	3.8729470799999999	0.040192962266959648
Li+	3.8755737199999998	0.039021368749148799
Li+	3.8782003599999997	0.037961996832660903
Li+	3.8808269999999996	0.036885485617061967
Li+	3.8834536399999995	0.036409257948903186
Li+	3.8860802799999998	0.035696834415850739
Li+	3.8887069199999997	0.0345410743457907
Li+	3.8913335599999996	0.033948136212255176
Li+	3.8939602	0.033090763178148484
Li+	3.8965868399999999	0.032277789090310045
Li+	3.8992134799999998	0.031023845321055708
Li+	3.9018401199999997	0.030311340172293047
Li+	3.9044667599999996	0.028959620782395341
Li+	3.9070933999999995	0.027895760001854862
Li+	3.9097200399999998	0.026755262069574334
Li+	3.9123466799999997	0.025873404322451846
Li+	3.9149733199999996	0.024955227584355498
Li+	3.91759996	0.024472878737942252
Li+	3.9202265999999999	0.023676962333504987
Li+	3.9228532399999998	0.02264109574151223
Li+	3.9254798799999997	0.021718593370783145
Li+	3.9281065199999996	0.021252077972120406
Li+	3.9307331599999995	0.020896886401969746
Li+	3.9333597999999999	0.020535328806435015
Li+	3.9359864399999998	0.020457222571914419
Li+	3.9386130799999997	0.020292685300447373
Li+	3.9412397199999996	0.020104479473065373
Li+	3.9438663599999999	0.019763162573623434
Li+	3.9464929999999998	0.01927493739608635
Li+	3.9491196399999997	0.018673021534445482
Li+	3.9517462799999996	0.018105221039606913
Li+	3.95437292	0.017471230203915243
Li+	3.9569995599999999	0.016657521574686911
Li+	3.9596261999999998	0.016077478723340369
Li+	3.9622528399999997	0.015760809768334563
Li+	3.9648794799999996	0.014931349307066112
Li+	3.9675061199999995	0.014244961185520438
Li+	3.9701327599999998	0.013941513975543149
Li+	3.9727593999999997	0.013543474157614671
Li+	3.9753860399999996	0.012888916162989835
Li+	3.97801268	0.012127033509644825
Li+	3.9806393199999999	0.011834114726264926
Li+	3.9832659599999998	0.011614405234801842
Li+	3.9858925999999997	0.011542012099985026
Li+	3.9885192399999996	0.011247542618113796
Li+	3.9911458799999995	0.011307856627842994
Li+	3.9937725199999998	0.010952093747722016
Li+	3.9963991599999997	0.010514960004678013
Li+	3.9990257999999996	0.01011732826529982
Li+	4.00165244	0.010099372809088212
Li+	4.0042790799999999	0.0096870502419006931
Li+	4.0069057199999998	0.0092976616892375165
Li+	4.0095323599999997	0.0094222888784885883
Li+	4.0121589999999996	0.0091863378607253687
Li+	4.0147856399999995	0.0088736680755123528
Li+	4.0174122800000003	0.0084153958635648021
Li+	4.0200389199999993	0.0081061539381738837
Li+	4.0226655600000001	0.008026252158032026
Li+	4.0252921999999991	0.0076655107195978045
Li+	4.0279188399999999	0.0073873643797373514
Li+	4.0305454799999998	0.0073262342129072891
Li+	4.0331721199999997	0.0071921396012905869
Li+	4.0357987599999996	0.0072219293354596464
Li+	4.0384253999999995	0.007037804293580272
Li+	4.0410520400000003	0.0067497824528030565
Li+	4.0436786799999993	0.0065619030882610313
Li+	4.0463053200000001	0.0060186689221482506
Li+	4.0489319599999991	0.0055836571875657664
Li+	4.0515585999999999	0.0055353406872144864
Li+	4.0541852399999998	0.0054137332792354477
Li+	4.0568118799999997	0.0049562772243885427
Li+	4.0594385199999996	0.0048507481112896782
Li+	4.0620651599999995	0.0048889442635947321
Li+	4.0646918000000003	0.0045801104167540897
Li+	4.0673184399999993	0.004437691002711624
Li+	4.0699450800000001	0.0043311825010924881
Li+	4.0725717199999991	0.0041430582894203625
Li+	4.0751983599999999	0.0039630140330435678
Li+	4.0778249999999998	0.0038263077187047534
Li+	4.0804516399999997	0.0039492209780447032
Li+	4.0830782799999996	0.0040205531086308401
Li+	4.0857049199999995	0.0039209819423663486
Li+	4.0883315599999994	0.0038874378855344414
Li+	4.0909581999999993	0.0037362855905162637
Li+	4.0935848400000001	0.0036460186151976324
Li+	4.0962114799999991	0.0034415712615148571
Li+	4.0988381199999999	0.0033062524142469961
Li+	4.1014647599999998	0.0031575485905303942
Li+	4.1040913999999997	0.0030295751571673604
Li+	4.1067180399999996	0.0027776274602335908
Li+	4.1093446799999995	0.0026112946431457347
Li+	4.1119713199999994	0.0026038676135307793
Li+	4.1145979599999993	0.0026487562540600433
Li+	4.1172246000000001	0.0024203138816216692
Li+	4.1198512399999991	0.0023174780869549029
Li+	4.1224778799999999	0.0022002779273188429
Li+	4.1251045199999998	0.0019977077349672624
Li+	4.1277311599999997	0.0018581448707767107
Li+	4.1303577999999996	0.001858634565036911
Li+	4.1329844399999995	0.0018225604211935917
Li+	4.1356110799999994	0.0017704079824696502
Li+	4.1382377199999993	0.0017489430507257775
Li+	4.1408643600000001	0.0016877312681859748
Li+	4.1434909999999991	0.0016949134506706366
Li+	4.1461176399999999	0.0016536159013838458
Li+	4.1487442799999998	0.0016143587448483245
Li+	4.1513709199999997	0.0015718369599107323
Li+	4.1539975599999996	0.0014112988582364195
Li+	4.1566241999999995	0.0013189098744564893
Li+	4.1592508399999994	0.0012584326333071488
Li+	4.1618774799999994	0.0012588407118574814
Li+	4.1645041200000001	0.0013070755964987579
Li+	4.1671307599999992	0.0013512296956374298
Li+	4.1697573999999999	0.0012835702720035065
Li+	4.1723840399999998	0.0012229297994341033
Li+	4.1750106799999998	0.0011205020833176154
Li+	4.1776373199999997	0.0010632078548603507
Li+	4.1802639599999996	0.0010566785980561935
Li+	4.1828905999999995	0.0010631262391503347
Li+	4.1855172399999994	0.0010042813122021529
Li+	4.1881438800000002	0.00098559131459999803
Li+	4.1907705199999992	0.00099391611702540875
Li+	4.19339716	0.00098583616173017865
Li+	4.1960237999999999	0.00099546681551642888
Li+	4.1986504399999998	0.0009887743272921014
Li+	4.2012770799999997	0.00097677681791426534
Li+	4.2039037199999996	0.00093939682271002457
Li+	4.2065303599999995	0.00085035408304217578
Li+	4.2091569999999994	0.00082146212168345196
Li+	4.2117836400000002	0.00081387186064850925
Li+	4.2144102799999992	0.00085712818697660648
Li+	4.21703692	0.00091882966377668295
Li+	4.2196635599999999	0.0008719006304962006
Li+	4.2222901999999998	0.00079469216878608683
Li+	4.2249168399999997	0.00073682663035848741
Li+	4.2275434799999996	0.00070768982186960845
Li+	4.2301701199999995	0.0006732479922272282
Li+	4.2327967599999994	0.00057155481750121532
Li+	4.2354234000000002	0.00056167931658478534
Li+	4.2380500399999992	0.00052886980114347974
Li+	4.24067668	0.00054315255040276013
Li+	4.2433033199999999	0.00051311796910324774
Li+	4.2459299599999998	0.00049940652981435665
Li+	4.2485565999999997	0.00049508089718152272
Li+	4.2511832399999996	0.0004760644367391725
Li+	4.2538098799999995	0.00042146352671369643
Li+	4.2564365199999994	0.00037714619615492588
Li+	4.2590631600000002	0.00028034996403205383
Li+	4.2616897999999992	0.00030728314834953772
Li+	4.26431644	0.00033862358100988395
Li+	4.2669430799999999	0.0003100580824913177
Li+	4.2695697199999998	0.00027202516160662756
Li+	4.2721963599999997	0.00022909529811873758
Li+	4.2748229999999996	0.00023946049329549309
Li+	4.2774496399999995	0.00021244569326793781
Li+	4.2800762799999994	0.0002201991857229866
Li+	4.2827029200000002	0.00021766909871134116
Li+	4.2853295599999992	0.00023195184797061963
Li+	4.2879562	0.00032205559186913776
Li+	4.2905828399999999	0.00033674641967868294
Li+	4.2932094799999998	0.00034041912663107841
Li+	4.2958361199999997	0.00035559964870093299
Li+	4.2984627599999996	0.00033266563417605824
Li+	4.3010893999999995	0.00037486095627343801
Li+	4.3037160399999994	0.00036580161245754748
Li+	4.3063426800000002	0.00036049659130409583
Li+	4.3089693199999992	0.00033641995683845468
Li+	4.31159596	0.00031609764503525236
Li+	4.3142225999999999	0.00026704660329337999
Li+	4.3168492399999998	0.00026141511929972757
Li+	4.3194758799999997	0.00022387189267535144
Li+	4.3221025199999996	0.00021342508178858708
Li+	4.3247291599999995	0.00017588185516420206
Li+	4.3273557999999994	0.00016168072161499262
Li+	4.3299824400000002	0.00014054225271126591
Li+	4.3326090799999992	0.00015833447750282582
Li+	4.33523572	0.00015311107205943924
Li+	4.3378623599999999	0.00017612670229439129
Li+	4.3404889999999998	0.00018396181045948501
Li+	4.3431156399999997	0.00016886290409968518
Li+	4.3457422799999996	0.00014478626963405515
Li+	4.3483689199999995	0.00012030155661815246
Li+	4.3509955599999994	9.540876505198924e-05
Na+	1.855632495	8.4656340970395836e-05
Na+	1.8577608250000002	6.9932408481618655e-05
Na+	1.8598891550000001	5.8033654467331191e-05
Na+	1.862017485	4.8960078927533446e-05
Na+	1.8641458150000001	4.2711681862225406e-05
Na+	1.8662741450000002	3.9288463271407097e-05
Na+	1.8684024750000001	3.8690423155078493e-05
Na+	1.870530805	4.09175615132396e-05
Na+	1.8726591350000001	4.5969878345890425e-05
Na+	1.874787465	5.3847373653030962e-05
Na+	1.8769157949999999	6.4550047434660201e-05
Na+	1.8790441250000001	8.6260355851940163e-05
Na+	1.8811724550000002	0.00012692180305487677
Na+	1.8833007850000001	0.00014645381965771567
Na+	1.885429115	0.00017658685642417803
Na+	1.8875574450000001	0.00019728062866138736
Na+	1.8896857750000002	0.00020853513636934364
Na+	1.8918141050000001	0.00021035037954804684
Na+	1.893942435	0.00020272635819749702
Na+	1.8960707650000002	0.00020570335701057069
Na+	1.8981990950000001	0.00019517494657409539
Na+	1.900327425	0.00017114112688807579
Na+	1.9024557550000001	0.00017774861205855196
Na+	1.9045840850000002	0.00016322666662893167
Na+	1.9067124150000001	0.00010274276391456232
Na+	1.908840745	8.6696014214835077e-05
Na+	1.9109690750000001	8.6696014214834928e-05
Na+	1.9130974050000003	5.0245931186487352e-05
Na+	1.9152257349999999	8.088723604298354e-05
Na+	1.9173540650000001	8.2702479221685591e-05
Na+	1.9194823950000002	0.00010818849345067092
Na+	1.9216107250000001	0.00013803109130853863
Na+	1.923739055	0.00013570758003980337
Na+	1.9258673850000001	0.00017709512451421854
Na+	1.9279957150000002	0.00015240781728386804
Na+	1.9301240450000001	0.00020788164882501217
Na+	1.932252375	0.00026742162508645113
Na+	1.9343807050000001	0.00026132240800600569
Na+	1.936509035	0.00025442448392693222
Na+	1.9386373649999999	0.00027555391452703293
Na+	1.9407656950000001	0.00030176602602749377
Na+	1.9428940250000002	0.00036261297737760512
Na+	1.9450223550000001	0.00042418602599919087
Na+	1.947150685	0.00046499269265642571
Na+	1.9492790150000001	0.00048285468553485535
Na+	1.9514073450000002	0.00056744501766239366
Na+	1.9535356750000001	0.00064143432962631038
Na+	1.955664005	0.00067643221811169367
Na+	1.9577923350000002	0.00064825964397824192
Na+	1.9599206650000001	0.00070097430588775896
Na+	1.962048995	0.00075630291797461531
Na+	1.9641773250000001	0.00074998587171272468
Na+	1.9663056550000002	0.0008115589203343172
Na+	1.9684339850000001	0.00082499171985670741
Na+	1.970562315	0.00085919090134346831
Na+	1.9726906450000001	0.00095612488708617268
Na+	1.974818975	0.00086942887287133402
Na+	1.9769473049999999	0.00088583867120681616
Na+	1.9790756350000001	0.00099598762729049303
Na+	1.9812039650000002	0.0010783270578764211
Na+	1.9833322950000001	0.0012134537600990483
Na+	1.985460625	0.0012886774374244988
Na+	1.9875889550000001	0.00143970566989255
Na+	1.9897172850000002	0.0016247878643930484
Na+	1.9918456150000001	0.0017133717315137341
Na+	1.993973945	0.0018144444717038942
Na+	1.9961022750000001	0.0018360821703940072
Na+	1.998230605	0.0017588254207084443
Na+	2.0003589350000004	0.00165070953698494
Na+	2.0024872650000001	0.0018253359307761096
Na+	2.0046155949999998	0.0020061341513748455
Na+	2.0067439250000003	0.002031983214239569
Na+	2.008872255	0.0021780739852615481
Na+	2.0110005850000001	0.0023527729887798435
Na+	2.0131289150000002	0.0024433899282606799
Na+	2.0152572449999999	0.0024332971761870876
Na+	2.017385575	0.0025166531429531001
Na+	2.0195139050000002	0.0026195411263219065
Na+	2.0216422349999998	0.0028163134868932687
Na+	2.0237705650000004	0.0029573941867420315
Na+	2.0258988950000001	0.0030185315770007771
Na+	2.0280272249999998	0.0031802334393595576
Na+	2.0301555550000003	0.0033269050881987389
Na+	2.032283885	0.003454117330162221
Na+	2.0344122149999997	0.0034942705092750872
Na+	2.0365405450000003	0.0035896796907477196
Na+	2.0386688749999999	0.0036101556338035039
Na+	2.0407972050000001	0.003551922632630781
Na+	2.0429255350000002	0.0037080335459991438
Na+	2.0450538649999999	0.0037272025139662734
Na+	2.0471821950000004	0.0040609894296660884
Na+	2.0493105250000001	0.0041577055862273933
Na+	2.0514388549999998	0.0043986246609046898
Na+	2.0535671850000004	0.0048162758114605785
Na+	2.055695515	0.0049095067011187821
Na+	2.0578238449999997	0.0051939916120849628
Na+	2.0599521750000003	0.0053353627508423429
Na+	2.062080505	0.0055641560010860087
Na+	2.0642088350000001	0.0058493670093238189
Na+	2.0663371650000002	0.0059227028337432803
Na+	2.0684654949999999	0.0059639451587634625
Na+	2.0705938250000004	0.0064446941622110423
Na+	2.0727221550000001	0.0068806429640082874
Na+	2.0748504849999998	0.0072269187527774434
Na+	2.0769788150000004	0.0077271271631007363
Na+	2.079107145	0.0078808419554733718
Na+	2.0812354749999997	0.0081730234975172164
Na+	2.0833638050000003	0.0083835917062467739
Na+	2.085492135	0.0088021141735284431
Na+	2.0876204650000001	0.0088500365934461138
Na+	2.0897487950000002	0.0094080423465793383
Na+	2.0918771249999999	0.0095088246478609618
Na+	2.0940054550000005	0.010228023995262875
Na+	2.0961337850000001	0.010677623425764015
Na+	2.0982621149999998	0.011005601563291776
Na+	2.1003904450000004	0.011615378051881552
Na+	2.1025187750000001	0.012084582108712683
Na+	2.1046471049999997	0.012320128063580916
Na+	2.1067754350000003	0.012508768134711764
Na+	2.108903765	0.012940069913971494
Na+	2.1110320949999997	0.013232178846288236
Na+	2.1131604250000002	0.013928143081002878
Na+	2.1152887549999999	0.01420122826480695
Na+	2.1174170850000005	0.014495442879211054
Na+	2.1195454150000002	0.015412431123364335
Na+	2.1216737449999998	0.015424774776979592
Na+	2.1238020750000004	0.016120666401966958
Na+	2.1259304050000001	0.016592847457611186
Na+	2.1280587349999998	0.017081293092136119
Na+	2.1301870650000003	0.017130159438506855
Na+	2.132315395	0.017722291763399851
Na+	2.1344437249999997	0.018421886484471451
Na+	2.1365720550000002	0.019663004550614017
Na+	2.1387003849999999	0.020320413020212955
Na+	2.140828715	0.021491680528838882
Na+	2.1429570450000002	0.022766562118105016
Na+	2.1450853749999998	0.02360556751530141
Na+	2.1472137050000004	0.024605984335947923
Na+	2.1493420350000001	0.025989562686755195
Na+	2.1514703649999998	0.026891593327115642
Na+	2.1535986950000003	0.027086187395872662
Na+	2.155727025	0.027739529720751627
Na+	2.1578553549999997	0.028133074441893915
Na+	2.1599836850000003	0.029099074251872432
Na+	2.1621120149999999	0.030075166813924418
Na+	2.1642403450000001	0.030633390396239288
Na+	2.1663686750000002	0.031195607513546483
Na+	2.1684970049999999	0.031819905947566028
Na+	2.1706253350000004	0.032431352459880235
Na+	2.1727536650000001	0.033068793254513763
Na+	2.1748819949999998	0.034456002091677616
Na+	2.1770103250000004	0.035708447275255288
Na+	2.179138655	0.037023046385272138
Na+	2.1812669849999997	0.037957969232030479
Na+	2.1833953150000003	0.039631405613612961
Na+	2.185523645	0.041300630631020685
Na+	2.1876519750000001	0.04223664262368735
Na+	2.1897803050000002	0.044100534319578395
Na+	2.1919086349999999	0.045439167249280946
Na+	2.1940369650000004	0.046317091460228638
Na+	2.1961652950000001	0.046837194935790902
Na+	2.1982936249999998	0.047954658636599284
Na+	2.2004219550000004	0.048940335682634867
Na+	2.2025502850000001	0.050640274614626828
Na+	2.2046786149999997	0.051758464412706782
Na+	2.2068069450000003	0.052805787117091267
Na+	2.208935275	0.053757628030275784
Na+	2.2110636050000001	0.055605545586194738
Na+	2.2131919350000002	0.057466315063819516
Na+	2.2153202649999999	0.058561342358940227
Na+	2.2174485950000005	0.060881295751049072
Na+	2.2195769250000001	0.062900499653310141
Na+	2.2217052549999998	0.064683358893704912
Na+	2.2238335850000004	0.066521111087823367
Na+	2.2259619150000001	0.069312519438305659
Na+	2.2280902449999997	0.071372530007223225
Na+	2.2302185750000003	0.073282020611764268
Na+	2.232346905	0.076486796138899887
Na+	2.2344752349999997	0.078410953908324074
Na+	2.2366035650000002	0.080331045533028916
Na+	2.2387318949999999	0.082760494393677317
Na+	2.240860225	0.084848459707547896
Na+	2.2429885550000002	0.087542571023650567
Na+	2.2451168849999998	0.088562810299808822
Na+	2.2472452150000004	0.088879751758810285
Na+	2.2493735450000001	0.090892130346720723
Na+	2.2515018749999998	0.093601852754159109
Na+	2.2536302050000003	0.096035803417890697
Na+	2.255758535	0.097363690107976367
Na+	2.2578868649999997	0.099124548601043458
Na+	2.2600151950000003	0.10172274246758438
Na+	2.2621435249999999	0.10374826341610785
Na+	2.2642718550000001	0.10675525004649325
Na+	2.2664001850000002	0.10872587804129075
Na+	2.2685285149999999	0.11228346423263949
Na+	2.2706568450000004	0.11557166833626834
Na+	2.2727851750000001	0.1191190891658172
Na+	2.2749135049999998	0.1228971910985123
Na+	2.2770418350000003	0.12556080632921363
Na+	2.279170165	0.12939590689772373
Na+	2.2812984949999997	0.13296692588859263
Na+	2.2834268250000003	0.13613488828406509
Na+	2.2855551549999999	0.13951610544817095
Na+	2.2876834850000001	0.1410436688879142
Na+	2.2898118150000002	0.14395633548273085
Na+	2.2919401449999999	0.14761136392791249
Na+	2.2940684750000004	0.15168121174429064
Na+	2.2961968050000001	0.15465116741383086
Na+	2.2983251349999998	0.15749754132776084
Na+	2.3004534650000004	0.1618300911369612
Na+	2.302581795	0.16533176783840764
Na+	2.3047101249999997	0.17076892942670929
Na+	2.3068384550000003	0.17589822577190603
Na+	2.308966785	0.17916007254458022
Na+	2.3110951150000001	0.18473207039619785
Na+	2.3132234450000002	0.18891497155774678
Na+	2.3153517749999999	0.19327213606445043
Na+	2.3174801050000005	0.19750078135410112
Na+	2.3196084350000001	0.20071318090258627
Na+	2.3217367649999998	0.20401489041546561
Na+	2.3238650950000004	0.20796413347505083
Na+	2.3259934250000001	0.21257521419759329
Na+	2.3281217549999997	0.2161172619073285
Na+	2.3302500850000003	0.2196300478970272
Na+	2.332378415	0.22359236070749883
Na+	2.3345067449999997	0.22849024985227312
Na+	2.3366350750000002	0.23277066587738199
Na+	2.3387634049999999	0.23794512547286437
Na+	2.340891735	0.24262140973038268
Na+	2.3430200650000002	0.24883411581435766
Na+	2.3451483949999998	0.25337098939574776
Na+	2.3472767250000004	0.25761713362964161
Na+	2.3494050550000001	0.262118573664191
Na+	2.3515333849999998	0.26712508696077547
Na+	2.3536617150000003	0.27202972881017612
Na+	2.355790045	0.27704640746856929
Na+	2.3579183749999997	0.28235795422890331
Na+	2.3600467050000002	0.28769440612565456
Na+	2.3621750349999999	0.29260260585168496
Na+	2.3643033650000005	0.29818527733319761
Na+	2.3664316950000002	0.30627029784140702
Na+	2.3685600249999998	0.31182682982114368
Na+	2.3706883550000004	0.31813973732858081
Na+	2.3728166850000001	0.32475085298541889
Na+	2.3749450149999998	0.33317648572367931
Na+	2.3770733450000003	0.3397137572880049
Na+	2.379201675	0.34588006575633468
Na+	2.3813300049999997	0.35310182921847982
Na+	2.3834583350000003	0.35916212748517062
Na+	2.3855866649999999	0.36471321373537041
Na+	2.3877149950000001	0.37076835671142572
Na+	2.3898433250000002	0.37643394850134365
Na+	2.3919716549999999	0.38459637097869809
Na+	2.3940999850000004	0.39200082051435203
Na+	2.3962283150000001	0.39968750405943504
Na+	2.3983566449999998	0.40842107465052874
Na+	2.4004849750000004	0.41545688460145291
Na+	2.402613305	0.42459053478914477
Na+	2.4047416349999997	0.4323848259498515
Na+	2.4068699650000003	0.44040152070482075
Na+	2.408998295	0.44862348315843581
Na+	2.4111266249999996	0.45599867097404856
Na+	2.4132549550000002	0.46400353034349351
Na+	2.4153832849999999	0.47238900990264676
Na+	2.4175116150000004	0.48010009031604672
Na+	2.4196399450000001	0.48595657307863527
Na+	2.4217682749999998	0.49347509249563104
Na+	2.4238966050000004	0.49938973564966121
Na+	2.426024935	0.5076649936430091
Na+	2.4281532649999997	0.51566542381908809
Na+	2.4302815950000003	0.52422690935684924
Na+	2.432409925	0.53204763045825165
Na+	2.4345382549999997	0.54056736540289463
Na+	2.4366665850000002	0.54778934669422907
Na+	2.4387949149999999	0.55601849751083265
Na+	2.4409232450000005	0.56524094939481984
Na+	2.4430515750000001	0.57324740617826464
Na+	2.4451799049999998	0.58187235261754122
Na+	2.4473082350000004	0.59224290950719605
Na+	2.4494365650000001	0.60265006169934066
Na+	2.4515648949999997	0.61006431354815138
Na+	2.4536932250000003	0.61785403029605601
Na+	2.455821555	0.62871136279652085
Na+	2.4579498849999997	0.63812172865436156
Na+	2.4600782150000002	0.64549793300615921
Na+	2.4622065449999999	0.65424537205514621
Na+	2.4643348750000005	0.66176229405815157
Na+	2.4664632050000002	0.67013680954850219
Na+	2.4685915349999998	0.68161161516862734
Na+	2.4707198650000004	0.69121446941314457
Na+	2.4728481950000001	0.6980876335752646
Na+	2.4749765249999998	0.70779526365604595
Na+	2.4771048550000003	0.71539082199355608
Na+	2.479233185	0.72579027755462566
Na+	2.4813615149999997	0.73777676392195179
Na+	2.4834898450000003	0.74811312163012278
Na+	2.4856181749999999	0.75817290888758337
Na+	2.4877465050000001	0.76915026526700148
Na+	2.4898748350000002	0.78314942066116755
Na+	2.4920031649999999	0.79211635891532339
Na+	2.4941314950000004	0.79959516081157589
Na+	2.4962598250000001	0.80960230601686245
Na+	2.4983881549999998	0.82190856562254466
Na+	2.5005164850000003	0.82956090476668343
Na+	2.502644815	0.83860437367326279
Na+	2.5047731449999997	0.84893528565188292
Na+	2.5069014750000003	0.85856899903044126
Na+	2.5090298049999999	0.86912681640640987
Na+	2.5111581349999996	0.88091181078090819
Na+	2.5132864650000002	0.8895931749781939
Na+	2.5154147949999999	0.89869785388474954
Na+	2.5175431250000004	0.91082868838965259
Na+	2.5196714550000001	0.92047656066501105
Na+	2.5217997849999998	0.93470392843157524
Na+	2.5239281150000004	0.94553918757497757
Na+	2.526056445	0.95641605209204716
Na+	2.5281847749999997	0.96793072045236062
Na+	2.5303131050000003	0.97812461787586624
Na+	2.532441435	0.98761884796858512
Na+	2.5345697649999996	0.99527939201187954
Na+	2.5366980950000002	1.0035873243824431
Na+	2.5388264249999999	1.0145281580691199
Na+	2.5409547550000005	1.0238076085889167
Na+	2.5430830850000001	1.0332919637587388
Na+	2.5452114149999998	1.0443059154406349
Na+	2.5473397450000004	1.0570118189845537
Na+	2.5494680750000001	1.0666198285197122
Na+	2.5515964049999997	1.0763737109966827
Na+	2.5537247350000003	1.0893945229272457
Na+	2.555853065	1.1025294047391723
Na+	2.5579813949999997	1.1148797384492344
Na+	2.5601097250000002	1.1260075421833224
Na+	2.5622380549999999	1.1376611129516849
Na+	2.5643663850000005	1.1502032815608811
Na+	2.5664947150000001	1.1627368822222885
Na+	2.5686230449999998	1.1735694548057669
Na+	2.5707513750000004	1.1826250495367689
Na+	2.5728797050000001	1.192763981396836
Na+	2.5750080349999998	1.202494919200026
Na+	2.5771363650000003	1.2135811175604552
Na+	2.579264695	1.2242791443195662
Na+	2.5813930249999997	1.2368968270449865
Na+	2.5835213550000002	1.2447553778142313
Na+	2.5856496849999999	1.2566397749051972
Na+	2.5877780150000005	1.266600304665626
Na+	2.5899063450000002	1.2786633216853969
Na+	2.5920346749999998	1.2848560600944068
Na+	2.5941630050000004	1.2953167256554494
Na+	2.5962913350000001	1.3088054346677664
Na+	2.5984196649999998	1.3177343980346023
Na+	2.6005479950000003	1.3262953026945459
Na+	2.602676325	1.3361640537598984
Na+	2.6048046549999997	1.3453823668894227
Na+	2.6069329850000003	1.3520382827479125
Na+	2.6090613149999999	1.3618264370161106
Na+	2.6111896449999996	1.3689776964331766
Na+	2.6133179750000002	1.3768936814966111
Na+	2.6154463049999999	1.3844668034284315
Na+	2.6175746350000004	1.3947430402825158
Na+	2.6197029650000001	1.4063202256179317
Na+	2.6218312949999998	1.4169749043698929
Na+	2.6239596250000004	1.4289626977123162
Na+	2.626087955	1.4396407567964611
Na+	2.6282162849999997	1.4511087371022116
Na+	2.6303446150000003	1.4623249068742359
Na+	2.632472945	1.4724852586038195
Na+	2.6346012749999996	1.4830825030616139
Na+	2.6367296050000002	1.4968666610536889
Na+	2.6388579349999999	1.5100167909083004
Na+	2.6409862650000004	1.5196428802655004
Na+	2.6431145950000001	1.5335978163358359
Na+	2.6452429249999998	1.5397966539618984
Na+	2.6473712550000004	1.5478614163562372
Na+	2.649499585	1.5547764037212062
Na+	2.6516279149999997	1.5632983895673764
Na+	2.6537562450000003	1.5702843892454796
Na+	2.655884575	1.5783332501095981
Na+	2.6580129049999996	1.5853008795267129
Na+	2.6601412350000002	1.5929611331311175
Na+	2.6622695649999999	1.5995562020382528
Na+	2.6643978950000005	1.6049126216099621
Na+	2.6665262250000001	1.6106551797106676
Na+	2.6686545549999998	1.6165290888077408
Na+	2.6707828850000004	1.6214359089489536
Na+	2.6729112150000001	1.626662792767458
Na+	2.6750395449999997	1.6323882149725175
Na+	2.6771678750000003	1.6432279033092785
Na+	2.679296205	1.6502833178865579
Na+	2.6814245349999997	1.6582069995810302
Na+	2.6835528650000002	1.6629564018337948
Na+	2.6856811949999999	1.6721914878103075
Na+	2.6878095250000005	1.6771964763025995
Na+	2.6899378550000002	1.687770630867206
Na+	2.6920661849999998	1.6949140484337661
Na+	2.6941945150000004	1.7033862240071294
Na+	2.6963228450000001	1.7104454868999417
Na+	2.6984511749999998	1.717351833707335
Na+	2.7005795050000003	1.7196309078230603
Na+	2.702707835	1.7228762721876962
Na+	2.7048361649999997	1.7269519287822253
Na+	2.7069644950000002	1.7285224771804437
Na+	2.7090928249999999	1.7312030104775684
Na+	2.7112211549999996	1.7337391230273673
Na+	2.7133494850000002	1.7369965406067127
Na+	2.7154778149999999	1.7361023518168841
Na+	2.7176061450000004	1.7422083942116693
Na+	2.7197344750000001	1.7459354515061998
Na+	2.7218628049999998	1.7483150900939957
Na+	2.7239911350000003	1.7508657971989794
Na+	2.726119465	1.7554052847305748
Na+	2.7282477949999997	1.7622127370895935
Na+	2.7303761250000003	1.7650188852146891
Na+	2.7325044549999999	1.7701255999347707
Na+	2.7346327849999996	1.7780910322223522
Na+	2.7367611150000002	1.7863965684719221
Na+	2.7388894449999999	1.7888410475460907
Na+	2.7410177750000004	1.7927001819342776
Na+	2.7431461050000001	1.7952476942112874
Na+	2.7452744349999998	1.7991750091332452
Na+	2.7474027650000004	1.8019654735572714
Na+	2.749531095	1.8024697481123386
Na+	2.7516594249999997	1.8058971450628865
Na+	2.7537877550000003	1.8060583386571576
Na+	2.755916085	1.8071617886806559
Na+	2.7580444149999996	1.8054149438649083
Na+	2.7601727450000002	1.8086484728440013
Na+	2.7623010749999999	1.8083786550979195
Na+	2.7644294050000005	1.8034136019555251
Na+	2.7665577350000001	1.8037513097965099
Na+	2.7686860649999998	1.799763656191234
Na+	2.7708143950000004	1.7957529126927523
Na+	2.7729427250000001	1.7969616468206113
Na+	2.7750710549999997	1.8016474429523632
Na+	2.7771993850000003	1.8020104189783792
Na+	2.779327715	1.8001473259895144
Na+	2.7814560449999997	1.7950514301187879
Na+	2.7835843750000002	1.7922796263946432
Na+	2.7857127049999999	1.7906273920533884
Na+	2.7878410350000005	1.7891089774392592
Na+	2.7899693650000001	1.7852485360759749
Na+	2.7920976949999998	1.7808822953533818
Na+	2.7942260250000004	1.7799299461721036
Na+	2.7963543550000001	1.7766834200518802
Na+	2.7984826849999997	1.7766395637766581
Na+	2.8006110150000003	1.776035087798151
Na+	2.802739345	1.7717696293768634
Na+	2.8048676749999997	1.7665203817623987
Na+	2.8069960050000002	1.7595967538399244
Na+	2.8091243349999999	1.75775326547736
Na+	2.811252665	1.7526867039363911
Na+	2.8133809950000002	1.7533203690252419
Na+	2.8155093249999998	1.754060625193518
Na+	2.8176376550000004	1.7513448035689914
Na+	2.8197659850000001	1.7445492592052205
Na+	2.8218943149999998	1.7391061436192634
Na+	2.8240226450000003	1.7354812482108475
Na+	2.826150975	1.7332180030156659
Na+	2.8282793049999997	1.73127576542416
Na+	2.8304076350000003	1.7269732034322753
Na+	2.8325359649999999	1.7203535198276338
Na+	2.8346642949999996	1.7171884618212507
Na+	2.8367926250000002	1.7131435191413105
Na+	2.8389209549999999	1.7088469837567455
Na+	2.8410492850000004	1.7043136680519555
Na+	2.8431776150000001	1.6983911104377156
Na+	2.8453059449999998	1.6899062281620703
Na+	2.8474342750000003	1.6851815132165406
Na+	2.849562605	1.6817202075234137
Na+	2.8516909349999997	1.6764641345945945
Na+	2.8538192650000003	1.6747417592569163
Na+	2.855947595	1.6707157677157629
Na+	2.8580759250000001	1.6658742963289646
Na+	2.8602042550000002	1.6618610114900412
Na+	2.8623325849999999	1.656522599130658
Na+	2.864460915	1.6511441062018641
Na+	2.8665892450000001	1.6493326387290197
Na+	2.8687175749999998	1.6408884179005776
Na+	2.8708459050000004	1.6316968251506236
Na+	2.872974235	1.624898231178314
Na+	2.8751025649999997	1.6177725303851593
Na+	2.8772308950000003	1.611390135368842
Na+	2.879359225	1.6035752956553719
Na+	2.8814875549999996	1.5965312081955043
Na+	2.8836158850000002	1.5916357151717477
Na+	2.8857442149999999	1.5814859644623791
Na+	2.887872545	1.5732382255555815
Na+	2.8900008750000001	1.5666740157825276
Na+	2.8921292049999998	1.5601200439809324
Na+	2.8942575350000004	1.55077865736387
Na+	2.8963858650000001	1.5443159559893453
Na+	2.8985141949999997	1.536741527082415
Na+	2.9006425250000003	1.5291123504412356
Na+	2.902770855	1.5197215166000131
Na+	2.9048991849999997	1.5088042810746431
Na+	2.9070275150000002	1.4963104705437269
Na+	2.9091558449999999	1.4838149173793824
Na+	2.911284175	1.4706985510478532
Na+	2.9134125050000002	1.4621435277758503
Na+	2.9155408349999998	1.4561043589397369
Na+	2.9176691650000004	1.4463354462492262
Na+	2.9197974950000001	1.4372762210318846
Na+	2.9219258249999998	1.4297099244143963
Na+	2.9240541550000003	1.4219691466225903
Na+	2.926182485	1.4107407784164296
Na+	2.9283108149999997	1.3980291387040502
Na+	2.9304391450000002	1.3896832314461958
Na+	2.9325674749999999	1.3812074979962234
Na+	2.934695805	1.3751058121850206
Na+	2.9368241350000002	1.3663989619735475
Na+	2.9389524649999998	1.3591496794247862
Na+	2.9410807950000004	1.3487789773156578
Na+	2.9432091250000001	1.3390966880296793
Na+	2.9453374549999998	1.3277151132991951
Na+	2.9474657850000003	1.3170143273704693
Na+	2.949594115	1.3045767893781093
Na+	2.9517224449999997	1.2953616710765472
Na+	2.9538507750000003	1.285727812478539
Na+	2.9559791049999999	1.2755860488391508
Na+	2.9581074350000001	1.2672630136453082
Na+	2.9602357650000002	1.2558587120702664
Na+	2.9623640949999999	1.2482535692487735
Na+	2.964492425	1.2385754187171836
Na+	2.9666207550000001	1.2310167461211008
Na+	2.9687490849999998	1.2188378439768037
Na+	2.9708774150000004	1.2137134124833233
Na+	2.973005745	1.2035847912045428
Na+	2.9751340749999997	1.1970316907196841
Na+	2.9772624050000003	1.1925438287041141
Na+	2.979390735	1.182851083617406
Na+	2.9815190649999996	1.172145215007746
Na+	2.9836473950000002	1.1597304764697076
Na+	2.9857757249999999	1.1485277394972297
Na+	2.987904055	1.1370066814808812
Na+	2.9900323850000001	1.1258453320528869
Na+	2.9921607149999998	1.1107542715818617
Na+	2.9942890450000004	1.0994513331858944
Na+	2.996417375	1.085702173082326
Na+	2.9985457049999997	1.0722258077236233
Na+	3.0006740350000003	1.0618355735979104
Na+	3.002802365	1.0523154218326312
Na+	3.0049306949999997	1.0421552879322398
Na+	3.0070590250000002	1.031781318385411
Na+	3.0091873549999999	1.0234351932983918
Na+	3.011315685	1.0116252211777237
Na+	3.0134440150000001	1.002725882579572
Na+	3.0155723449999998	0.99202008657965812
Na+	3.0177006750000004	0.98694916845508518
Na+	3.0198290050000001	0.97843371748434993
Na+	3.0219573349999997	0.96770316156748171
Na+	3.0240856650000003	0.9573680382246742
Na+	3.026213995	0.94551776770548324
Na+	3.0283423249999997	0.93590540158669844
Na+	3.0304706550000002	0.92785937250196415
Na+	3.0325989849999999	0.91863503276508607
Na+	3.034727315	0.90575094495071928
Na+	3.0368556450000002	0.89569856388545255
Na+	3.0389839749999998	0.88484471665188535
Na+	3.0411123050000004	0.87544146654728516
Na+	3.0432406350000001	0.86698272377346575
Na+	3.0453689649999998	0.85719652996788642
Na+	3.0474972950000003	0.84706246295955145
Na+	3.049625625	0.83682086094532471
Na+	3.0517539549999997	0.82680551084086906
Na+	3.0538822850000003	0.81688912779452671
Na+	3.0560106149999999	0.80726107797470359
Na+	3.0581389450000001	0.80005993567503908
Na+	3.0602672750000002	0.79416329973336253
Na+	3.0623956049999999	0.78228202486065146
Na+	3.064523935	0.7732644776266635
Na+	3.0666522650000001	0.7633952909029883
Na+	3.0687805949999998	0.75330529799902302
Na+	3.0709089250000003	0.74481025036160209
Na+	3.073037255	0.7355300737445416
Na+	3.0751655849999997	0.72486936838519433
Na+	3.0772939150000003	0.71378346046367713
Na+	3.0794222449999999	0.70405651619547593
Na+	3.0815505750000001	0.69710595006420251
Na+	3.0836789050000002	0.6870839198648695
Na+	3.0858072349999999	0.67631190379382633
Na+	3.087935565	0.66727359017786525
Na+	3.0900638950000001	0.6603731973680913
Na+	3.0921922249999998	0.65309465309930126
Na+	3.0943205550000004	0.64531720739528442
Na+	3.096448885	0.63662074037476513
Na+	3.0985772149999997	0.62871818811086599
Na+	3.1007055450000003	0.62190078821920303
Na+	3.102833875	0.61561155148282598
Na+	3.1049622049999996	0.60675991747536362
Na+	3.1070905350000002	0.60074732379941986
Na+	3.1092188649999999	0.59332820709889234
Na+	3.111347195	0.58411570274750568
Na+	3.1134755250000001	0.57535896965346045
Na+	3.1156038549999998	0.56778759035508308
Na+	3.1177321850000004	0.55962705573063298
Na+	3.1198605150000001	0.55041527747654262
Na+	3.1219888449999997	0.5432484795778364
Na+	3.1241171750000003	0.53637763892699231
Na+	3.126245505	0.52554637331859155
Na+	3.1283738349999997	0.5178710168909415
Na+	3.1305021650000002	0.51085023715353806
Na+	3.1326304949999999	0.5046691163008844
Na+	3.134758825	0.49711291243547528
Na+	3.1368871550000001	0.48843517872456488
Na+	3.1390154849999998	0.48116345977012903
Na+	3.1411438150000004	0.47495583636705441
Na+	3.1432721450000001	0.46878509870537954
Na+	3.1454004749999998	0.46394210251432211
Na+	3.1475288050000003	0.45798142479327952
Na+	3.149657135	0.4521693065739899
Na+	3.1517854649999997	0.44592632223379158
Na+	3.1539137950000002	0.43816760983938191
Na+	3.1560421249999999	0.43229144984074885
Na+	3.158170455	0.42511143697169629
Na+	3.1602987850000002	0.41787892726993958
Na+	3.1624271149999998	0.41035626909848133
Na+	3.1645554450000004	0.40518500433098797
Na+	3.1666837750000001	0.39701060124866622
Na+	3.1688121049999998	0.38859760260291887
Na+	3.1709404350000003	0.38273015577153413
Na+	3.173068765	0.37577349042320768
Na+	3.1751970949999997	0.36940953827758105
Na+	3.1773254250000003	0.3628268130240615
Na+	3.1794537549999999	0.35715708247970895
Na+	3.1815820850000001	0.35130139842411234
Na+	3.1837104150000002	0.34521082190120839
Na+	3.1858387449999999	0.3396818090080615
Na+	3.187967075	0.33448324298316079
Na+	3.1900954050000001	0.32855799880897674
Na+	3.1922237349999998	0.32387532489546345
Na+	3.1943520650000004	0.31831080584574051
Na+	3.196480395	0.31228332717572688
Na+	3.1986087249999997	0.30792144303675495
Na+	3.2007370550000003	0.30361292704724074
Na+	3.202865385	0.3019797890642309
Na+	3.2049937149999996	0.29825251394052804
Na+	3.2071220450000002	0.29361238932713307
Na+	3.2092503749999999	0.28790061775076042
Na+	3.211378705	0.28342923814324483
Na+	3.2135070350000001	0.27890666867810565
Na+	3.2156353649999998	0.2728909527838812
Na+	3.2177636950000004	0.2680938459403866
Na+	3.219892025	0.26291001969010597
Na+	3.2220203549999997	0.25784302249079971
Na+	3.2241486850000003	0.25280180174463385
Na+	3.226277015	0.24719538688235179
Na+	3.2284053449999996	0.24164916548386872
Na+	3.2305336750000002	0.23638249153490881
Na+	3.2326620049999999	0.23173024109708051
Na+	3.234790335	0.22732689680390389
Na+	3.2369186650000001	0.22263899499004741
Na+	3.2390469949999998	0.21933517979507808
Na+	3.2411753250000004	0.21723777521667692
Na+	3.2433036550000001	0.21378939405496244
Na+	3.2454319849999997	0.21190292073392469
Na+	3.2475603150000003	0.20728617645266667
Na+	3.249688645	0.20388172417587694
Na+	3.2518169749999997	0.20066954245656993
Na+	3.2539453050000002	0.19704566358433548
Na+	3.2560736349999999	0.19360744778442227
Na+	3.258201965	0.18964491714476317
Na+	3.2603302950000002	0.18704040623196605
Na+	3.2624586249999998	0.18448940868806885
Na+	3.2645869550000004	0.18157115114425693
Na+	3.2667152850000001	0.17848865039764356
Na+	3.2688436149999998	0.17526056714809096
Na+	3.2709719450000003	0.17189256495432581
Na+	3.273100275	0.16855738235723491
Na+	3.2752286049999997	0.16460109615411453
Na+	3.2773569350000002	0.1600957351943022
Na+	3.2794852649999999	0.15672998390208231
Na+	3.281613595	0.15369939911037012
Na+	3.2837419250000002	0.15030082822147872
Na+	3.2858702549999999	0.14645991887479834
Na+	3.287998585	0.14376733236296305
Na+	3.2901269150000001	0.14022884252985868
Na+	3.2922552449999998	0.13763899878193819
Na+	3.2943835750000003	0.13430802754901858
Na+	3.296511905	0.13124092006455768
Na+	3.2986402349999997	0.12826225122775944
Na+	3.3007685650000003	0.12564336358898165
Na+	3.3028968949999999	0.1238823598764611
Na+	3.3050252249999996	0.12194861762304872
Na+	3.3071535550000002	0.11958292010283833
Na+	3.3092818849999999	0.11857204748148484
Na+	3.311410215	0.11607158630768216
Na+	3.3135385450000001	0.11404454055489163
Na+	3.3156668749999998	0.11116563748319495
Na+	3.3177952050000004	0.10892526435203986
Na+	3.319923535	0.10666782793500702
Na+	3.3220518649999997	0.10444335633409645
Na+	3.3241801950000003	0.10218461294197319
Na+	3.326308525	0.10009788199346564
Na+	3.3284368549999996	0.098175031199128668
Na+	3.3305651850000002	0.096138691401260273
Na+	3.3326935149999999	0.094573588732584896
Na+	3.334821845	0.092757474237153775
Na+	3.3369501750000001	0.090285621295853352
Na+	3.3390785049999998	0.088270556148037749
Na+	3.3412068350000004	0.086446599802076959
Na+	3.3433351650000001	0.085147829612580134
Na+	3.3454634949999997	0.083467422697190513
Na+	3.3475918250000003	0.081179272365572222
Na+	3.349720155	0.079557171061084966
Na+	3.3518484849999997	0.078427581535841104
Na+	3.3539768150000002	0.076370475356008244
Na+	3.3561051449999999	0.074894392212816033
Na+	3.358233475	0.072442942604839675
Na+	3.3603618050000001	0.070656670707271108
Na+	3.3624901349999998	0.067784229901291182
Na+	3.3646184650000004	0.065944952902901754
Na+	3.3667467950000001	0.064581705275698148
Na+	3.3688751249999997	0.063381539095666392
Na+	3.3710034550000003	0.062174765430464837
Na+	3.373131785	0.060596012133084756
Na+	3.3752601149999997	0.059189561718225453
Na+	3.3773884450000002	0.057710211137310077
Na+	3.3795167749999999	0.055913338219577211
Na+	3.381645105	0.054840965159325086
Na+	3.3837734350000002	0.054256239026602857
Na+	3.3859017649999998	0.053152062905860858
Na+	3.388030095	0.051847193499281526
Na+	3.3901584250000001	0.050705332930151954
Na+	3.3922867549999998	0.049888909158097919
Na+	3.3944150850000003	0.049291621542577407
Na+	3.396543415	0.048149760973447066
Na+	3.3986717449999997	0.046947053452965355
Na+	3.4008000750000003	0.045582281021489555
Na+	3.4029284049999999	0.044865042136721378
Na+	3.4050567350000001	0.043645489159540467
Na+	3.4071850650000002	0.043119504296080351
Na+	3.4093133949999999	0.042194964640304457
Na+	3.411441725	0.041392990203952498
Na+	3.4135700550000001	0.040544327713046564
Na+	3.4156983849999998	0.039528662849698352
Na+	3.4178267150000003	0.038901096977957142
Na+	3.419955045	0.037813548484733464
Na+	3.4220833749999997	0.036455383538427789
Na+	3.4242117050000003	0.035960983906276313
Na+	3.426340035	0.035066069019176624
Na+	3.4284683649999996	0.034019980680152898
Na+	3.4305966950000002	0.032679242068363736
Na+	3.4327250249999999	0.031923665247661298
Na+	3.434853355	0.030847516481598291
Na+	3.4369816850000001	0.030026663516189909
Na+	3.4391100149999998	0.029151934133236329
Na+	3.4412383450000004	0.02840899140505683
Na+	3.443366675	0.02744611381334628
Na+	3.4454950049999997	0.027259506814575306
Na+	3.4476233350000003	0.026642977621360694
Na+	3.449751665	0.025634210682092581
Na+	3.4518799949999996	0.025297519377306558
Na+	3.4540083250000002	0.024942167372643716
Na+	3.4561366549999999	0.024179692627861959
Na+	3.458264985	0.02344226823894504
Na+	3.4603933150000001	0.023066730730135713
Na+	3.4625216449999998	0.022590846578406688
Na+	3.4646499750000004	0.022182053814562737
Na+	3.4667783050000001	0.022154389508519636
Na+	3.4689066349999997	0.021563055890625214
Na+	3.4710349650000003	0.021130156697368205
Na+	3.473163295	0.020606350125722168
Na+	3.4752916249999997	0.02019726692296956
Na+	3.4774199550000002	0.019551911668077297
Na+	3.4795482849999999	0.019102239627849557
Na+	3.481676615	0.018902780707373175
Na+	3.4838049450000002	0.018267808643463584
Na+	3.4859332749999998	0.01822845417134902
Na+	3.4880616050000004	0.018113948631636199
Na+	3.4901899350000001	0.017784953957928566
Na+	3.4923182649999998	0.017263543507277879
Na+	3.4944465950000003	0.01715274106364981
Na+	3.496574925	0.016378285713888423
Na+	3.4987032549999997	0.015661192048573615
Na+	3.5008315850000002	0.015210503472165349
Na+	3.5029599149999999	0.014871198217202624
Na+	3.505088245	0.01457640272498084
Na+	3.5072165750000002	0.014284003353755676
Na+	3.5093449049999998	0.013903600993226756
Na+	3.511473235	0.013369048181962273
Na+	3.5136015650000001	0.013008032618582282
Na+	3.5157298949999998	0.012610203923537688
Na+	3.5178582250000003	0.012179628241549402
Na+	3.519986555	0.011695684410107529
Na+	3.5221148849999997	0.011072039463632354
Na+	3.5242432150000003	0.010953032120836606
Na+	3.5263715449999999	0.010628611859939107
Na+	3.5284998749999996	0.010354873188590331
Na+	3.5306282050000002	0.010213719879014583
Na+	3.5327565349999999	0.01017058970108883
Na+	3.534884865	0.0097018213026204281
Na+	3.5370131950000001	0.0093027582422147374
Na+	3.5391415249999998	0.0089349899742094934
Na+	3.5412698550000004	0.0086827437820969338
Na+	3.543398185	0.0083927405318675666
Na+	3.5455265149999997	0.0080418177205606716
Na+	3.5476548450000003	0.0080910471155670426
Na+	3.549783175	0.0081155892033432618
Na+	3.5519115049999996	0.0079017535568920248
Na+	3.5540398350000002	0.0078089583255967565
Na+	3.5561681649999999	0.0075726136637298287
Na+	3.558296495	0.0073506457278378718
Na+	3.5604248250000001	0.0071552529520824554
Na+	3.5625531549999998	0.0067413775073381938
Na+	3.5646814850000004	0.0063756423116931721
Na+	3.5668098150000001	0.0062543114576288153
Na+	3.5689381449999997	0.0060080918728695372
Na+	3.5710664750000003	0.0056242042454375078
Na+	3.573194805	0.0055425183023960255
Na+	3.5753231349999997	0.0051986386346225639
Na+	3.5774514650000002	0.0049744197971892347
Na+	3.5795797949999999	0.0048373326323337597
Na+	3.581708125	0.0046447716359368091
Na+	3.5838364550000001	0.0043183909124062487
Na+	3.5859647849999998	0.004092139002612666
Na+	3.5880931150000004	0.0040987464877830504
Na+	3.5902214450000001	0.0042228365114792927
Na+	3.5923497749999997	0.0041355596194471971
Na+	3.5944781050000003	0.0040558341390385614
Na+	3.596606435	0.0042772211971131837
Na+	3.5987347649999997	0.0043706699159527414
Na+	3.6008630950000002	0.0043945585161844465
Na+	3.6029914249999999	0.0043907102006456528
Na+	3.605119755	0.004183845088000621
Na+	3.6072480850000002	0.0041328730595427167
Na+	3.6093764149999998	0.0041242325020120823
Na+	3.611504745	0.0040685408412894338
Na+	3.6136330750000001	0.0039162782434599532
Na+	3.6157614049999998	0.0037765771284269563
Na+	3.6178897350000003	0.0036710025851535953
Na+	3.620018065	0.0035779169149497878
Na+	3.6221463949999997	0.0032843557880899914
Na+	3.6242747250000003	0.0030285517193472328
Na+	3.6264030549999999	0.0027620014109866406
Na+	3.6285313849999996	0.0027701337004270993
Na+	3.6306597150000002	0.0027598957288992652
Na+	3.6327880449999999	0.0027033327514509493
Na+	3.634916375	0.0026180163220518447
Na+	3.6370447050000001	0.0025961607941803306
Na+	3.6391730349999998	0.0026183067609604647
Na+	3.6413013650000003	0.0025149831192287095
Na+	3.643429695	0.0023104415178525407
Na+	3.6455580249999997	0.0020726446614424735
Na+	3.6476863550000003	0.002023996144253244
Na+	3.6498146849999999	0.0018748557646911068
Na+	3.6519430149999996	0.001877977982958464
Na+	3.6540713450000002	0.0018932260256595656
Na+	3.6561996749999999	0.0018008664527272345
Na+	3.658328005	0.0018006486235457269
Na+	3.6604563350000001	0.0018022460375430277
Na+	3.6625846649999998	0.0017401647208313902
Na+	3.6647129950000004	0.0016629079711458022
Na+	3.666841325	0.0015031665714200114
Na+	3.6689696549999997	0.0014805123365497878
Na+	3.6710979850000003	0.0016083780660575691
Na+	3.673226315	0.0015489833092504385
Na+	3.6753546449999996	0.0015253125382001347
Na+	3.6774829750000002	0.0014601090032211311
Na+	3.6796113049999999	0.0014121139735762496
Na+	3.681739635	0.0012620296675610835
Na+	3.6838679650000001	0.0011038130721054246
Na+	3.6859962949999998	0.001004265136185346
Na+	3.6881246250000004	0.0010018690151894359
Na+	3.6902529550000001	0.0010548741160075871
Na+	3.6923812849999997	0.00098342614449383695
Na+	3.6945096150000003	0.0011004004149294097
Na+	3.696637945	0.0011016347802909365
Na+	3.6987662749999997	0.0010574154564577376
Na+	3.7008946050000002	0.0011011265122008855
Na+	3.7030229349999999	0.0011232724789810721
Na+	3.705151265	0.0010597389677264621
Na+	3.7072795950000001	0.00096781505315698003
Na+	3.7094079249999998	0.0008792311860363034
Na+	3.711536255	0.00094668562255688013
Na+	3.7136645850000001	0.0008569399998018479
Na+	3.7157929149999998	0.00078113544465922597
Na+	3.7179212450000003	0.0007724948871285994
Na+	3.720049575	0.00065588366532876963
Na+	3.7221779049999997	0.00060527468550654513
Na+	3.7243062350000002	0.00049781228932736484
Na+	3.7264345649999999	0.0004909869749754733
Na+	3.7285628949999996	0.00054232205206913202
Na+	3.7306912250000002	0.00055953055740324957
Na+	3.7328195549999998	0.00051073682075973364
Na+	3.734947885	0.00051669081838585842
Na+	3.7370762150000001	0.00052917969145535007
Na+	3.7392045449999998	0.00053723937116877986
Na+	3.7413328750000003	0.00054159595479766733
Na+	3.743461205	0.00052700139964090417
Na+	3.7455895349999997	0.00055001868314684735
Na+	3.7477178650000003	0.00053956288243752078
Na+	3.7498461949999999	0.00052402440082784216
Na+	3.7519745249999996	0.00051937737829036107
Na+	3.7541028550000002	0.00055118043878123071
Na+	3.7562311849999999	0.00050420194531641902
Na+	3.758359515	0.00053164842217838884
Na+	3.7604878450000001	0.00050587196904082368
Na+	3.7626161749999998	0.00046412137593066269
Na+	3.7647445050000004	0.00047893376026886692
Na+	3.766872835	0.00043101134035111922
Na+	3.7690011649999997	0.0003976834755901298
Na+	3.7711294950000003	0.00035963597856452089
Na+	3.773257825	0.00036246775792330528
Na+	3.7753861549999996	0.00035179412803253238
Na+	3.7775144850000002	0.00030975309601378136
Na+	3.7796428149999999	0.00025711104383141579
Na+	3.781771145	0.00023874078286293727
Na+	3.7838994750000001	0.00021122169627382063
Na+	3.7860278049999998	0.00022777671406358187
Na+	3.7881561350000004	0.00023046327396805661
Na+	3.790284465	0.00017586075915269569
Na+	3.7924127949999997	0.00011501380780257607
Na+	3.7945411250000003	0.00015553003555121057
Na+	3.796669455	0.00018217780541456721
Na+	3.7987977849999996	0.00017636902724271753
Na+	3.8009261150000002	0.00021064081845662111
Na+	3.8030544449999999	0.00018907572949363914
Na+	3.805182775	0.00023242373660104656
Na+	3.8073111050000001	0.00022472710552335037
Na+	3.8094394349999998	0.00021775657171712573
Na+	3.8115677649999999	0.00024324258594610789
Na+	3.8136960950000001	0.0002818709607889035
Na+	3.8158244249999997	0.00027018079471806096
Na+	3.8179527550000003	0.00026473506518195873
Na+	3.820081085	0.00024549348748771811
Na+	3.8222094149999997	0.00023249634632821362
Na+	3.8243377450000002	0.00023409376032547621
Na+	3.8264660749999999	0.00019924109129439458
Na+	3.828594405	0.000180435171963031
Na+	3.8307227350000002	0.00014594555156768752
Na+	3.8328510649999998	0.00010056447210012906
Na+	3.834979395	0.00010441278763896635
Na+	3.8371077250000001	0.00012241999997170155
Na+	3.8392360549999998	9.6643546834126689e-05
Na+	3.8413643850000003	6.4332218253222563e-05
Na+	3.843492715	4.5526298921867847e-05
Na+	3.8456210449999997	1.6119359426885494e-05
Na+	3.8477493750000002	1.6191969154033604e-05
Na+	3.8498777049999999	6.3896559890400819e-06
Na+	3.8520060349999996	1.1544946616549476e-05
Na+	3.8541343650000002	4.00079596586078e-05
Na+	3.8562626949999999	4.0734056930087929e-05
Na+	3.858391025	3.855576511564376e-05
Na+	3.8605193550000001	5.3513368908153924e-05
Na+	3.8626476849999998	5.3876417543893948e-05
Na+	3.8647760150000003	5.2061174365190799e-05
Na+	3.866904345	3.5651376029720113e-05
Na+	3.8690326749999997	3.6377473301199713e-05
Na+	3.8711610050000003	3.4199181486755165e-05
Na+	3.8732893349999999	4.9156785279265091e-05
Na+	3.8754176649999996	4.9519833915005041e-05
Na+	3.8775459950000002	4.7704590736301973e-05
Na+	3.8796743249999999	4.3711055743155875e-05
Na+	3.881802655	3.7539228935566746e-05
Na+	3.8839309850000001	2.9189110313534608e-05
Na+	3.8860593149999998	1.8660699877059442e-05
Na+	3.8881876450000004	5.9539976261412552e-06
Na+	3.890315975	1.1109288253658639e-05
Na+	3.8924443049999997	2.2436405688761573e-05
Na+	3.8945726350000003	2.0621162510059179e-05
Na+	3.896700965	1.807982205987583e-05
Na+	3.8988292949999996	1.4812384338211523e-05
Na+	3.9009576250000002	1.0818849345066259e-05
Na+	3.9030859549999999	6.099217080440038e-06
Na+	3.905214285	6.5348754433285874e-07
Na+	3.9073426150000001	0
Na+	3.9094709449999998	0
Na+	3.9115992749999999	0
Na+	3.9137276050000001	0
Na+	3.9158559349999997	0
Na+	3.9179842650000003	0
Na+	3.920112595	0
Na+	3.9222409249999997	0
Na+	3.9243692550000002	0
Na+	3.9264975849999999	0
Na+	3.928625915	0
Na+	3.9307542450000001	0
Na+	3.9328825749999998	0
Na+	3.9350109049999999	0
Na+	3.9371392350000001	0
Na+	3.9392675649999997	0
Na+	3.9413958950000003	0
Na+	3.943524225	0
Na+	3.9456525549999997	0
Na+	3.9477808850000002	0
Na+	3.9499092149999999	0
Na+	3.952037545	0
Na+	3.9541658750000002	0
Na+	3.9562942049999998	0
Na+	3.958422535	0
Na+	3.9605508650000001	0
Na+	3.9626791949999998	0
Na+	3.9648075250000003	1.8812520215643548e-06
Na+	3.966935855	9.1554265049464145e-06
Na+	3.9690641849999997	1.7683769002704695e-05
Na+	3.9711925150000003	2.7466279514839216e-05
Na+	3.9733208449999999	3.8502958041349959e-05
Na+	3.9754491749999996	5.0793804582236894e-05
Na+	3.9775775050000002	6.4338819137500037e-05
Na+	3.9797058349999999	7.9138001707139448e-05
K+	1.7104977000000001	7.3254229142458507e-05
K+	1.7126494999999999	6.2538604198542777e-05
K+	1.7148013	5.2727292430474738e-05
K+	1.7169531	4.3820293838254398e-05
K+	1.7191049	3.5817608421881764e-05
K+	1.7212567000000001	2.8719236181356828e-05
K+	1.7234085000000001	2.2525177116679584e-05
K+	1.7255603000000002	1.7235431227850039e-05
K+	1.7277121	1.28499985148682e-05
K+	1.7298639	9.3688789777340587e-06
K+	1.7320157	6.7920726164474099e-06
K+	1.7341675000000001	1.5402495382179965e-05
K+	1.7363193000000001	4.6528371467001926e-06
K+	1.7384710999999999	7.0594770501658138e-06
K+	1.7406229	7.861690351321022e-06
K+	1.7427747	2.182020179142162e-05
K+	1.7449265	2.556386386347925e-05
K+	1.7470783000000001	2.8237908200663275e-05
K+	1.7492301000000001	2.0697103169804329e-05
K+	1.7513819000000002	2.6312596277890773e-05
K+	1.7535337	2.1178431150497452e-05
K+	1.7556855	1.0375292028272108e-05
K+	1.7578373	2.5884749183940489e-05
K+	1.7599891000000001	3.8185353134987928e-05
K+	1.7621409000000001	4.7277103881414431e-05
K+	1.7642926999999999	5.3160001423219994e-05
K+	1.7664445	4.668881412723527e-05
K+	1.7685963	4.7704950975363807e-05
K+	1.7707481	6.4818834733342996e-05
K+	1.7728999000000001	6.8509015918658147e-05
K+	1.7750517000000001	8.2146642038297672e-05
K+	1.7772035000000002	8.1825756717836352e-05
K+	1.7793553	8.1772275831093212e-05
K+	1.7815071	0.00010535734688505662
K+	1.7836589	9.615863436514369e-05
K+	1.7858107000000001	0.0001100636649185005
K+	1.7879625000000001	0.00011755098906261543
K+	1.7901142999999999	0.00010947537516431916
K+	1.7922661	0.00010920797073059996
K+	1.7944179	0.0001076035441282876
K+	1.7965697	0.0001046620953573845
K+	1.7987215000000001	0.00010952885605105845
K+	1.8008733000000001	0.00012835412818483578
K+	1.8030251000000002	8.6959921845226854e-05
K+	1.8051769	7.8830827060187008e-05
K+	1.8073287	9.1666239878669729e-05
K+	1.8094805	8.6799479184994073e-05
K+	1.8116323000000001	0.00010236241722740415
K+	1.8137841000000001	0.00011145416797383182
K+	1.8159358999999999	0.00012321996305744153
K+	1.8180877	0.00012289907773697941
K+	1.8202395	0.00013386265951943383
K+	1.8223913	0.00014134998366354898
K+	1.8245431000000001	0.0001601217749105806
K+	1.8266949000000001	0.0001337556977459459
K+	1.8288467000000002	0.00015274141253995217
K+	1.8309985	0.00016365151343566259
K+	1.8331503	0.00017862616172389272
K+	1.8353021	0.0001702296625051344
K+	1.8374539000000001	0.00017605907916019506
K+	1.8396057000000001	0.0001442379515477061
K+	1.8417574999999999	0.00015857082919501248
K+	1.8439093	0.0001680904270353876
K+	1.8460611	0.00018087235896712631
K+	1.8482129	0.00024066399034656158
K+	1.8503647000000001	0.00027382214012764387
K+	1.8525165000000001	0.00027473131520228686
K+	1.8546683000000002	0.00028959900171703036
K+	1.8568201	0.00028430439392940633
K+	1.8589719	0.0003375713571261114
K+	1.8611237	0.00035784061320196702
K+	1.8632755000000001	0.00036495357113887708
K+	1.8654273000000001	0.0003908918012095626
K+	1.8675790999999999	0.00035479220265757864
K+	1.8697309	0.00037351051301786709
K+	1.8718827	0.00038447409480032177
K+	1.8740345	0.0003623330076884381
K+	1.8761863000000001	0.00037105039222765795
K+	1.8783381000000001	0.00036880419498442322
K+	1.8804899000000002	0.00037490101607320252
K+	1.8826417	0.00035222512009388157
K+	1.8847935	0.00041463731492375242
K+	1.8869453	0.00043453220479240293
K+	1.8890971000000001	0.00043421131947194206
K+	1.8912488999999999	0.00043998725524026195
K+	1.8934006999999999	0.00047555204492481058
K+	1.8955525	0.00054176138271348404
K+	1.8977043	0.00058620399959748517
K+	1.8998561	0.00063273237106448936
K+	1.9020079000000001	0.00070819390225982401
K+	1.9041597000000001	0.00079360287838948454
K+	1.9063115000000002	0.00081916674225296501
K+	1.9084633	0.00086617644170066104
K+	1.9106151	0.00092019213731177405
K+	1.9127669	0.00097501004622404912
K+	1.9149187000000001	0.00098222996593444771
K+	1.9170704999999999	0.001048332341949638
K+	1.9192222999999999	0.0011163065490008563
K+	1.9213741	0.0011108514985529866
K+	1.9235259	0.0011120280780613544
K+	1.9256777	0.0011972766115307865
K+	1.9278295000000001	0.0012677644202589609
K+	1.9299813000000001	0.0013710894934477599
K+	1.9321331000000002	0.00144660450552984
K+	1.9342849	0.0015060217707020709
K+	1.9364367	0.00159709972082655
K+	1.9385885	0.0016139996810375576
K+	1.9407403000000001	0.0016144810090182595
K+	1.9428920999999999	0.0016735239079832859
K+	1.9450438999999999	0.0016176898622228852
K+	1.9471957	0.0017257747343318471
K+	1.9493475	0.0017863150981257006
K+	1.9514993	0.0019062727270917808
K+	1.9536511000000001	0.0019904516428263354
K+	1.9558029000000001	0.0020294392092624859
K+	1.9579547000000002	0.0021672594544009504
K+	1.9601065	0.0023370612698121337
K+	1.9622583	0.0023322479900051724
K+	1.9644101	0.0024732770883482648
K+	1.9665619000000001	0.0025687939520725044
K+	1.9687136999999999	0.0028194053873533999
K+	1.9708654999999999	0.0029558351294365352
K+	1.9730173	0.0030739209273665576
K+	1.9751691	0.0030731187140654176
K+	1.9773209	0.0032805710737441652
K+	1.9794727000000001	0.0034105831094180575
K+	1.9816245000000001	0.003465454499217091
K+	1.9837763000000002	0.0035622549042231564
K+	1.9859281	0.0035065278202362406
K+	1.9880799	0.0035757320876825586
K+	1.9902317	0.0038993984142553042
K+	1.9923835000000001	0.004001386465275516
K+	1.9945352999999999	0.0043323796733320862
K+	1.9966870999999999	0.0045576411682964942
K+	1.9988389	0.0047540764653060501
K+	2.0009907	0.0050091268141866747
K+	2.0031425	0.0052554597785280715
K+	2.0052943000000001	0.0053418314106191151
K+	2.0074461000000001	0.0057173207164465285
K+	2.0095979000000002	0.0059387850684521123
K+	2.0117497000000002	0.006309461094472558
K+	2.0139015000000002	0.0065895404983492044
K+	2.0160533000000003	0.0069457766849488458
K+	2.0182050999999999	0.007276823373892142
K+	2.0203568999999999	0.0075812365812372275
K+	2.0225086999999999	0.0078091721205388407
K+	2.0246605	0.0081396840006148219
K+	2.0268123	0.0082537052511523733
K+	2.0289641	0.0085024983362839909
K+	2.0311159000000001	0.0090085879675394446
K+	2.0332677000000001	0.0094550464100756852
K+	2.0354195000000002	0.009760689677815803
K+	2.0375713000000002	0.010004348597819988
K+	2.0397230999999998	0.01021094526331089
K+	2.0418748999999998	0.010522257505045851
K+	2.0440266999999999	0.010690882740948664
K+	2.0461784999999999	0.010858277916456167
K+	2.0483302999999999	0.011064714139286863
K+	2.0504821	0.011696590816163517
K+	2.0526339	0.012117164509515874
K+	2.0547857	0.012580469431376411
K+	2.0569375000000001	0.013046074031366909
K+	2.0590893000000001	0.013674527931491896
K+	2.0612411000000002	0.014050926412393899
K+	2.0633929000000002	0.014640285784309398
K+	2.0655447000000002	0.015283126042968456
K+	2.0676965000000003	0.015919120748124054
K+	2.0698482999999999	0.016606243181006997
K+	2.0720000999999999	0.017380165093074905
K+	2.0741518999999999	0.017996692755456133
K+	2.0763037	0.018399671237069821
K+	2.0784555	0.018527544037273989
K+	2.0806073	0.01891939849444494
K+	2.0827591000000001	0.020083142589987401
K+	2.0849109000000001	0.020695552224089232
K+	2.0870627000000002	0.021209931392789871
K+	2.0892144999999998	0.022022733909520222
K+	2.0913662999999998	0.023001059770722566
K+	2.0935180999999998	0.02436926129628612
K+	2.0956698999999999	0.025163292021769507
K+	2.0978216999999999	0.025842659726073993
K+	2.0999734999999999	0.02682922164383484
K+	2.1021253	0.027670475992313065
K+	2.1042771	0.02859831589642927
K+	2.1064289	0.029696492424824059
K+	2.1085807000000001	0.03057165365549766
K+	2.1107325000000001	0.031646084670178175
K+	2.1128843000000002	0.032622271295910915
K+	2.1150361000000002	0.033403947936556606
K+	2.1171879000000002	0.034423133195230965
K+	2.1193397000000003	0.035377660061831628
K+	2.1214914999999999	0.036621999853697136
K+	2.1236432999999999	0.037959342907609855
K+	2.1257950999999999	0.039459053933676325
K+	2.1279469	0.040269877657597389
K+	2.1300987	0.042135772315197717
K+	2.1322505	0.043193196407893771
K+	2.1344023000000001	0.04503432941493167
K+	2.1365541000000001	0.047308764566366804
K+	2.1387059000000002	0.048288801815944582
K+	2.1408576999999998	0.049516081204938334
K+	2.1430094999999998	0.050593828034597402
K+	2.1451612999999998	0.051914485051845795
K+	2.1473130999999999	0.053485432619054578
K+	2.1494648999999999	0.054788066577469478
K+	2.1516166999999999	0.055920043026286531
K+	2.1537685	0.056876816090131184
K+	2.1559203	0.058107892622084108
K+	2.1580721	0.0603469234264951
K+	2.1602239000000001	0.062483752256338836
K+	2.1623757000000001	0.064249316770407863
K+	2.1645275000000002	0.066230944066922176
K+	2.1666793000000002	0.067733703503532972
K+	2.1688311000000002	0.069712389351275744
K+	2.1709829000000003	0.071870450093155694
K+	2.1731346999999999	0.074309285490441565
K+	2.1752864999999999	0.076016395395300307
K+	2.1774382999999999	0.078520851840620465
K+	2.1795901	0.080723141275838711
K+	2.1817419	0.082239805743002881
K+	2.1838937	0.08446963783489389
K+	2.1860455000000001	0.086800976649824321
K+	2.1881973000000001	0.089183443192481601
K+	2.1903491000000002	0.091782400364677191
K+	2.1925008999999998	0.094484308243854259
K+	2.1946526999999998	0.097469183494793318
K+	2.1968044999999998	0.099985405735196653
K+	2.1989562999999999	0.10300236951818099
K+	2.2011080999999999	0.1068537420961386
K+	2.2032598999999999	0.11006847819830184
K+	2.2054117	0.11309004133754673
K+	2.2075635	0.11605047582324343
K+	2.2097153	0.11960978927869574
K+	2.2118671000000001	0.12245203100468864
K+	2.2140189000000001	0.12500980789409172
K+	2.2161707000000002	0.12837166991568758
K+	2.2183225000000002	0.13092548921947203
K+	2.2204743000000002	0.13343641685208601
K+	2.2226261000000003	0.13685823094772134
K+	2.2247778999999999	0.13962779214863047
K+	2.2269296999999999	0.14248698731572185
K+	2.2290814999999999	0.1453941548382221
K+	2.2312333	0.148135050283836
K+	2.2333851	0.15177806132704214
K+	2.2355369	0.15554407840975853
K+	2.2376887000000001	0.16039388566233539
K+	2.2398405000000001	0.16316494432807194
K+	2.2419922999999997	0.16726457518229476
K+	2.2441440999999998	0.17228578867688449
K+	2.2462958999999998	0.17703986514219192
K+	2.2484476999999998	0.18179051883074598
K+	2.2505994999999999	0.18615252691533368
K+	2.2527512999999999	0.19076889009727141
K+	2.2549030999999999	0.19448463514644973
K+	2.2570549	0.19936615656486656
K+	2.2592067	0.20443507501043293
K+	2.2613585	0.20861979395546576
K+	2.2635103000000001	0.21274327728517678
K+	2.2656621000000001	0.21836775518223886
K+	2.2678139000000002	0.22181812807139467
K+	2.2699657000000002	0.22591390830177316
K+	2.2721175000000002	0.23008873328275531
K+	2.2742693000000003	0.23398748992637147
K+	2.2764210999999999	0.2394566593283288
K+	2.2785728999999999	0.24490908921273494
K+	2.2807246999999999	0.25079840446094986
K+	2.2828765	0.25498483479435891
K+	2.2850283	0.26039415908404862
K+	2.2871801	0.26662992351658804
K+	2.2893319000000001	0.27233087908169029
K+	2.2914837000000001	0.27752975608204261
K+	2.2936354999999997	0.28274259159383458
K+	2.2957872999999998	0.29046897530169247
K+	2.2979390999999998	0.29619955927805386
K+	2.3000908999999998	0.30255025413620512
K+	2.3022426999999999	0.3072230396536601
K+	2.3043944999999999	0.31324766154533046
K+	2.3065462999999999	0.31904365264617818
K+	2.3086981	0.32562297829516018
K+	2.3108499	0.33103711586465712
K+	2.3130017	0.33680759658252679
K+	2.3151535000000001	0.342869762056696
K+	2.3173053000000001	0.3501413443036917
K+	2.3194571000000002	0.35886632312883016
K+	2.3216089000000002	0.36673673086469105
K+	2.3237607000000002	0.37462056230311924
K+	2.3259125000000003	0.3812564172493913
K+	2.3280642999999999	0.3889808221644438
K+	2.3302160999999999	0.39764579543465667
K+	2.3323678999999999	0.40489769671532749
K+	2.3345197	0.41243561377830312
K+	2.3366715	0.42153784677853079
K+	2.3388233	0.43071393688335091
K+	2.3409751000000001	0.43613342254152071
K+	2.3431269000000001	0.44401190589127787
K+	2.3452786999999997	0.45023200042399958
K+	2.3474304999999998	0.45774579760705042
K+	2.3495822999999998	0.46560454650960442
K+	2.3517340999999998	0.47257513832600151
K+	2.3538858999999999	0.48185054243750397
K+	2.3560376999999999	0.49021409743001959
K+	2.3581894999999999	0.49923322113224938
K+	2.3603413	0.50975537167552298
K+	2.3624931	0.51887322109468026
K+	2.3646449	0.52734224039586253
K+	2.3667967000000001	0.53741734420684351
K+	2.3689485000000001	0.54589406475572377
K+	2.3711003000000002	0.55540237812899729
K+	2.3732521000000002	0.56515183682059023
K+	2.3754039000000002	0.57477877080066464
K+	2.3775557000000003	0.58325073155062179
K+	2.3797074999999999	0.5926727802535795
K+	2.3818592999999999	0.59976381102692633
K+	2.3840110999999999	0.60777498045669731
K+	2.3861629	0.61873214453274317
K+	2.3883147	0.62546314197652919
K+	2.3904665	0.63561499085998707
K+	2.3926183000000001	0.64692972814479865
K+	2.3947700999999997	0.6575904476656208
K+	2.3969218999999997	0.66864494695553611
K+	2.3990736999999998	0.67771338003533732
K+	2.4012254999999998	0.68720826970604232
K+	2.4033772999999998	0.69649945067913366
K+	2.4055290999999999	0.7043093180511889
K+	2.4076808999999999	0.71399679239505509
K+	2.4098326999999999	0.7234990089472404
K+	2.4119845	0.73206108499135725
K+	2.4141363	0.73985191316774279
K+	2.4162881	0.74958634373016608
K+	2.4184399000000001	0.75741680124363864
K+	2.4205917000000001	0.76356362696152558
K+	2.4227435000000002	0.77324612758292322
K+	2.4248953000000002	0.78334438861785538
K+	2.4270471000000002	0.79477779999035914
K+	2.4291988999999998	0.808622931950568
K+	2.4313506999999999	0.81896265918916122
K+	2.4335024999999999	0.83299476032942377
K+	2.4356542999999999	0.846696189146949
K+	2.4378061	0.8597194268396765
K+	2.4399579	0.87248584931425943
K+	2.4421097	0.88594351225000356
K+	2.4442615000000001	0.89881764523048602
K+	2.4464132999999997	0.90921700365779046
K+	2.4485650999999997	0.92100809520082461
K+	2.4507168999999998	0.93372103678867302
K+	2.4528686999999998	0.94527050168540305
K+	2.4550204999999998	0.95438968812672609
K+	2.4571722999999999	0.96456907966684291
K+	2.4593240999999999	0.97429511373005218
K+	2.4614758999999999	0.98428775001367741
K+	2.4636277	0.99512490297987066
K+	2.4657795	1.0084195026919347
K+	2.4679313	1.0226183037561729
K+	2.4700831000000001	1.0331555359095206
K+	2.4722349000000001	1.0472936361673089
K+	2.4743867000000002	1.0573710396564224
K+	2.4765385000000002	1.071033801792818
K+	2.4786903000000002	1.0839875143327862
K+	2.4808420999999998	1.0954252041762296
K+	2.4829938999999999	1.1075126333127208
K+	2.4851456999999999	1.1209802436934044
K+	2.4872974999999999	1.132775453264725
K+	2.4894493	1.1438489917503247
K+	2.4916011	1.1558456638220056
K+	2.4937529000000001	1.1685165694328625
K+	2.4959047000000001	1.177133623828547
K+	2.4980564999999997	1.1851043617079329
K+	2.5002082999999997	1.1974926743132317
K+	2.5023600999999998	1.2082058585839635
K+	2.5045118999999998	1.2193217539318619
K+	2.5066636999999998	1.2299508127677319
K+	2.5088154999999999	1.2445405056331627
K+	2.5109672999999999	1.2565347175840589
K+	2.5131190999999999	1.2666495576938934
K+	2.5152709	1.2785030614317634
K+	2.5174227	1.2865389390312076
K+	2.5195745000000001	1.2978921290735874
K+	2.5217263000000001	1.3044675506178536
K+	2.5238781000000001	1.3148263705330139
K+	2.5260299000000002	1.3275056726430945
K+	2.5281817000000002	1.3381531823848782
K+	2.5303335000000002	1.3484314066037224
K+	2.5324852999999998	1.3590019573495056
K+	2.5346370999999999	1.3686919452950521
K+	2.5367888999999999	1.3783457801611578
K+	2.5389406999999999	1.3863355037553458
K+	2.5410925	1.3992433296944804
K+	2.5432443	1.4128310046658987
K+	2.5453961000000001	1.4230395967701894
K+	2.5475479000000001	1.4315612947448091
K+	2.5496996999999997	1.4429363049889754
K+	2.5518514999999997	1.4586656220700371
K+	2.5540032999999998	1.4682218543178456
K+	2.5561550999999998	1.4813451012687808
K+	2.5583068999999998	1.4909979734789176
K+	2.5604586999999999	1.4978569506846584
K+	2.5626104999999999	1.5080728161895545
K+	2.5647622999999999	1.5192843888438423
K+	2.5669141	1.5327627488827589
K+	2.5690659	1.542565260614007
K+	2.5712177000000001	1.550008088660348
K+	2.5733695000000001	1.5621798036743642
K+	2.5755213000000001	1.5716880635667534
K+	2.5776731000000002	1.5813340367425066
K+	2.5798249000000002	1.5910264848088198
K+	2.5819767000000002	1.599430096985526
K+	2.5841284999999998	1.6088332134545822
K+	2.5862802999999999	1.6168878093643941
K+	2.5884320999999999	1.6246467629322852
K+	2.5905838999999999	1.6323991383511043
K+	2.5927357	1.6409622840129556
K+	2.5948875	1.6494742484661911
K+	2.5970393000000001	1.6567665278163477
K+	2.5991911000000001	1.6641148551358096
K+	2.6013428999999997	1.6683185597956274
K+	2.6034946999999997	1.672642489488843
K+	2.6056464999999998	1.6820719185541855
K+	2.6077982999999998	1.6906857640966666
K+	2.6099500999999998	1.6995914013572206
K+	2.6121018999999999	1.7063248054408846
K+	2.6142536999999999	1.7162035274357486
K+	2.6164054999999999	1.7275050549415396
K+	2.6185573	1.732528514633374
K+	2.6207091	1.7428993677480469
K+	2.6228609000000001	1.7484948055236003
K+	2.6250127000000001	1.7542863577108716
K+	2.6271645000000001	1.7611969439723472
K+	2.6293163000000002	1.7655937681142084
K+	2.6314681000000002	1.7715734660610001
K+	2.6336199000000002	1.7764610308196305
K+	2.6357716999999998	1.7804601710876726
K+	2.6379234999999999	1.785057548554827
K+	2.6400752999999999	1.792905280394713
K+	2.6422270999999999	1.7950636085410305
K+	2.6443789	1.8004474224477436
K+	2.6465307	1.8073712719691251
K+	2.6486825000000001	1.8139049784217089
K+	2.6508343000000001	1.8207594632329791
K+	2.6529860999999997	1.8270354987732271
K+	2.6551378999999997	1.8305799980230391
K+	2.6572896999999998	1.8362910614757553
K+	2.6594414999999998	1.8401457498686897
K+	2.6615932999999998	1.841189589816127
K+	2.6637450999999999	1.8453216835686104
K+	2.6658968999999999	1.8421920890381476
K+	2.6680486999999999	1.843413111163394
K+	2.6702005	1.8445049769471515
K+	2.6723523	1.8461629379170887
K+	2.6745041000000001	1.8515445591074389
K+	2.6766559000000001	1.8558529258626486
K+	2.6788077000000001	1.8570904201010139
K+	2.6809595000000002	1.8610392348546005
K+	2.6831113000000002	1.8637837135196387
K+	2.6852630999999998	1.8642733310377868
K+	2.6874148999999998	1.8676808657366681
K+	2.6895666999999999	1.8701968740535295
K+	2.6917184999999999	1.8701118394436096
K+	2.6938702999999999	1.8740197947997439
K+	2.6960221	1.872155771973177
K+	2.6981739	1.8716358842731369
K+	2.7003257000000001	1.8693743380153993
K+	2.7024774999999996	1.8670524118365255
K+	2.7046292999999997	1.8648127927423479
K+	2.7067810999999997	1.8607754136403136
K+	2.7089328999999998	1.8567964891474675
K+	2.7110846999999998	1.8572219296015087
K+	2.7132364999999998	1.8579924287368197
K+	2.7153882999999999	1.8553756089484446
K+	2.7175400999999999	1.8560962104163996
K+	2.7196918999999999	1.8557091692390379
K+	2.7218437	1.8540025941430471
K+	2.7239955	1.8526717222764277
K+	2.7261473000000001	1.848156384489575
K+	2.7282991000000001	1.8465642050103357
K+	2.7304509000000001	1.8457514559744768
K+	2.7326027000000002	1.8447912601338965
K+	2.7347545000000002	1.843903851780172
K+	2.7369063000000002	1.8383042959763463
K+	2.7390581000000003	1.8340068393220661
K+	2.7412098999999999	1.8293433594789099
K+	2.7433616999999999	1.8225206423143621
K+	2.7455134999999999	1.8174778225415282
K+	2.7476653	1.8128046091769772
K+	2.7498171	1.8073374185678275
K+	2.7519688999999996	1.8053985759807025
K+	2.7541206999999996	1.8043108282252143
K+	2.7562724999999997	1.8011468989654471
K+	2.7584242999999997	1.7944298600330875
K+	2.7605760999999998	1.7920119356625031
K+	2.7627278999999998	1.7851572904085808
K+	2.7648796999999998	1.7800194885808827
K+	2.7670314999999999	1.7741253065719669
K+	2.7691832999999999	1.7688474383018646
K+	2.7713350999999999	1.7667627533365966
K+	2.7734869	1.7620095860463634
K+	2.7756387	1.756101659449592
K+	2.7777905000000001	1.7499459024236284
K+	2.7799423000000001	1.7396197058493912
K+	2.7820941000000001	1.7334018575138967
K+	2.7842459000000002	1.7233264862984961
K+	2.7863977000000002	1.7149139428137277
K+	2.7885495000000002	1.7071337038529273
K+	2.7907013000000003	1.6995011791013108
K+	2.7928530999999999	1.6929329239958912
K+	2.7950048999999999	1.6879741761770206
K+	2.7971566999999999	1.6771565437344906
K+	2.7993085	1.6659210651238303
K+	2.8014603	1.6536399282155549
K+	2.8036120999999996	1.6464654672588845
K+	2.8057638999999996	1.6383536468002553
K+	2.8079156999999997	1.6324036842264633
K+	2.8100674999999997	1.6238508603757413
K+	2.8122192999999998	1.6174940152155988
K+	2.8143710999999998	1.6119458545439374
K+	2.8165228999999998	1.603929764872581
K+	2.8186746999999999	1.5985556844872315
K+	2.8208264999999999	1.5905749991629068
K+	2.8229782999999999	1.5801640353831736
K+	2.8251301	1.571391244645284
K+	2.8272819	1.5643986187035734
K+	2.8294337000000001	1.5572742693377932
K+	2.8315855000000001	1.5472407201757992
K+	2.8337373000000001	1.5362008211679741
K+	2.8358891000000002	1.5268774981819591
K+	2.8380409000000002	1.5166271909860138
K+	2.8401927000000002	1.5046553875266744
K+	2.8423444999999998	1.4972263040682279
K+	2.8444962999999999	1.4860783736691709
K+	2.8466480999999999	1.4796879425121694
K+	2.8487998999999999	1.4710526511341002
K+	2.8509517	1.4606963448206169
K+	2.8531034999999996	1.4509786002948513
K+	2.8552552999999996	1.4439952800274016
K+	2.8574070999999996	1.4336326094883902
K+	2.8595588999999997	1.4225727086288993
K+	2.8617106999999997	1.4123506393411329
K+	2.8638624999999998	1.4007274243015946
K+	2.8660142999999998	1.388771665108266
K+	2.8681660999999998	1.3790388389724377
K+	2.8703178999999999	1.3683569945013274
K+	2.8724696999999999	1.3559380908288032
K+	2.8746214999999999	1.3424237916339934
K+	2.8767733	1.3293028978420958
K+	2.8789251	1.3157775281037369
K+	2.8810769000000001	1.3029469820459523
K+	2.8832287000000001	1.2936174017961677
K+	2.8853805000000001	1.2826784212216256
K+	2.8875323000000002	1.2680994245335335
K+	2.8896841000000002	1.2596297634617175
K+	2.8918359000000002	1.2507146066033252
K+	2.8939876999999998	1.2395605793831803
K+	2.8961394999999999	1.2293127857889055
K+	2.8982912999999999	1.2185383124219773
K+	2.9004430999999999	1.2061395710437552
K+	2.9025949	1.1951695180740023
K+	2.9047466999999996	1.1850094331339804
K+	2.9068984999999996	1.1744192549027648
K+	2.9090502999999996	1.1637949023849179
K+	2.9112020999999997	1.1542276530744451
K+	2.9133538999999997	1.143695982933322
K+	2.9155056999999998	1.1310797882696115
K+	2.9176574999999998	1.1186715807744325
K+	2.9198092999999998	1.1079189810901768
K+	2.9219610999999999	1.0952529957208803
K+	2.9241128999999999	1.0847256040507069
K+	2.9262646999999999	1.0741408808699429
K+	2.9284165	1.0608892797908385
K+	2.9305683	1.0496049731305868
K+	2.9327201000000001	1.0401117413673795
K+	2.9348719000000001	1.0302505076224784
K+	2.9370237000000001	1.0174797531960764
K+	2.9391755000000002	1.0063636439246357
K+	2.9413273000000002	0.99555895385670234
K+	2.9434791000000002	0.98313325811156682
K+	2.9456308999999998	0.97128365847843279
K+	2.9477826999999999	0.96162682868267524
K+	2.9499344999999999	0.95144294474805724
K+	2.9520862999999999	0.94160283595342664
K+	2.9542381	0.93054042149226768
K+	2.9563898999999996	0.92156820052771082
K+	2.9585416999999996	0.91156214054151041
K+	2.9606934999999996	0.90060396032861123
K+	2.9628452999999997	0.89117811448269058
K+	2.9649970999999997	0.88023742251975379
K+	2.9671488999999998	0.8697794490405828
K+	2.9693006999999998	0.86188074991563157
K+	2.9714524999999998	0.85157444823125306
K+	2.9736042999999999	0.84251499994040713
K+	2.9757560999999999	0.83275356153017677
K+	2.9779078999999999	0.82348623303257007
K+	2.9800597	0.81277411837959868
K+	2.9822115	0.80361086368760004
K+	2.9843633000000001	0.79322936787646658
K+	2.9865151000000001	0.78175605976245222
K+	2.9886669000000001	0.77250637995747862
K+	2.9908187000000002	0.76593946187422723
K+	2.9929705000000002	0.75622631670473117
K+	2.9951223000000002	0.74583070193949785
K+	2.9972740999999998	0.73586405736683469
K+	2.9994258999999999	0.72806167731891369
K+	3.0015776999999999	0.71676154031618178
K+	3.0037294999999999	0.7050166027784015
K+	3.0058813	0.6955365807942151
K+	3.0080330999999996	0.68626984058636153
K+	3.0101848999999996	0.67585641668583585
K+	3.0123366999999996	0.66562188635146657
K+	3.0144884999999997	0.65235498973872985
K+	3.0166402999999997	0.6419255750530648
K+	3.0187920999999998	0.63172511204356241
K+	3.0209438999999998	0.62120766781832115
K+	3.0230956999999998	0.61136017866131742
K+	3.0252474999999999	0.60287254801153878
K+	3.0273992999999999	0.59413719389437247
K+	3.0295510999999999	0.58556993020424053
K+	3.0317029	0.57847777633228503
K+	3.0338547	0.57254508808492399
K+	3.0360065000000001	0.56352751532841383
K+	3.0381583000000001	0.55519337482359499
K+	3.0403101000000001	0.54910425498251092
K+	3.0424619000000002	0.54165516967242122
K+	3.0446137000000002	0.5344159968427995
K+	3.0467655000000002	0.52794662789696578
K+	3.0489172999999998	0.51975768799966182
K+	3.0510690999999999	0.5118124070223613
K+	3.0532208999999999	0.50336141078001195
K+	3.0553726999999999	0.49470825678577091
K+	3.0575245	0.48701674261606714
K+	3.0596762999999996	0.47982949972746902
K+	3.0618280999999996	0.47253369063878037
K+	3.0639798999999996	0.46586852816657254
K+	3.0661316999999997	0.45996755408504447
K+	3.0682834999999997	0.45248675460910748
K+	3.0704352999999998	0.44354089972172306
K+	3.0725870999999998	0.43430394836778652
K+	3.0747388999999998	0.42700712314224598
K+	3.0768906999999999	0.41950835408836729
K+	3.0790424999999999	0.41121903056664305
K+	3.0811942999999999	0.40344718810505004
K+	3.0833461	0.39850223835496312
K+	3.0854979	0.39102625215883891
K+	3.0876497000000001	0.38479963295792974
K+	3.0898015000000001	0.37690858159978935
K+	3.0919533000000001	0.36927862393073119
K+	3.0941051000000002	0.3652849921940356
K+	3.0962569000000002	0.35985951667655097
K+	3.0984086999999998	0.3544858106574339
K+	3.1005604999999998	0.35003240373740152
K+	3.1027122999999999	0.34429256756763615
K+	3.1048640999999999	0.3390864706475723
K+	3.1070158999999999	0.33386620129252087
K+	3.1091676999999995	0.32895836727782563
K+	3.1113194999999996	0.32123428324809439
K+	3.1134712999999996	0.31480042561105404
K+	3.1156230999999996	0.30846171047153015
K+	3.1177748999999997	0.30328748815996276
K+	3.1199266999999997	0.29683624923473589
K+	3.1220784999999998	0.29027954600084621
K+	3.1242302999999998	0.28495541676373792
K+	3.1263820999999998	0.28044237865498145
K+	3.1285338999999999	0.27428063176969458
K+	3.1306856999999999	0.26768745457104609
K+	3.1328374999999999	0.26235942122921185
K+	3.1349893	0.25704941094620626
K+	3.1371411	0.2532748904024984
K+	3.1392929000000001	0.248261645560031
K+	3.1414447000000001	0.2437311726822021
K+	3.1435965000000001	0.2387677185452961
K+	3.1457483000000002	0.23357675671618217
K+	3.1479001000000002	0.22896568814202978
K+	3.1500518999999998	0.22446249051643902
K+	3.1522036999999998	0.22025937414636679
K+	3.1543554999999999	0.21590223282247248
K+	3.1565072999999999	0.21232077827990825
K+	3.1586590999999999	0.20659741422325931
K+	3.1608108999999995	0.20185173425717134
K+	3.1629626999999996	0.1977131693173973
K+	3.1651144999999996	0.19343288002775227
K+	3.1672662999999996	0.18997496633356448
K+	3.1694180999999997	0.18570847511269875
K+	3.1715698999999997	0.18120907463006816
K+	3.1737216999999998	0.17661800790755619
K+	3.1758734999999998	0.17307447131369252
K+	3.1780252999999998	0.16928888022642521
K+	3.1801770999999999	0.16720430222292984
K+	3.1823288999999999	0.16482269137445982
K+	3.1844806999999999	0.16115892974720025
K+	3.1866325	0.15731151475486049
K+	3.1887843	0.15459917810276855
K+	3.1909361000000001	0.15122041612096199
K+	3.1930879000000001	0.14866697118338612
K+	3.1952397000000001	0.14577515267538282
K+	3.1973915000000002	0.1435498664588658
K+	3.1995433000000002	0.14013671626688473
K+	3.2016950999999998	0.13650707544536508
K+	3.2038468999999998	0.13436078049856792
K+	3.2059986999999999	0.13219951090348236
K+	3.2081504999999999	0.12924624285660946
K+	3.2103022999999999	0.1267014618226846
K+	3.2124540999999995	0.12333104285921062
K+	3.2146058999999996	0.12029589557473261
K+	3.2167576999999996	0.11824233648554791
K+	3.2189094999999996	0.11605416600442918
K+	3.2210612999999997	0.11368218171557225
K+	3.2232130999999997	0.11175018468195808
K+	3.2253648999999998	0.1094079892470181
K+	3.2275166999999998	0.1064099576979403
K+	3.2296684999999998	0.10388480414944905
K+	3.2318202999999999	0.10174417817664633
K+	3.2339720999999999	0.09971136967151871
K+	3.2361238999999999	0.097565395610043709
K+	3.2382757	0.095498947627155009
K+	3.2404275	0.09404897382576069
K+	3.2425793000000001	0.092047665562924819
K+	3.2447311000000001	0.089877839025960901
K+	3.2468829000000001	0.088444925627438026
K+	3.2490347000000002	0.086757389727128389
K+	3.2511865000000002	0.084935295915771536
K+	3.2533382999999998	0.083213639209719234
K+	3.2554900999999998	0.081457861697924336
K+	3.2576418999999999	0.079933442502182483
K+	3.2597936999999999	0.078280241331161765
K+	3.2619454999999999	0.076061212378392792
K+	3.2640972999999995	0.074048191801360352
K+	3.2662490999999996	0.072228130263699022
K+	3.2684008999999996	0.070405287719926907
K+	3.2705526999999996	0.06830156355897686
K+	3.2727044999999997	0.06623586430850148
K+	3.2748562999999997	0.064685453401802956
K+	3.2770080999999998	0.063266551995606102
K+	3.2791598999999998	0.061394453555143252
K+	3.2813116999999998	0.060180383945174006
K+	3.2834634999999999	0.059117665244690233
K+	3.2856152999999999	0.057665659169599134
K+	3.2877670999999999	0.056331845854212845
K+	3.2899189	0.055402989813248822
K+	3.2920707	0.054757796395573252
K+	3.2942225000000001	0.053695559023069987
K+	3.2963743000000001	0.052768574813142136
K+	3.2985261000000001	0.051555842225342742
K+	3.3006779000000002	0.049820280488737073
K+	3.3028297000000002	0.04837945191897576
K+	3.3049814999999998	0.047164312691272726
K+	3.3071332999999998	0.045648771322730375
K+	3.3092850999999999	0.043886576104526114
K+	3.3114368999999999	0.04217689911710408
K+	3.3135886999999999	0.040358923334026034
K+	3.3157404999999995	0.039140200886910871
K+	3.3178922999999996	0.038007636148339713
K+	3.3200440999999996	0.036922027628329447
K+	3.3221958999999996	0.035821872307124844
K+	3.3243476999999997	0.034883550149206549
K+	3.3264994999999997	0.034122677573504678
K+	3.3286512999999998	0.033395925803544661
K+	3.3308030999999998	0.032240310802787046
K+	3.3329548999999998	0.03170641111042441
K+	3.3351066999999999	0.031559445633652712
K+	3.3372584999999999	0.03062823643367164
K+	3.3394102999999999	0.029991386034328462
K+	3.3415621	0.029164464563497781
K+	3.3437139	0.028483973760571012
K+	3.3458657000000001	0.028088856969308927
K+	3.3480175000000001	0.02720775936020698
K+	3.3501693000000001	0.026629844898054929
K+	3.3523211000000002	0.025932721539351188
K+	3.3544729000000002	0.02552567851034513
K+	3.3566246999999998	0.025067079906518134
K+	3.3587764999999998	0.024776304325292774
K+	3.3609282999999999	0.024015913077571123
K+	3.3630800999999999	0.023681871458970064
K+	3.3652318999999995	0.022909286569070791
K+	3.3673836999999995	0.022053485419398312
K+	3.3695354999999996	0.021143133765247256
K+	3.3716872999999996	0.020436223404269125
K+	3.3738390999999996	0.01946789846888785
K+	3.3759908999999997	0.018979029683163638
K+	3.3781426999999997	0.018121891511322867
K+	3.3802944999999998	0.017380860344602327
K+	3.3824462999999998	0.016916378843233194
K+	3.3845980999999998	0.016186311258295158
K+	3.3867498999999999	0.015994742721979219
K+	3.3889016999999999	0.015724557282150484
K+	3.3910534999999999	0.015366984073382295
K+	3.3932053	0.015488011320083291
K+	3.3953571	0.015082786641226319
K+	3.3975089000000001	0.014744520032572653
K+	3.3996607000000001	0.014443422640205827
K+	3.4018125000000001	0.014127885408418188
K+	3.4039643000000002	0.013958564920987756
K+	3.4061160999999998	0.013603665756556735
K+	3.4082678999999998	0.012996925096449705
K+	3.4104196999999998	0.012681387864661997
K+	3.4125714999999999	0.012279479000783231
K+	3.4147232999999999	0.011964316135202694
K+	3.4168750999999995	0.011586580632132035
K+	3.4190268999999995	0.011050595185186807
K+	3.4211786999999996	0.010683930225672057
K+	3.4233304999999996	0.010471825028846523
K+	3.4254822999999996	0.010003439422745255
K+	3.4276340999999997	0.009463817275501633
K+	3.4297858999999997	0.009540669309752255
K+	3.4319376999999998	0.00893312643634399
K+	3.4340894999999998	0.0086422438933449822
K+	3.4362412999999998	0.0084348984954396976
K+	3.4383930999999999	0.0077877797658411161
K+	3.4405448999999999	0.0075789369031072197
K+	3.4426966999999999	0.0075892587142487736
K+	3.4448485	0.0073936791114271559
K+	3.4470003	0.0073235121880194159
K+	3.4491521000000001	0.0070312926228519868
K+	3.4513039000000001	0.0068254981706623377
K+	3.4534557000000001	0.0066633976029422705
K+	3.4556075000000002	0.0064656787646509032
K+	3.4577592999999998	0.0062313255189401099
K+	3.4599110999999998	0.0060986394389290453
K+	3.4620628999999998	0.005897711747433039
K+	3.4642146999999999	0.0057844927101966615
K+	3.4663664999999999	0.005468795035748702
K+	3.4685182999999995	0.0052123007029259913
K+	3.4706700999999995	0.0050307865733179129
K+	3.4728218999999996	0.0049943126085586903
K+	3.4749736999999996	0.0046411248325033839
K+	3.4771254999999996	0.0045340560972424891
K+	3.4792772999999997	0.0044153820095583158
K+	3.4814290999999997	0.0042516235343491504
K+	3.4835808999999998	0.0043646821289252723
K+	3.4857326999999998	0.0043276733552985881
K+	3.4878844999999998	0.0042283593486155688
K+	3.4900362999999999	0.0041356234910020174
K+	3.4921880999999999	0.0038505703646582656
K+	3.4943398999999999	0.003645310721336034
K+	3.4964917	0.0035714001358562791
K+	3.4986435	0.0034422437943702586
K+	3.5007953000000001	0.0033567278564671436
K+	3.5029471000000001	0.0033664613778545197
K+	3.5050989000000001	0.0034137919626226979
K+	3.5072507000000002	0.0032337752978434864
K+	3.5094024999999998	0.0030888420947681253
K+	3.5115542999999998	0.0031330173072184131
K+	3.5137060999999998	0.0030254137630901308
K+	3.5158578999999999	0.0030355751315714287
K+	3.5180096999999999	0.0030020960964698791
K+	3.5201614999999995	0.0028846520691807468
K+	3.5223132999999995	0.002915082693737886
K+	3.5244650999999996	0.0028166778621294946
K+	3.5266168999999996	0.002764427035780895
K+	3.5287686999999996	0.002613557454276944
K+	3.5309204999999997	0.0024978248153636447
K+	3.5330722999999997	0.0024487293613329325
K+	3.5352240999999998	0.0023350824770025955
K+	3.5373758999999998	0.0023092512087053534
K+	3.5395276999999998	0.0022510640039282229
K+	3.5416794999999999	0.0022149644053762289
K+	3.5438312999999999	0.0022027707631987227
K+	3.5459830999999999	0.0021787043641640766
K+	3.5481349	0.0021530870194138626
K+	3.5502867	0.0019785788859692285
K+	3.5524385000000001	0.0019971902345560411
K+	3.5545903000000001	0.001965369106943561
K+	3.5567421000000001	0.0019061122844315703
K+	3.5588939000000002	0.0018470693854665521
K+	3.5610456999999998	0.0017689872908207814
K+	3.5631974999999998	0.0015620697400094824
K+	3.5653492999999998	0.0014653228158901632
K+	3.5675010999999999	0.0013588958512702352
K+	3.5696528999999999	0.0013263259912433276
K+	3.5718046999999995	0.0012666413216373723
K+	3.5739564999999995	0.0012254075579579843
K+	3.5761082999999996	0.0012939165738766263
K+	3.5782600999999996	0.0012283490067288593
K+	3.5804118999999996	0.0011574333509067221
K+	3.5825636999999997	0.0011571124655862834
K+	3.5847154999999997	0.001169626993084301
K+	3.5868672999999998	0.0011056103716521114
K+	3.5890190999999998	0.0010861968097641446
K+	3.5911708999999998	0.0010342668687360285
K+	3.5933226999999999	0.00092243833455498921
K+	3.5954744999999999	0.00082189426747688373
K+	3.5976262999999999	0.00076777161009228137
K+	3.5997781	0.0007377688326290784
K+	3.6019299	0.00068974299633324531
K+	3.6040817000000001	0.0007112423128042113
K+	3.6062335000000001	0.00064219848801812533
K+	3.6083853000000001	0.00070284581358546355
K+	3.6105371000000002	0.00069760468668458679
K+	3.6126888999999998	0.0007414590138144076
K+	3.6148406999999998	0.00070279233269872864
K+	3.6169924999999998	0.00073049543203195628
K+	3.6191442999999999	0.00076921559403438111
K+	3.6212960999999999	0.00071632299704488039
K+	3.6234478999999995	0.00074969507037293544
K+	3.6255996999999995	0.00075194126761616762
K+	3.6277514999999996	0.00076279788762513144
K+	3.6299032999999996	0.00070653599477077541
K+	3.6320550999999996	0.0006960002600822653
K+	3.6342068999999997	0.00063717128466422
K+	3.6363586999999997	0.00060176693763990051
K+	3.6385104999999998	0.00054566548744576667
K+	3.6406622999999998	0.00053758987354747209
K+	3.6428140999999998	0.00052625192555781175
K+	3.6449658999999999	0.00048935011370467116
K+	3.6471176999999999	0.0004838415823700852
K+	3.6492694999999999	0.00046651377506513571
K+	3.6514213	0.00047095268866485991
K+	3.6535731	0.00044180560538955807
K+	3.6557249000000001	0.00045432013288758253
K+	3.6578767000000001	0.00044806286913857453
K+	3.6600285000000001	0.00043233948843593412
K+	3.6621802999999997	0.00041683003128026774
K+	3.6643320999999998	0.00042688443798807982
K+	3.6664838999999998	0.00046057739663659791
K+	3.6686356999999998	0.00043410435769847472
K+	3.6707874999999999	0.00040442246555572991
K+	3.6729392999999995	0.00037714721331644994
K+	3.6750910999999995	0.00037618455735506
K+	3.6772428999999995	0.00034917670954949688
K+	3.6793946999999996	0.0003474653211736939
K+	3.6815464999999996	0.00029179171807351651
K+	3.6836982999999996	0.00029762113472858612
K+	3.6858500999999997	0.00028061421274409452
K+	3.6880018999999997	0.00025098580148809411
K+	3.6901536999999998	0.00025355288405178912
K+	3.6923054999999998	0.00025125320592180901
K+	3.6944572999999998	0.00024868612335811026
K+	3.6966090999999999	0.00024130576098748614
K+	3.6987608999999999	0.00021750676638654834
K+	3.7009126999999999	0.00016814390792213127
K+	3.7030645	0.0001338091786326884
K+	3.7052163	0.00019076632301470812
K+	3.7073681000000001	0.00021654411042516209
K+	3.7095199000000001	0.00019183594074958173
K+	3.7116717000000001	0.0001872900653763689
K+	3.7138235000000002	0.00018814575956426779
K+	3.7159753000000002	0.00020055332528880166
K+	3.7181270999999998	0.00021643714865167472
K+	3.7202788999999994	0.00021296089101333551
K+	3.7224306999999994	0.00022317574038137848
K+	3.7245824999999995	0.00020333433139947302
K+	3.7267342999999995	0.0002154744926902885
K+	3.7288860999999995	0.00019456346597350943
K+	3.7310378999999996	0.00017311763038929358
K+	3.7331896999999996	0.00018365336507779862
K+	3.7353414999999996	0.00017942837502504789
K+	3.7374932999999997	0.00016097746909847811
K+	3.7396450999999997	0.00013744587893125873
K+	3.7417968999999998	0.00010321811141530323
K+	3.7439486999999998	9.3431109141209708e-05
K+	3.7461004999999998	0.00010562475131876885
K+	3.7482522999999999	0.00012664273980903529
K+	3.7504040999999999	0.00010466209535738263
K+	3.7525558999999999	9.0489660370307286e-05
K+	3.7547077	9.8886159589065136e-05
K+	3.7568595	8.8724791107765844e-05
K+	3.7590113000000001	7.8296018192748154e-05
K+	3.7611631000000001	7.674507247718144e-05
K+	3.7633149000000001	6.070080645407729e-05
K+	3.7654667000000002	6.8829901239116716e-05
K+	3.7676185000000002	5.4390061818323002e-05
K+	3.7697702999999998	5.043247619929066e-05
K+	3.7719220999999994	3.3585996875031305e-05
K+	3.7740738999999994	4.2517304961225949e-05
K+	3.7762256999999995	4.5244830185153657e-05
K+	3.7783774999999995	2.7542656672995421e-05
K+	3.7805292999999995	2.1927163564908974e-05
K+	3.7826810999999996	2.8398350860894315e-05
K+	3.7848328999999996	2.3585071053963069e-05
K+	3.7869846999999996	1.663255577728461e-05
K+	3.7891364999999997	1.3156298138945383e-05
K+	3.7912882999999997	1.3156298138945385e-05
K+	3.7934400999999998	1.1017062669198162e-05
K+	3.7955918999999998	1.2354084837790178e-05
K+	3.7977436999999998	1.7167364644721421e-05
K+	3.7998954999999999	1.9841408981905439e-05
K+	3.8020472999999999	3.5136942590598046e-05
K+	3.8041990999999999	3.9682817963810892e-05
K+	3.8063509	4.2624266734713314e-05
K+	3.8085027	4.3961288903305326e-05
K+	3.8106545000000001	4.3693884469586922e-05
K+	3.8128063000000001	4.1822053433558109e-05
K+	3.8149581000000001	3.8345795795218879e-05
K+	3.8171099000000002	3.3265111554569233e-05
K+	3.8192617000000002	2.6580000711609177e-05
K+	3.8214134999999998	1.8290463266338712e-05
K+	3.8235652999999994	2.3157223960013629e-05
K+	3.8257170999999994	1.7809135285645586e-05
K+	3.8278688999999995	1.1391428876403932e-05
K+	3.8300206999999995	3.9041047322886699e-06
K+	3.8321724999999995	0
K+	3.8343242999999996	4.8132798069312199e-07
K+	3.8364760999999996	0
K+	3.8386278999999996	0
K+	3.8407796999999997	0
K+	3.8429314999999997	0
K+	3.8450832999999998	2.0322736962595956e-07
K+	3.8472350999999998	7.4824622453204852e-06
K+	3.8493868999999998	1.6332090431761314e-05
K+	3.8515386999999999	2.6752111928948427e-05
K+	3.8536904999999999	3.8742526736881789e-05
K+	3.8558422999999999	5.2303334855561469e-05
K+	3.8579941	6.7434536284987398e-05
Rb+	1.627971845	0
Rb+	1.630153075	0
Rb+	1.6323343050000001	0
Rb+	1.634515535	0
Rb+	1.6366967649999999	0
Rb+	1.6388779950000001	0
Rb+	1.641059225	0
Rb+	1.6432404549999999	0
Rb+	1.6454216850000001	0
Rb+	1.647602915	0
Rb+	1.6497841449999999	0
Rb+	1.6519653750000001	0
Rb+	1.6541466050000002	0
Rb+	1.6563278349999999	0
Rb+	1.6585090650000001	0
Rb+	1.6606902950000002	0
Rb+	1.6628715249999999	0
Rb+	1.6650527550000001	0
Rb+	1.6672339850000002	4.7784494953283561e-07
Rb+	1.6694152149999999	4.4598861956398151e-06
Rb+	1.671596445	7.9109886089325311e-06
Rb+	1.6737776750000002	1.0831152189410983e-05
Rb+	1.6759589049999999	1.3220376937075171e-05
Rb+	1.678140135	1.5078662851925092e-05
Rb+	1.6803213650000002	1.6406009933960754e-05
Rb+	1.6825025949999999	1.720241818318215e-05
Rb+	1.684683825	1.7467887599589284e-05
Rb+	1.6868650550000002	1.720241818318215e-05
Rb+	1.6890462849999999	1.6406009933960754e-05
Rb+	1.691227515	1.5078662851925092e-05
Rb+	1.6934087450000002	1.3220376937075171e-05
Rb+	1.6955899750000001	1.7520981482861423e-06
Rb+	1.697771205	3.8758534795437138e-06
Rb+	1.6999524350000002	4.937731145172699e-06
Rb+	1.7021336650000001	4.9377311451731047e-06
Rb+	1.704314895	3.8758534795449293e-06
Rb+	1.7064961250000001	1.7520981482881684e-06
Rb+	1.7086773550000001	4.1413228959516756e-06
Rb+	1.710858585	1.1043527722537811e-05
Rb+	1.7130398150000001	1.6883854883495307e-05
Rb+	1.7152210450000001	2.1662304378824171e-05
Rb+	1.717402275	2.5378876208524397e-05
Rb+	1.7195835050000001	2.8033570372595987e-05
Rb+	1.721764735	2.9626386871038938e-05
Rb+	1.723945965	2.1078271662728415e-05
Rb+	1.7261271950000001	1.6512197700526205e-05
Rb+	1.728308425	1.5397226151615625e-05
Rb+	1.730489655	2.6281472224308689e-05
Rb+	1.7326708850000001	3.4511024132930201e-05
Rb+	1.734852115	4.0085881877480194e-05
Rb+	1.737033345	4.3006045457958647e-05
Rb+	1.7392145750000001	3.4192460833241644e-05
Rb+	1.741395805	4.2422012741862871e-05
Rb+	1.7435770349999999	5.3040789398148635e-05
Rb+	1.7457582650000001	6.0473933057548605e-05
Rb+	1.747939495	6.4721443720062774e-05
Rb+	1.7501207249999999	6.5783321385691135e-05
Rb+	1.7523019550000001	6.3659566054433695e-05
Rb+	1.754483185	6.3925035470840805e-05
Rb+	1.7566644149999999	6.6579729634912439e-05
Rb+	1.7588456450000001	5.6969736760973454e-05
Rb+	1.761026875	4.0138975760759844e-05
Rb+	1.7632081049999999	2.0600426713196085e-05
Rb+	1.7653893350000001	3.8652347028881843e-05
Rb+	1.7675705650000002	5.0333001350796049e-05
Rb+	1.7697517949999999	7.0296301464613898e-05
Rb+	1.7719330250000001	8.9994132162023356e-05
Rb+	1.7741142550000002	0.00010087837823471722
Rb+	1.7762954849999999	0.000112028093723817
Rb+	1.778476715	9.9710312802524177e-05
Rb+	1.7806579450000002	0.00011032908945881023
Rb+	1.7828391749999999	9.6418492039074995e-05
Rb+	1.785020405	0.00010995743227583879
Rb+	1.7872016350000002	0.0001272129443423049
Rb+	1.7893828649999999	0.00014261017049391965
Rb+	1.791564095	0.00013241614490388455
Rb+	1.7937453250000002	0.00013395586751904708
Rb+	1.7959265550000001	0.00013204448772091538
Rb+	1.798107785	0.00011707201263555175
Rb+	1.8002890150000002	0.00011728438816867984
Rb+	1.8024702450000001	0.00010841770966068048
Rb+	1.804651475	0.00013130117335497782
Rb+	1.8068327050000001	0.0001627327522575861
Rb+	1.8090139350000001	0.00020027012773755497
Rb+	1.811195165	0.00020658829984804503
Rb+	1.8133763950000001	0.00021747254592073849
Rb+	1.8155576250000001	0.00020918990012883527
Rb+	1.817738855	0.00017770522734294669
Rb+	1.8199200850000001	0.00017446650046278042
Rb+	1.8221013150000001	0.00015147684900191982
Rb+	1.824282545	0.00016926329990119913
Rb+	1.8264637750000001	0.00015662695568022112
Rb+	1.828645005	0.00019225295136206065
Rb+	1.830826235	0.00022363143638138612
Rb+	1.8330074650000001	0.00022756038374421218
Rb+	1.835188695	0.00021816276640339733
Rb+	1.837369925	0.00022368453026466536
Rb+	1.8395511550000001	0.00024359473649520141
Rb+	1.841732385	0.00025766461556477993
Rb+	1.843913615	0.00028962713330020154
Rb+	1.8460948450000001	0.00030773214749916692
Rb+	1.848276075	0.00032716450878017041
Rb+	1.8504573049999999	0.00029191017028130326
Rb+	1.8526385350000001	0.00021656994990494979
Rb+	1.854819765	0.0002296841390754624
Rb+	1.8570009949999999	0.00024731130832490099
Rb+	1.8591822250000001	0.00024412567532801328
Rb+	1.861363455	0.00025585942353320871
Rb+	1.8635446849999999	0.00029153851309833627
Rb+	1.8657259150000001	0.00035864918156606074
Rb+	1.8679071450000002	0.00043643172057335872
Rb+	1.8700883749999999	0.00048299505621117152
Rb+	1.8722696050000001	0.00053162905329695706
Rb+	1.8744508350000002	0.00058928901054059444
Rb+	1.8766320649999999	0.0006098894372537862
Rb+	1.878813295	0.00063925035470841277
Rb+	1.8809945250000002	0.00071204206868725898
Rb+	1.8831757549999999	0.00076051678412320206
Rb+	1.885356985	0.00081934480679902446
Rb+	1.8875382150000002	0.00085550174131368713
Rb+	1.8897194450000001	0.00082438872571076287
Rb+	1.891900675	0.00090179960753508745
Rb+	1.8940819050000002	0.0009486284125893175
Rb+	1.8962631350000001	0.0010010851692713624
Rb+	1.898444365	0.0011398725801690214
Rb+	1.9006255950000002	0.0012311409655298108
Rb+	1.9028068250000001	0.0013261790166035636
Rb+	1.904988055	0.0013496996068972343
Rb+	1.9071692850000002	0.0014125627647024633
Rb+	1.9093505150000001	0.0014726119466937468
Rb+	1.911531745	0.0016006212992852723
Rb+	1.9137129750000001	0.001701818240819684
Rb+	1.9158942050000001	0.0017825740372907333
Rb+	1.918075435	0.001887646832304682
Rb+	1.9202566650000001	0.0019426520953842498
Rb+	1.9224378950000001	0.0019141406800621131
Rb+	1.924619125	0.0020597241080197956
Rb+	1.9268003550000001	0.0020672103455624878
Rb+	1.9289815850000001	0.0020777760283354832
Rb+	1.931162815	0.002177857998320978
Rb+	1.9333440450000001	0.0022833024505179047
Rb+	1.935525275	0.0024101968315605161
Rb+	1.937706505	0.0025385778413350131
Rb+	1.9398877350000001	0.0026432789791660037
Rb+	1.942068965	0.002785092741410697
Rb+	1.944250195	0.0029061998891756376
Rb+	1.9464314250000001	0.0030053261692620735
Rb+	1.948612655	0.0030489162474361207
Rb+	1.9507938849999999	0.0030495533740354961
Rb+	1.9529751150000001	0.0031070540496292934
Rb+	1.955156345	0.0031808014535071893
Rb+	1.9573375749999999	0.0033167748885909541
Rb+	1.9595188050000001	0.0033156068231587326
Rb+	1.961700035	0.0034463239637976071
Rb+	1.9638812649999999	0.0035458219010670389
Rb+	1.9660624950000001	0.0036650707629171009
Rb+	1.968243725	0.0038895517014310172
Rb+	1.9704249549999999	0.0039448224339269661
Rb+	1.9726061850000001	0.0041966467223307578
Rb+	1.974787415	0.0044675848087159286
Rb+	1.9769686449999999	0.0047037994954349975
Rb+	1.9791498750000001	0.0048800711879293142
Rb+	1.9813311050000002	0.0051525489969296498
Rb+	1.9835123349999999	0.0052629842741549627
Rb+	1.985693565	0.0054404240320815424
Rb+	1.9878747950000002	0.005586219835572395
Rb+	1.9900560250000001	0.0056536490673397312
Rb+	1.992237255	0.0056962303617315016
Rb+	1.9944184850000002	0.0058065594511903674
Rb+	1.9965997150000001	0.0061908529783812798
Rb+	1.998780945	0.0066038702964275652
Rb+	2.0009621750000002	0.0071024218604402488
Rb+	2.0031434050000003	0.007401658986614261
Rb+	2.005324635	0.0079277131821667551
Rb+	2.0075058649999997	0.0084415026906812119
Rb+	2.0096870950000003	0.0088695455776959774
Rb+	2.011868325	0.0091551375758668826
Rb+	2.0140495549999997	0.0095209013377926654
Rb+	2.0162307850000003	0.010043504430931677
Rb+	2.018412015	0.010108916095134493
Rb+	2.0205932449999997	0.010301434515912967
Rb+	2.0227744750000003	0.010621325162683425
Rb+	2.024955705	0.010931234159397214
Rb+	2.0271369349999997	0.011029086186284899
Rb+	2.0293181650000003	0.011379824379242117
Rb+	2.031499395	0.01162522430776863
Rb+	2.0336806249999997	0.011929399165087975
Rb+	2.0358618550000003	0.012658112713125738
Rb+	2.038043085	0.013476023985075931
Rb+	2.0402243149999997	0.01398880470980802
Rb+	2.0424055450000003	0.01481367128046846
Rb+	2.044586775	0.015224617937066438
Rb+	2.0467680049999997	0.015757361961912398
Rb+	2.0489492350000003	0.016609412600812994
Rb+	2.051130465	0.017434863204189126
Rb+	2.0533116950000001	0.018149188309857591
Rb+	2.0554929250000002	0.018681613771404013
Rb+	2.0576741549999999	0.019515453208338585
Rb+	2.0598553850000001	0.020266306905704693
Rb+	2.0620366150000002	0.020922547303063407
Rb+	2.0642178449999999	0.021645739087239442
Rb+	2.0663990750000001	0.022544724718960737
Rb+	2.0685803050000002	0.023262766396459092
Rb+	2.0707615349999999	0.023854391537863735
Rb+	2.0729427650000001	0.024879899893444683
Rb+	2.0751239950000002	0.025506407716165597
Rb+	2.0773052249999999	0.026427161840032028
Rb+	2.0794864550000001	0.027399204655148592
Rb+	2.0816676850000002	0.028138377698192687
Rb+	2.0838489149999999	0.028418925777451566
Rb+	2.0860301450000001	0.02937249192118619
Rb+	2.0882113750000002	0.029765015000285836
Rb+	2.0903926049999999	0.030729571577859893
Rb+	2.092573835	0.031444746185660184
Rb+	2.0947550650000002	0.032300194833090656
Rb+	2.0969362949999999	0.033001246467939019
Rb+	2.099117525	0.033721677370184173
Rb+	2.1012987550000002	0.034622733663353417
Rb+	2.1034799849999999	0.035706326727244518
Rb+	2.105661215	0.036694032237928345
Rb+	2.1078424450000002	0.037585000693274147
Rb+	2.1100236749999999	0.038731563102737121
Rb+	2.1122049050000005	0.039990365981455882
Rb+	2.1143861350000002	0.041435634578259842
Rb+	2.1165673649999999	0.043245817434857441
Rb+	2.1187485950000005	0.044333923478826406
Rb+	2.1209298250000002	0.045936296876260156
Rb+	2.1231110549999999	0.047103300430786602
Rb+	2.1252922850000004	0.048477529411759132
Rb+	2.1274735150000001	0.049652709424310562
Rb+	2.1296547449999998	0.051627642600730606
Rb+	2.1318359750000004	0.053129190713811981
Rb+	2.1340172050000001	0.054796020085549478
Rb+	2.1361984349999998	0.056411879329336542
Rb+	2.1383796650000004	0.057826672037136442
Rb+	2.1405608950000001	0.059319884410543748
Rb+	2.1427421249999998	0.061592568084405372
Rb+	2.1449233550000004	0.064020392085215094
Rb+	2.1471045850000001	0.065646392260709174
Rb+	2.1492858149999998	0.066937316938813857
Rb+	2.1514670450000004	0.068208490692337406
Rb+	2.1536482750000001	0.06980401497882803
Rb+	2.1558295049999998	0.071731853880776769
Rb+	2.1580107350000004	0.073936683571804246
Rb+	2.1601919650000001	0.075831020233402796
Rb+	2.1623731949999998	0.078268932072036224
Rb+	2.1645544250000004	0.08064668854091131
Rb+	2.1667356550000001	0.083136473103511133
Rb+	2.1689168849999998	0.085810758910513499
Rb+	2.1710981150000004	0.088224300656720211
Rb+	2.1732793450000001	0.091333212992264851
Rb+	2.1754605749999998	0.094538543819848109
Rb+	2.1776418050000004	0.097695559213644714
Rb+	2.1798230350000001	0.10092669366850321
Rb+	2.1820042649999998	0.10378898491620517
Rb+	2.1841854950000004	0.10698778519614427
Rb+	2.1863667250000001	0.10993401787331472
Rb+	2.1885479549999998	0.1128930461763555
Rb+	2.1907291850000004	0.11515442085307744
Rb+	2.1929104150000001	0.11764887767740619
Rb+	2.1950916449999998	0.12000263571103859
Rb+	2.1972728750000003	0.12321210786151704
Rb+	2.199454105	0.12764284551523622
Rb+	2.2016353349999997	0.13155989984820698
Rb+	2.2038165650000003	0.134808342909014
Rb+	2.205997795	0.1387608639560175
Rb+	2.2081790249999997	0.1425814997969492
Rb+	2.2103602550000003	0.14701181269960095
Rb+	2.212541485	0.15098212019750362
Rb+	2.2147227149999997	0.15406262730549222
Rb+	2.2169039450000003	0.15694052815487805
Rb+	2.219085175	0.16154913031759022
Rb+	2.2212664049999997	0.16485560499282464
Rb+	2.2234476350000003	0.16726213834643794
Rb+	2.225628865	0.1703639891955066
Rb+	2.2278100949999997	0.17420729612459954
Rb+	2.2299913250000003	0.17730059885845817
Rb+	2.232172555	0.18221852598516808
Rb+	2.2343537849999997	0.1858764290738423
Rb+	2.2365350150000003	0.18966770399731847
Rb+	2.238716245	0.19399676686455414
Rb+	2.2408974749999997	0.19921738221985055
Rb+	2.2430787050000003	0.20569090703282134
Rb+	2.245259935	0.21054469674852733
Rb+	2.2474411649999997	0.21595039738094277
Rb+	2.2496223950000003	0.22244372621238043
Rb+	2.251803625	0.22816310550721872
Rb+	2.2539848549999997	0.23291835297555358
Rb+	2.2561660850000003	0.23695454998261026
Rb+	2.258347315	0.2413616608582646
Rb+	2.2605285449999997	0.24632206309159901
Rb+	2.2627097750000003	0.25214391358117721
Rb+	2.264891005	0.25703964746467062
Rb+	2.2670722349999997	0.2618214949685298
Rb+	2.2692534650000002	0.26803220505926162
Rb+	2.2714346949999999	0.27348367261906159
Rb+	2.2736159250000001	0.27858121635291244
Rb+	2.2757971550000002	0.28537802982118837
Rb+	2.2779783849999999	0.29040235708999335
Rb+	2.2801596150000001	0.29682406227287711
Rb+	2.2823408450000002	0.30243629811126171
Rb+	2.2845220749999999	0.30857989753352294
Rb+	2.2867033050000001	0.31490720179193221
Rb+	2.2888845350000002	0.32062854556046083
Rb+	2.2910657649999999	0.32710371628381496
Rb+	2.2932469950000001	0.33218304881569433
Rb+	2.2954282250000002	0.33752599247807202
Rb+	2.2976094549999999	0.34418019577585474
Rb+	2.2997906850000005	0.35117292567343039
Rb+	2.3019719150000002	0.35864652687189202
Rb+	2.3041531449999999	0.36475630549050736
Rb+	2.3063343750000005	0.37164343165423608
Rb+	2.3085156050000002	0.37971800251756044
Rb+	2.3106968349999999	0.38685960766386757
Rb+	2.3128780650000005	0.39493906316444732
Rb+	2.3150592950000002	0.4023484207641389
Rb+	2.3172405249999999	0.4110497649196051
Rb+	2.3194217550000005	0.41955896231146461
Rb+	2.3216029850000002	0.42737496596320901
Rb+	2.3237842149999999	0.43599024493387006
Rb+	2.3259654450000005	0.44362264993722372
Rb+	2.3281466750000002	0.45177203008209221
Rb+	2.3303279049999999	0.45850539635984294
Rb+	2.3325091350000005	0.46623862664754789
Rb+	2.3346903650000002	0.47623981525350623
Rb+	2.3368715949999999	0.48454215887610641
Rb+	2.3390528250000004	0.49454393151477749
Rb+	2.3412340550000001	0.50381136265378657
Rb+	2.3434152849999998	0.51032258412388787
Rb+	2.3455965150000004	0.51814665804588733
Rb+	2.3477777450000001	0.52687619505337235
Rb+	2.3499589749999998	0.53587120147726208
Rb+	2.3521402050000004	0.54476007322847064
Rb+	2.3543214350000001	0.55506410934466655
Rb+	2.3565026649999998	0.56492029855538106
Rb+	2.3586838950000004	0.57403343886957037
Rb+	2.3608651250000001	0.5828518019437855
Rb+	2.3630463549999998	0.59339714975949276
Rb+	2.3652275850000004	0.60327473580516811
Rb+	2.3674088150000001	0.61364121032810315
Rb+	2.3695900449999998	0.62247943051466281
Rb+	2.3717712750000004	0.63201976421373429
Rb+	2.3739525050000001	0.64146054688165766
Rb+	2.3761337349999998	0.65354689156572499
Rb+	2.3783149650000004	0.66564029773626743
Rb+	2.3804961950000001	0.67503547275845222
Rb+	2.3826774249999998	0.68446489333535054
Rb+	2.3848586550000004	0.69430239349914802
Rb+	2.3870398850000001	0.70342302005088453
Rb+	2.3892211149999998	0.71462200666366926
Rb+	2.3914023450000004	0.72474924014853348
Rb+	2.3935835750000001	0.73336664287452891
Rb+	2.3957648049999998	0.74530597059578996
Rb+	2.3979460350000004	0.75650686858837113
Rb+	2.4001272650000001	0.76690785413543971
Rb+	2.4023084949999998	0.77934753861274497
Rb+	2.4044897250000004	0.79060875125673413
Rb+	2.4066709550000001	0.80407893491465221
Rb+	2.4088521849999998	0.81479492647122576
Rb+	2.4110334150000003	0.8253580076439474
Rb+	2.413214645	0.83478371164901977
Rb+	2.4153958749999997	0.84735836077762605
Rb+	2.4175771050000003	0.85964407299341383
Rb+	2.419758335	0.87178510437726486
Rb+	2.4219395649999997	0.88128280368806255
Rb+	2.4241207950000003	0.88943053792254512
Rb+	2.426302025	0.90181017321786283
Rb+	2.4284832549999997	0.91339361263948837
Rb+	2.4306644850000003	0.92321215828695435
Rb+	2.432845715	0.93291442833003968
Rb+	2.4350269449999997	0.94301315039958322
Rb+	2.4372081750000003	0.95201208577083363
Rb+	2.439389405	0.9653361019680784
Rb+	2.4415706349999997	0.9771910635088048
Rb+	2.4437518650000003	0.98966908176983792
Rb+	2.445933095	1.0011343873011667
Rb+	2.4481143249999997	1.0140624293168941
Rb+	2.4502955550000003	1.0261321025216092
Rb+	2.452476785	1.0365463084456157
Rb+	2.4546580149999997	1.049118355973941
Rb+	2.4568392450000003	1.0607378992362098
Rb+	2.459020475	1.0742111092454545
Rb+	2.4612017049999997	1.0857238807084326
Rb+	2.4633829350000003	1.0966275591424188
Rb+	2.465564165	1.1076257977824999
Rb+	2.4677453949999997	1.1203204921812064
Rb+	2.4699266250000003	1.1354191714271435
Rb+	2.472107855	1.1461099433891422
Rb+	2.4742890849999997	1.1578284536498376
Rb+	2.4764703150000003	1.1704400561212236
Rb+	2.478651545	1.1821204980676032
Rb+	2.4808327750000001	1.1935134366359943
Rb+	2.4830140050000002	1.2067779876839779
Rb+	2.4851952349999999	1.2185401411167294
Rb+	2.4873764650000001	1.2292687690175046
Rb+	2.4895576950000002	1.2401491392367374
Rb+	2.4917389249999999	1.2539380454759925
Rb+	2.4939201550000001	1.2658107934676006
Rb+	2.4961013850000002	1.2770096207987574
Rb+	2.4982826149999999	1.2896806353255235
Rb+	2.5004638450000005	1.2987020294093861
Rb+	2.5026450750000002	1.3095991772957187
Rb+	2.5048263049999999	1.3224468882660603
Rb+	2.5070075350000005	1.3348184532910985
Rb+	2.5091887650000002	1.3466024814037645
Rb+	2.5113699949999999	1.3584128440825547
Rb+	2.5135512250000005	1.3686789711660681
Rb+	2.5157324550000002	1.3805524624720644
Rb+	2.5179136849999999	1.3923614978037739
Rb+	2.5200949150000005	1.402705513614062
Rb+	2.5222761450000002	1.4124348084437388
Rb+	2.5244573749999999	1.4203797771379698
Rb+	2.5266386050000005	1.4314166681250953
Rb+	2.5288198350000002	1.4418932593619578
Rb+	2.5310010649999999	1.4510948009918105
Rb+	2.5331822950000005	1.4615528624634013
Rb+	2.5353635250000002	1.4718739948100159
Rb+	2.5375447549999999	1.4808880619380016
Rb+	2.5397259850000005	1.4911326859988012
Rb+	2.5419072150000002	1.5016052951944174
Rb+	2.5440884449999999	1.5113015125348028
Rb+	2.5462696750000005	1.5240005606319369
Rb+	2.5484509050000002	1.5356094320236591
Rb+	2.5506321349999999	1.5444588550195888
Rb+	2.5528133650000004	1.5536932086693092
Rb+	2.5549945950000001	1.5641545619616704
Rb+	2.5571758249999998	1.5733724034136898
Rb+	2.5593570550000004	1.5832554050354599
Rb+	2.5615382850000001	1.589918156448451
Rb+	2.5637195149999998	1.59893907268738
Rb+	2.5659007450000004	1.6063812954008196
Rb+	2.5680819750000001	1.6130709123187517
Rb+	2.5702632049999998	1.6235454859880423
Rb+	2.5724444350000004	1.6289871311794375
Rb+	2.5746256650000001	1.6360664572006551
Rb+	2.5768068949999998	1.643392138840291
Rb+	2.5789881250000004	1.6498646017755954
Rb+	2.5811693550000001	1.6576975423761096
Rb+	2.5833505849999998	1.6674933107476471
Rb+	2.5855318150000004	1.6759750055079705
Rb+	2.5877130450000001	1.6858065060629641
Rb+	2.5898942749999998	1.6936751788469191
Rb+	2.5920755050000004	1.7019101994255172
Rb+	2.5942567350000001	1.7090992705034773
Rb+	2.5964379649999998	1.7171423036001277
Rb+	2.5986191950000004	1.7259614630825886
Rb+	2.6008004250000001	1.7302679079555501
Rb+	2.6029816549999998	1.7371696880310659
Rb+	2.6051628850000004	1.7449338720527243
Rb+	2.6073441150000001	1.7542555120465659
Rb+	2.6095253449999998	1.7595531666265003
Rb+	2.6117065750000004	1.7649165514339391
Rb+	2.6138878050000001	1.7706335415040382
Rb+	2.6160690349999998	1.7747558567897714
Rb+	2.6182502650000004	1.7817645148523358
Rb+	2.6204314950000001	1.7872864910891422
Rb+	2.6226127249999998	1.7917211576902199
Rb+	2.6247939550000003	1.7977219876603363
Rb+	2.626975185	1.8039638107666724
Rb+	2.6291564149999997	1.8085606791811748
Rb+	2.6313376450000003	1.8115691378895495
Rb+	2.633518875	1.8124755035710518
Rb+	2.6357001049999997	1.8146603699619626
Rb+	2.6378813350000003	1.8173447967006706
Rb+	2.640062565	1.8231388259954113
Rb+	2.6422437949999997	1.8257722295122831
Rb+	2.6444250250000003	1.8267640232519795
Rb+	2.646606255	1.8326547896020799
Rb+	2.6487874849999997	1.8377049204981226
Rb+	2.6509687150000003	1.841475754276537
Rb+	2.653149945	1.8451041371661336
Rb+	2.6553311749999997	1.849048906506142
Rb+	2.6575124050000003	1.8539151732844199
Rb+	2.659693635	1.8589705604749724
Rb+	2.6618748649999997	1.8625725026106337
Rb+	2.6640560950000003	1.8646922228067651
Rb+	2.666237325	1.8658840742986957
Rb+	2.6684185550000001	1.8668171462034502
Rb+	2.6705997850000003	1.8650239002956244
Rb+	2.672781015	1.8638115014709242
Rb+	2.6749622450000001	1.8637879277867151
Rb+	2.6771434750000003	1.8636388401624673
Rb+	2.679324705	1.8651489363907894
Rb+	2.6815059350000001	1.8680553486554672
Rb+	2.6836871650000003	1.8695270049122694
Rb+	2.685868395	1.8677877023898861
Rb+	2.6880496250000001	1.8696357411852329
Rb+	2.6902308550000003	1.872528349040298
Rb+	2.692412085	1.8695972481198626
Rb+	2.6945933150000001	1.8682011444589688
Rb+	2.6967745450000002	1.8641371262571043
Rb+	2.6989557749999999	1.8619871956413558
Rb+	2.7011370050000001	1.8616502087641611
Rb+	2.7033182350000002	1.8596227657372062
Rb+	2.7054994649999999	1.8563410859054323
Rb+	2.7076806950000001	1.8501922301887206
Rb+	2.7098619250000002	1.8448883636244704
Rb+	2.7120431549999999	1.8373865164800736
Rb+	2.7142243850000001	1.8332569273323225
Rb+	2.7164056150000002	1.8325334700787637
Rb+	2.7185868449999999	1.8314247105141679
Rb+	2.7207680750000005	1.8290296454393395
Rb+	2.7229493050000002	1.8276712915295019
Rb+	2.7251305349999999	1.8232965679226179
Rb+	2.7273117650000005	1.8211693614889461
Rb+	2.7294929950000002	1.8169945894465629
Rb+	2.7316742249999999	1.8134714386336306
Rb+	2.7338554550000005	1.8114764890632142
Rb+	2.7360366850000002	1.8032191690536725
Rb+	2.7382179149999999	1.7985477037331299
Rb+	2.7403991450000005	1.7913457308415377
Rb+	2.7425803750000002	1.7900054819458682
Rb+	2.7447616049999999	1.7880255048505322
Rb+	2.7469428350000005	1.7849855083754882
Rb+	2.7491240650000002	1.7840797798205936
Rb+	2.7513052949999999	1.7773218841687621
Rb+	2.7534865250000005	1.7706975196333889
Rb+	2.7556677550000002	1.763640864700341
Rb+	2.7578489849999999	1.7599678298549271
Rb+	2.7600302150000005	1.7555800451527848
Rb+	2.7622114450000002	1.7509198888294106
Rb+	2.7643926749999999	1.742699256693176
Rb+	2.7665739050000004	1.7346110407018507
Rb+	2.7687551350000001	1.7240790194508504
Rb+	2.7709363649999998	1.715129355203278
Rb+	2.7731175950000004	1.7063087090920857
Rb+	2.7752988250000001	1.6997013345993648
Rb+	2.7774800549999998	1.6942509820111049
Rb+	2.7796612850000004	1.683207507382452
Rb+	2.7818425150000001	1.6725173194531555
Rb+	2.7840237449999998	1.6627610529307715
Rb+	2.7862049750000004	1.6563137564961425
Rb+	2.7883862050000001	1.6497552283760404
Rb+	2.7905674349999998	1.6403143395203479
Rb+	2.7927486650000004	1.6348841095138582
Rb+	2.7949298950000001	1.6219973745393252
Rb+	2.7971111249999998	1.6107173135667643
Rb+	2.7992923550000004	1.6022908364450534
Rb+	2.8014735850000001	1.5941294039886844
Rb+	2.8036548149999998	1.5862987464251517
Rb+	2.8058360450000004	1.577151413650129
Rb+	2.8080172750000001	1.5674856721987473
Rb+	2.8101985049999998	1.5607641458569634
Rb+	2.8123797350000004	1.552903224779967
Rb+	2.8145609650000001	1.5431361271054009
Rb+	2.8167421949999998	1.5370015536432937
Rb+	2.8189234250000004	1.5282490800782349
Rb+	2.8211046550000001	1.5177455702425555
Rb+	2.8232858849999998	1.5099892441156171
Rb+	2.8254671150000004	1.4984644734350185
Rb+	2.8276483450000001	1.4872141450371028
Rb+	2.8298295749999998	1.478772164501468
Rb+	2.8320108050000004	1.469696030623926
Rb+	2.8341920350000001	1.4584663557466064
Rb+	2.8363732649999998	1.4509786315751885
Rb+	2.8385544950000003	1.4401436566261825
Rb+	2.840735725	1.4311244393915179
Rb+	2.8429169549999997	1.4198216011430296
Rb+	2.8450981850000003	1.4079860719635855
Rb+	2.847279415	1.3960675039507033
Rb+	2.8494606449999997	1.3807130183751033
Rb+	2.8516418750000003	1.3678809701003505
Rb+	2.853823105	1.355788997464672
Rb+	2.8560043349999997	1.3415062119231094
Rb+	2.8581855650000003	1.3272038878325279
Rb+	2.860366795	1.3161238846121934
Rb+	2.8625480249999997	1.3039238128301132
Rb+	2.8647292550000003	1.2925546072275322
Rb+	2.866910485	1.2831944741683334
Rb+	2.8690917150000002	1.2693230600344381
Rb+	2.8712729450000003	1.2589241982427093
Rb+	2.873454175	1.2515439891849587
Rb+	2.8756354050000001	1.2428203986923823
Rb+	2.8778166350000003	1.2325683414879272
Rb+	2.879997865	1.223632800213331
Rb+	2.8821790950000001	1.2174005340059706
Rb+	2.8843603250000003	1.2071727407061754
Rb+	2.886541555	1.1956039551963533
Rb+	2.8887227850000001	1.1848844594434644
Rb+	2.8909040150000003	1.1722451950589108
Rb+	2.893085245	1.1595557569546446
Rb+	2.8952664750000001	1.1479088703424938
Rb+	2.8974477050000003	1.1375955958906285
Rb+	2.899628935	1.126545537620425
Rb+	2.9018101650000001	1.1158315105375298
Rb+	2.9039913950000003	1.1064204073503825
Rb+	2.906172625	1.0933423220204794
Rb+	2.9083538550000001	1.0807197822091505
Rb+	2.9105350850000002	1.0686316323330705
Rb+	2.9127163149999999	1.0567750248819412
Rb+	2.9148975450000001	1.0455729588239246
Rb+	2.9170787750000002	1.0338654920909724
Rb+	2.9192600049999999	1.021978780408024
Rb+	2.9214412350000005	1.0121424483096564
Rb+	2.9236224650000002	1.0021978577832977
Rb+	2.9258036949999999	0.99271895370716301
Rb+	2.9279849250000005	0.9823958568868717
Rb+	2.9301661550000002	0.9730094423554505
Rb+	2.9323473849999999	0.9609743863626159
Rb+	2.9345286150000005	0.94954290163494226
Rb+	2.9367098450000002	0.93873436743982785
Rb+	2.9388910749999999	0.92678962414245636
Rb+	2.9410723050000005	0.91728135914888698
Rb+	2.9432535350000002	0.9059852638235808
Rb+	2.9454347649999999	0.89329816185018007
Rb+	2.9476159950000005	0.88241216367934072
Rb+	2.9497972250000002	0.86787187280388933
Rb+	2.9519784549999999	0.85727651055012732
Rb+	2.9541596850000005	0.84748005195810638
Rb+	2.9563409150000002	0.83707513746367868
Rb+	2.9585221449999999	0.82627090387308777
Rb+	2.9607033750000005	0.815818523447008
Rb+	2.9628846050000002	0.80643014444188665
Rb+	2.9650658349999999	0.79740163577764311
Rb+	2.9672470650000005	0.78471984319257571
Rb+	2.9694282950000002	0.77539953054582134
Rb+	2.9716095249999999	0.76612514410810184
Rb+	2.9737907550000005	0.7559687089874324
Rb+	2.9759719850000002	0.74593943371722116
Rb+	2.9781532149999999	0.73701504215809277
Rb+	2.9803344450000004	0.72692704505297345
Rb+	2.9825156750000001	0.71736871252746826
Rb+	2.9846969049999998	0.70768826407041241
Rb+	2.9868781350000004	0.69739442197981094
Rb+	2.9890593650000001	0.68762105922701577
Rb+	2.9912405949999998	0.67811008644539428
Rb+	2.9934218250000004	0.66741596956873384
Rb+	2.9956030550000001	0.65920484123761136
Rb+	2.9977842849999998	0.65002368765893426
Rb+	2.9999655150000004	0.64001580922368628
Rb+	3.0021467450000001	0.63122978032439236
Rb+	3.0043279749999998	0.62111146661191463
Rb+	3.0065092050000004	0.6109350681911313
Rb+	3.0086904350000001	0.60101203378136558
Rb+	3.0108716649999998	0.59057159947901949
Rb+	3.0130528950000004	0.58226633569284059
Rb+	3.0152341250000001	0.57389300554829326
Rb+	3.0174153549999998	0.56592881686830998
Rb+	3.0195965850000004	0.55691623636905563
Rb+	3.0217778150000001	0.54737069946942096
Rb+	3.0239590449999998	0.5392998451779254
Rb+	3.0261402750000004	0.53293176481715254
Rb+	3.0283215050000001	0.52487306902493092
Rb+	3.0305027349999998	0.51702494357380091
Rb+	3.0326839650000004	0.50857319376364796
Rb+	3.0348651950000001	0.50019832389648544
Rb+	3.0370464249999998	0.4932665457769097
Rb+	3.0392276550000004	0.48694619681720663
Rb+	3.0414088850000001	0.4786624891476382
Rb+	3.0435901149999998	0.4709186931771564
Rb+	3.0457713450000004	0.46416440790939412
Rb+	3.0479525750000001	0.45474040290859036
Rb+	3.0501338049999998	0.44650702824037053
Rb+	3.0523150350000003	0.43863182490877051
Rb+	3.054496265	0.43130593089360297
Rb+	3.0566774949999997	0.42355963951060083
Rb+	3.0588587250000003	0.41636117081530633
Rb+	3.061039955	0.40827720233464676
Rb+	3.0632211849999997	0.40006023367635546
Rb+	3.0654024150000003	0.39293965370783496
Rb+	3.067583645	0.38749981370847375
Rb+	3.0697648749999997	0.38026486951535632
Rb+	3.0719461050000003	0.37345637539276433
Rb+	3.074127335	0.36605657469206937
Rb+	3.0763085650000002	0.36012758074602597
Rb+	3.0784897950000003	0.35418780874168482
Rb+	3.080671025	0.34807293311028364
Rb+	3.0828522550000002	0.34208070434925264
Rb+	3.0850334850000003	0.33499256474341738
Rb+	3.087214715	0.32890089113901005
Rb+	3.0893959450000001	0.32364109249784689
Rb+	3.0915771750000003	0.31577772910221941
Rb+	3.093758405	0.30986184934535677
Rb+	3.0959396350000001	0.30419407730505954
Rb+	3.0981208650000003	0.29812618976036043
Rb+	3.100302095	0.29172890776377891
Rb+	3.1024833250000001	0.2860677193650128
Rb+	3.1046645550000003	0.28139906802031506
Rb+	3.106845785	0.27591186827705627
Rb+	3.1090270150000001	0.27156549680387171
Rb+	3.1112082450000003	0.26764568158897517
Rb+	3.113389475	0.26141952117820622
Rb+	3.1155707050000001	0.2574816009491061
Rb+	3.1177519350000003	0.2511895510291951
Rb+	3.119933165	0.24641025203172856
Rb+	3.1221143950000001	0.24070048272976033
Rb+	3.1242956250000002	0.23602036310627358
Rb+	3.1264768549999999	0.23142641485534296
Rb+	3.1286580850000005	0.22780971262009558
Rb+	3.1308393150000002	0.22310288677331802
Rb+	3.1330205449999999	0.2189012492259543
Rb+	3.1352017750000005	0.21345079044993281
Rb+	3.1373830050000002	0.21026728120838267
Rb+	3.1395642349999999	0.20595186346914737
Rb+	3.1417454650000005	0.20135149085834522
Rb+	3.1439266950000002	0.19786672692305637
Rb+	3.1461079249999999	0.19474746128026865
Rb+	3.1482891550000005	0.19147618784965076
Rb+	3.1504703850000002	0.18750842885814636
Rb+	3.1526516149999999	0.18471372612386092
Rb+	3.1548328450000005	0.18014574078186046
Rb+	3.1570140750000002	0.17585511788612171
Rb+	3.1591953049999999	0.1722707498257916
Rb+	3.1613765350000005	0.16816361939067415
Rb+	3.1635577650000002	0.16452822810851139
Rb+	3.1657389949999999	0.16015414162825339
Rb+	3.1679202250000005	0.15637183957105172
Rb+	3.1701014550000002	0.15270639715095169
Rb+	3.1722826849999999	0.14972443229033278
Rb+	3.1744639150000005	0.14521734563245603
Rb+	3.1766451450000002	0.14222332846033284
Rb+	3.1788263749999999	0.13847532505172946
Rb+	3.1810076050000005	0.13558112438017603
Rb+	3.1831888350000002	0.1326755616175998
Rb+	3.1853700649999999	0.12974185909688379
Rb+	3.1875512950000005	0.127002480188979
Rb+	3.1897325250000002	0.12510575430263315
Rb+	3.1919137549999999	0.12234195220841775
Rb+	3.1940949850000004	0.12033404773048122
Rb+	3.1962762150000001	0.11769321106994617
Rb+	3.1984574449999998	0.11522498262395847
Rb+	3.2006386750000004	0.11367108394196143
Rb+	3.2028199050000001	0.11183143398014314
Rb+	3.2050011349999998	0.10938656684279935
Rb+	3.2071823650000004	0.10682441531728785
Rb+	3.2093635950000001	0.10318727193697681
Rb+	3.2115448249999998	0.10088294430867895
Rb+	3.2137260550000004	0.097886697193458411
Rb+	3.2159072850000001	0.095550619422958741
Rb+	3.2180885149999998	0.09280040936286349
Rb+	3.2202697450000004	0.090180650973991597
Rb+	3.2224509750000001	0.087755322385695847
Rb+	3.2246322049999998	0.085928892800814186
Rb+	3.2268134350000004	0.084456015384704541
Rb+	3.2289946650000001	0.082212586440531005
Rb+	3.2311758949999998	0.080305666528594791
Rb+	3.2333571250000004	0.078691506289073204
Rb+	3.2355383550000001	0.076886685914687558
Rb+	3.2377195849999998	0.07481544043399535
Rb+	3.2399008150000004	0.072060558112172074
Rb+	3.2420820450000001	0.070978292395363421
Rb+	3.2442632749999998	0.069832738769682962
Rb+	3.2464445050000004	0.068466208401785911
Rb+	3.2486257350000001	0.066525945531149377
Rb+	3.2508069649999998	0.064832940874954115
Rb+	3.2529881950000004	0.062721609512385076
Rb+	3.2551694250000001	0.061753336362982095
Rb+	3.2573506549999998	0.05964651798049056
Rb+	3.2595318850000004	0.058311950130328909
Rb+	3.2617131150000001	0.056863973745478281
Rb+	3.2638943449999998	0.055716986584948593
Rb+	3.2660755750000003	0.054303521224230704
Rb+	3.268256805	0.052917399213402938
Rb+	3.2704380349999997	0.051322034208561601
Rb+	3.2726192650000003	0.04981974278111384
Rb+	3.274800495	0.048836444062742193
Rb+	3.2769817250000002	0.047501610743162899
Rb+	3.2791629550000003	0.046614518141297107
Rb+	3.281344185	0.044739348371564042
Rb+	3.2835254150000002	0.043437592541269145
Rb+	3.2857066450000003	0.043032910962898505
Rb+	3.287887875	0.042166471881629308
Rb+	3.2900691050000002	0.041179509685310228
Rb+	3.2922503350000003	0.039955058549074204
Rb+	3.294431565	0.03893687714938663
Rb+	3.2966127950000002	0.037226139136175063
Rb+	3.2987940250000003	0.036090407878902345
Rb+	3.300975255	0.03501578768128584
Rb+	3.3031564850000001	0.034106023991258574
Rb+	3.3053377150000003	0.033512115812873187
Rb+	3.307518945	0.032883271859287161
Rb+	3.3097001750000001	0.031705118589272267
Rb+	3.3118814050000003	0.030842661549249348
Rb+	3.314062635	0.030113523250144703
Rb+	3.3162438650000001	0.029280055470392887
Rb+	3.3184250950000003	0.028350540855785512
Rb+	3.320606325	0.027459572400439197
Rb+	3.3227875550000001	0.02714907937100949
Rb+	3.3249687850000003	0.026227794308310622
Rb+	3.327150015	0.02554038780146534
Rb+	3.3293312450000005	0.025017041393960344
Rb+	3.3315124750000003	0.02462085483691482
Rb+	3.333693705	0.02422758844344873
Rb+	3.3358749350000005	0.023267651033720492
Rb+	3.3380561650000002	0.022502037236802712
Rb+	3.3402373949999999	0.021645951462772445
Rb+	3.3424186250000005	0.021253481477556228
Rb+	3.3445998550000002	0.020894142075508011
Rb+	3.3467810849999999	0.020459250077549396
Rb+	3.3489623150000005	0.020268696130452488
Rb+	3.3511435450000002	0.01976133098181514
Rb+	3.3533247749999999	0.01906208453899863
Rb+	3.3555060050000005	0.018319035642475105
Rb+	3.3576872350000002	0.017574022272270094
Rb+	3.3598684649999999	0.01682608873848452
Rb+	3.3620496950000005	0.016167140553078791
Rb+	3.3642309250000002	0.01571977149254945
Rb+	3.3664121549999999	0.015573657125758845
Rb+	3.3685933850000005	0.015047815305739631
Rb+	3.3707746150000002	0.014737056806893406
Rb+	3.3729558449999999	0.014567581131458982
Rb+	3.3751370750000005	0.014247955954104861
Rb+	3.3773183050000002	0.013977814275968937
Rb+	3.3794995349999999	0.013457388032044307
Rb+	3.3816807650000005	0.013050901261641761
Rb+	3.3838619950000002	0.012644255209589303
Rb+	3.3860432249999999	0.012391262855753232
Rb+	3.3882244550000005	0.011954618759646828
Rb+	3.3904056850000002	0.011707360545205221
Rb+	3.3925869149999999	0.011423148987999683
Rb+	3.3947681450000005	0.010934366698510908
Rb+	3.3969493750000002	0.010533348598086271
Rb+	3.3991306049999999	0.0099400775462995371
Rb+	3.4013118350000004	0.0097220740615460641
Rb+	3.4034930650000002	0.0095850387487966694
Rb+	3.4056742949999999	0.0093217461816039963
Rb+	3.4078555250000004	0.0089770606913409969
Rb+	3.4100367550000001	0.008830203010184532
Rb+	3.4122179849999998	0.0084459625768767647
Rb+	3.4143992150000004	0.0083679676623363859
Rb+	3.4165804450000001	0.0080993657068156137
Rb+	3.4187616749999998	0.0078762121153837031
Rb+	3.4209429050000004	0.0076402098041977728
Rb+	3.4231241350000001	0.0073844034745478371
Rb+	3.4253053649999998	0.0071673025858100259
Rb+	3.4274865950000004	0.0070821930909099372
Rb+	3.4296678250000001	0.0069737222873659686
Rb+	3.4318490549999998	0.0068109895351083499
Rb+	3.4340302850000004	0.0067845487812342583
Rb+	3.4362115150000001	0.0065077172738048942
Rb+	3.4383927449999998	0.0062663524804074918
Rb+	3.4405739750000004	0.0061126456883077961
Rb+	3.4427552050000001	0.0060012547211833519
Rb+	3.4449364349999998	0.0059881936258960808
Rb+	3.4471176650000004	0.0057472535835649775
Rb+	3.4492988950000001	0.0054704751700188807
Rb+	3.4514801249999998	0.0051941215075390111
Rb+	3.4536613550000004	0.0049888605547730464
Rb+	3.4558425850000001	0.0046389718639484705
Rb+	3.4580238149999998	0.0044706642539462261
Rb+	3.4602050450000004	0.0042117784790659772
Rb+	3.4623862750000001	0.0041413228959515215
Rb+	3.4645675049999998	0.0038791453003077384
Rb+	3.4667487350000004	0.0038406522349287448
Rb+	3.4689299650000001	0.0036564695538254897
Rb+	3.4711111949999998	0.0036283297956862712
Rb+	3.4732924250000003	0.0034859320007255053
Rb+	3.4754736550000001	0.0033337649312409601
Rb+	3.4776548850000002	0.0031765539428445988
Rb+	3.4798361150000003	0.0030413238221268304
Rb+	3.482017345	0.0030443501734738867
Rb+	3.4841985750000002	0.0029863716529305172
Rb+	3.4863798050000003	0.0028742373714401607
Rb+	3.488561035	0.0026087679550330523
Rb+	3.4907422650000002	0.0024258595271284713
Rb+	3.4929234950000003	0.0022848421731330153
Rb+	3.495104725	0.0021948480409710448
Rb+	3.4972859550000002	0.0021816276640339439
Rb+	3.4994671850000003	0.0020004713342777207
Rb+	3.501648415	0.0021326220097651278
Rb+	3.5038296450000002	0.0021454707295192415
Rb+	3.5060108750000003	0.0022150237166179672
Rb+	3.508192105	0.002181043631317815
Rb+	3.5103733350000002	0.0022137494634191933
Rb+	3.5125545650000003	0.0021856627991633619
Rb+	3.514735795	0.0021928304734063191
Rb+	3.5169170250000001	0.0020521316827105318
Rb+	3.5190982550000003	0.0020720949828243952
Rb+	3.521279485	0.0020077982901705481
Rb+	3.5234607150000001	0.0018730991082855685
Rb+	3.5256419450000003	0.0017275687742112009
Rb+	3.527823175	0.0016061430631465385
Rb+	3.5300044050000006	0.0014181376224470007
Rb+	3.5321856350000003	0.0012222211931385539
Rb+	3.534366865	0.0010817347779758413
Rb+	3.5365480950000006	0.0010419143655147839
Rb+	3.5387293250000003	0.0010304460867260352
Rb+	3.540910555	0.0010254552616975328
Rb+	3.5430917850000005	0.0009756001052962695
Rb+	3.5452730150000002	0.00094268189766181273
Rb+	3.547454245	0.0009272846715101769
Rb+	3.5496354750000005	0.00090769302857933594
Rb+	3.5518167050000002	0.00090732137139635963
Rb+	3.5539979349999999	0.00085220992055022853
Rb+	3.5561791650000005	0.00084743147105490271
Rb+	3.5583603950000002	0.0007916297997261157
Rb+	3.5605416249999999	0.00077012677699712646
Rb+	3.5627228550000005	0.00080808890354334951
Rb+	3.5649040850000002	0.00076370241712007156
Rb+	3.5670853149999999	0.00073694309994622393
Rb+	3.5692665450000005	0.000786957537997338
Rb+	3.5714477750000002	0.00078207290073544291
Rb+	3.5736290049999999	0.00072945686240354351
Rb+	3.5758102350000005	0.0007325894015171525
Rb+	3.5779914650000002	0.00072589957222368934
Rb+	3.5801726949999999	0.00074081895342576495
Rb+	3.5823539250000005	0.00068560131481307923
Rb+	3.5845351550000002	0.00067333662777506996
Rb+	3.5867163849999999	0.00065310785824484498
Rb+	3.5888976150000005	0.00057049377585894365
Rb+	3.5910788450000002	0.00058058161368241721
Rb+	3.5932600749999999	0.00052339950138832162
Rb+	3.5954413050000005	0.0004977551557633985
Rb+	3.5976225350000002	0.0004188576452072004
Rb+	3.5998037649999999	0.00043972354133680084
Rb+	3.6019849950000005	0.0003656575741592113
Rb+	3.6041662250000002	0.00039767318577791603
Rb+	3.6063474549999999	0.00040319494963917952
Rb+	3.6085286850000005	0.00038578015592287537
Rb+	3.6107099150000002	0.00037372784441799134
Rb+	3.6128911449999999	0.00037070149307094283
Rb+	3.6150723750000004	0.00034898609480884239
Rb+	3.6172536050000001	0.00031612098105764086
Rb+	3.6194348349999999	0.00033682759553739213
Rb+	3.6216160650000004	0.00030417485731931243
Rb+	3.6237972950000001	0.00028729100243581588
Rb+	3.6259785250000003	0.00024885103094005859
Rb+	3.6281597550000004	0.00017887329277513136
Rb+	3.6303409850000001	0.00015253872666755192
Rb+	3.6325222150000003	0.00013236305102060834
Rb+	3.6347034450000004	0.00013857503536454307
Rb+	3.6368846750000001	0.00019246532689519571
Rb+	3.6390659050000003	0.00022899391859282025
Rb+	3.6412471350000004	0.00023860391146676295
Rb+	3.6434283650000001	0.00023648015613551081
Rb+	3.6456095950000003	0.00020446454451680278
Rb+	3.6477908250000004	0.0002303212656748628
Rb+	3.6499720550000001	0.00022575519171265997
Rb+	3.6521532850000002	0.00024678036949210113
Rb+	3.6543345150000004	0.00024088694844785533
Rb+	3.6565157450000001	0.00024035600961503639
Rb+	3.6586969750000002	0.0002689205188204468
Rb+	3.6608782050000004	0.00025697439508212233
Rb+	3.6630594350000001	0.00024640871230911104
Rb+	3.6652406650000002	0.00021051724721085939
Rb+	3.6674218950000004	0.00017807688452590268
Rb+	3.6696031250000001	0.00011574466555351308
Rb+	3.6717843550000002	8.7020874698251754e-05
Rb+	3.6739655850000004	0.00015906927431116064
Rb+	3.6761468150000001	0.00018412958721998807
Rb+	3.6783280450000002	0.00019400504951033374
Rb+	3.6805092750000004	0.00021295956584180717
Rb+	3.6826905050000001	0.00019458908222643587
Rb+	3.6848717350000002	0.00018025373374044997
Rb+	3.6870529650000003	0.00013714150051592728
Rb+	3.689234195	0.00013188520607106325
Rb+	3.6914154250000002	0.00015593673519755593
Rb+	3.6935966550000003	0.0001341151491688888
Rb+	3.695777885	0.00015174231841831731
Rb+	3.6979591150000002	0.00013868122313108165
Rb+	3.7001403450000003	0.00016002496421021887
Rb+	3.702321575	0.00015471557588207614
Rb+	3.7045028050000002	0.00014091116622890496
Rb+	3.7066840350000003	0.0001004536271684538
Rb+	3.708865265	7.9747012688698813e-05
Rb+	3.7110464950000002	6.9712268748514192e-05
Rb+	3.7132277250000003	7.6455191925265271e-05
Rb+	3.715408955	0.00011569157167023356
Rb+	3.7175901850000002	0.00011834626583430704
Rb+	3.7197714150000003	0.00011165643654084822
Rb+	3.721952645	0.00011324925303929424
Rb+	3.7241338750000001	0.00010847080354396848
Rb+	3.7263151050000003	9.7321088054870875e-05
Rb+	3.728496335	9.4454018357672167e-05
Rb+	3.7306775650000001	7.6667567458393727e-05
Rb+	3.7328587950000003	7.3269558928385203e-05
Rb+	3.735040025	7.5711877559329248e-05
Rb+	3.7372212550000001	6.4296692653822084e-05
Rb+	3.7394024850000003	6.2756970038662453e-05
Rb+	3.741583715	5.3465540464410941e-05
Rb+	3.7437649450000001	6.0155369757869982e-05
Rb+	3.7459461750000003	4.4970519139377101e-05
Rb+	3.748127405	4.0192069644046129e-05
Rb+	3.7503086350000001	3.1166109486200399e-05
Rb+	3.7524898650000003	4.720046223719326e-05
Rb+	3.754671095	4.1891073909048562e-05
Rb+	3.7568523250000001	4.804996436969452e-05
Rb+	3.7590335550000002	4.2475106625143071e-05
Rb+	3.7612147849999999	3.424555471651998e-05
Rb+	3.7633960150000001	3.8015220429501916e-05
Rb+	3.7655772450000002	4.5235988555777489e-05
Rb+	3.7677584749999999	4.1784886142484401e-05
Rb+	3.7699397050000001	3.67409672307484e-05
Rb+	3.7721209350000002	3.0104231820569504e-05
Rb+	3.7743021649999999	2.1874679911947714e-05
Rb+	3.7764833950000001	1.2052311504883016e-05
Rb+	3.7786646250000002	1.5291038385052095e-05
Rb+	3.7808458549999999	8.3888335584668812e-06
Rb+	3.7830270850000001	0
Rb+	3.7852083150000002	0
Rb+	3.7873895449999999	0
Rb+	3.7895707750000001	0
Rb+	3.7917520050000002	1.8438057648926501e-07
Rb+	3.7939332349999999	6.7380964600831551e-06
Rb+	3.796114465	1.5029430341978383e-05
Rb+	3.7982956950000002	2.5058382222174961e-05
Rb+	3.8004769249999999	3.6824952100672877e-05
Rb+	3.802658155	5.0329139977472212e-05
Rb+	3.8048393850000002	6.5570945852572843e-05
Cs+	1.7091295	1.868676743437992e-05
Cs+	1.7112824999999998	1.6271359940678124e-05
Cs+	1.7134355000000001	1.426825529085145e-05
Cs+	1.7155885	1.2677453484899898e-05
Cs+	1.7177414999999998	1.1498954522823464e-05
Cs+	1.7198945000000001	1.0732758404622154e-05
Cs+	1.7220475	1.0378865130295962e-05
Cs+	1.7242004999999998	1.0437274699844892e-05
Cs+	1.7263535000000001	1.0907987113268945e-05
Cs+	1.7285064999999999	1.1791002370568117e-05
Cs+	1.7306594999999998	1.3086320471742247e-05
Cs+	1.7328125000000001	1.6157117694353742e-05
Cs+	1.7349654999999999	1.781062389114469e-05
Cs+	1.7371185	1.8046839062115092e-05
Cs+	1.7392715000000001	8.7872043600880872e-06
Cs+	1.7414244999999999	2.3716003165397585e-05
Cs+	1.7435775	2.9148952097709665e-05
Cs+	1.7457305000000001	3.3164610004201207e-05
Cs+	1.7478834999999999	3.5762976884872197e-05
Cs+	1.7500365	3.6944052739722641e-05
Cs+	1.7521895000000001	2.8629278721575679e-05
Cs+	1.7543424999999999	2.3385301926038919e-05
Cs+	1.7564955	2.8818250858351176e-05
Cs+	1.7586485000000001	2.3810489233785649e-05
Cs+	1.7608014999999999	2.9007222995127635e-05
Cs+	1.7629545	2.3290815857650829e-05
Cs+	1.7651075000000001	3.2266992354514411e-05
Cs+	1.7672604999999999	4.289667504816843e-05
Cs+	1.7694135	4.2140786501063454e-05
Cs+	1.7715665	3.4487414961633181e-05
Cs+	1.7737194999999999	5.3148413468271367e-05
Cs+	1.7758725	6.3967068298700957e-05
Cs+	1.7780255	7.4549507958161624e-05
Cs+	1.7801784999999999	8.4423302104711826e-05
Cs+	1.7823315000000002	8.5037461549232907e-05
Cs+	1.7844845	0.00010152528048294601
Cs+	1.7866374999999999	0.00012845380997353648
Cs+	1.7887905000000002	0.00014782345399308398
Cs+	1.7909435	0.00014347709484723484
Cs+	1.7930964999999999	0.0001567051444215596
Cs+	1.7952495000000002	0.00015335088899378341
Cs+	1.7974025	0.00016709861194424223
Cs+	1.7995554999999999	0.00013691031309426654
Cs+	1.8017085000000002	0.00014536681621499456
Cs+	1.8038615	0.00016903557634619695
Cs+	1.8060144999999999	0.00015807519241318476
Cs+	1.8081675000000001	0.00015065803604472229
Cs+	1.8103205	0.00014272120630012843
Cs+	1.8124734999999998	0.00014092597100075633
Cs+	1.8146265000000001	0.00016001215681513882
Cs+	1.8167795	0.00019142877455416104
Cs+	1.8189324999999998	0.0002221367467802725
Cs+	1.8210855000000001	0.00025525411375027971
Cs+	1.8232385	0.00026205711067421827
Cs+	1.8253914999999998	0.00026007290323806938
Cs+	1.8275445000000001	0.00027443478563304998
Cs+	1.8296975	0.00028851320982286834
Cs+	1.8318504999999998	0.00028024567883891632
Cs+	1.8340035000000001	0.00026838767725621859
Cs+	1.8361565	0.00032153609072448563
Cs+	1.8383094999999998	0.00032914221922972269
Cs+	1.8404625000000001	0.00033651213256399046
Cs+	1.8426155	0.00030136331512363429
Cs+	1.8447684999999998	0.00039334550269938822
Cs+	1.8469215000000001	0.000410305751975044
Cs+	1.8490745	0.00046931230168337196
Cs+	1.8512274999999998	0.00051773641173224062
Cs+	1.8533805000000001	0.00054934200160804245
Cs+	1.8555334999999999	0.00061893099097582957
Cs+	1.8576865	0.00065152868456970177
Cs+	1.8598395000000001	0.00063593848328567901
Cs+	1.8619924999999999	0.00065426878055295447
Cs+	1.8641455	0.00061302561170157937
Cs+	1.8662985000000001	0.00062521431452363611
Cs+	1.8684514999999999	0.00059238040575879385
Cs+	1.8706045	0.00055808196293392865
Cs+	1.8727575000000001	0.00056171967656687362
Cs+	1.8749104999999999	0.00052732674767363139
Cs+	1.8770635	0.00055047583442869186
Cs+	1.8792165000000001	0.00060768714883764998
Cs+	1.8813694999999999	0.00068530745401842422
Cs+	1.8835225	0.00071407846184257367
Cs+	1.8856755000000001	0.00072588922039108252
Cs+	1.8878284999999999	0.00086568135857119236
Cs+	1.8899815000000002	0.00096531691768637126
Cs+	1.8921345000000001	0.0011176284599278888
Cs+	1.8942874999999999	0.0011500844244191853
Cs+	1.8964405000000002	0.0011639738764722153
Cs+	1.8985935	0.0012946008660186816
Cs+	1.9007464999999999	0.0013831343120982776
Cs+	1.9028995000000002	0.0013701897207291079
Cs+	1.9050525	0.0014397787100969041
Cs+	1.9072054999999999	0.0014538098912525387
Cs+	1.9093585000000002	0.0015912398777229294
Cs+	1.9115115	0.0015721064488743585
Cs+	1.9136644999999999	0.0016104205496057075
Cs+	1.9158175000000002	0.001682655148888356
Cs+	1.9179705	0.0017095836783789511
Cs+	1.9201234999999999	0.0017212054647906803
Cs+	1.9222765000000002	0.0017586691909065235
Cs+	1.9244295	0.0019158467656700277
Cs+	1.9265824999999999	0.0019287441140049995
Cs+	1.9287355000000002	0.0020099076467503113
Cs+	1.9308885	0.0021810691596352468
Cs+	1.9330414999999999	0.0023148141894385153
Cs+	1.9351945000000002	0.0024394413136423188
Cs+	1.9373475	0.0025737532598559226
Cs+	1.9395004999999998	0.002853337536216121
Cs+	1.9416535000000001	0.0030723562427395802
Cs+	1.9438065	0.0032421949506670888
Cs+	1.9459594999999998	0.0033932309309853705
Cs+	1.9481125000000001	0.0034901736371514857
Cs+	1.9502655	0.0037109403359401483
Cs+	1.9524184999999998	0.0038983534525878264
Cs+	1.9545715000000001	0.0039344471307120737
Cs+	1.9567245	0.0040814674531238319
Cs+	1.9588774999999998	0.0041288994594546324
Cs+	1.9610305000000001	0.0041369780183018266
Cs+	1.9631835	0.004060775004146833
Cs+	1.9653364999999998	0.0042343459117756598
Cs+	1.9674895000000001	0.0043878857729062488
Cs+	1.9696425	0.0044540732638120688
Cs+	1.9717954999999998	0.0045581969111756337
Cs+	1.9739485000000001	0.0047604915835944527
Cs+	1.9761015	0.0048908351149357515
Cs+	1.9782545	0.0050777758012414314
Cs+	1.9804075000000001	0.0052450633853224453
Cs+	1.9825604999999999	0.0053595332571746389
Cs+	1.9847135	0.0054993726383888667
Cs+	1.9868665000000001	0.0057431939378641801
Cs+	1.9890194999999999	0.0059879128549892848
Cs+	1.9911725000000002	0.0061773574221072212
Cs+	1.9933255000000001	0.0066748265721703398
Cs+	1.9954784999999999	0.0069212934815604497
Cs+	1.9976315000000002	0.0073687795014461379
Cs+	1.9997845000000001	0.0076531825672940769
Cs+	2.0019374999999999	0.0078756027722796766
Cs+	2.0040905000000002	0.0081924145595846758
Cs+	2.0062435000000001	0.0087347645921320854
Cs+	2.0083964999999999	0.0091905181430017198
Cs+	2.0105494999999998	0.009548809314329082
Cs+	2.0127025000000001	0.0099922324332740921
Cs+	2.0148555000000004	0.01055154271509723
Cs+	2.0170085000000002	0.01119111891201582
Cs+	2.0191615000000001	0.0116298649705758
Cs+	2.0213144999999999	0.01211386985589339
Cs+	2.0234674999999998	0.012327077669210946
Cs+	2.0256205	0.012776736868669637
Cs+	2.0277735000000003	0.013439273180206653
Cs+	2.0299265000000002	0.013830776204572437
Cs+	2.0320795	0.014199224628251843
Cs+	2.0342324999999999	0.014723055391394882
Cs+	2.0363854999999997	0.015238996567827703
Cs+	2.0385385	0.015708450598613755
Cs+	2.0406915000000003	0.016170487473031118
Cs+	2.0428445000000002	0.016637343136936357
Cs+	2.0449975	0.017265817220819692
Cs+	2.0471504999999999	0.018227071237565114
Cs+	2.0493034999999997	0.018935055347996624
Cs+	2.0514565	0.019307991859924302
Cs+	2.0536095000000003	0.019850200163368907
Cs+	2.0557625000000002	0.020583317567991647
Cs+	2.0579155	0.02120253201717304
Cs+	2.0600684999999999	0.02178130642908363
Cs+	2.0622215000000002	0.022495668349131335
Cs+	2.0643745	0.02307779701647017
Cs+	2.0665275000000003	0.023626430372565128
Cs+	2.0686805000000001	0.024497544680068595
Cs+	2.0708335	0.025121625161772083
Cs+	2.0729864999999998	0.025632558576580013
Cs+	2.0751395000000001	0.026812169897370442
Cs+	2.0772925	0.028088157007916829
Cs+	2.0794455000000003	0.028872816562845106
Cs+	2.0815985000000001	0.030215936024981054
Cs+	2.0837515	0.031468726805738215
Cs+	2.0859044999999998	0.032806791263215264
Cs+	2.0880575000000001	0.033990134783707042
Cs+	2.0902105	0.035050079498884272
Cs+	2.0923635000000003	0.035621720212631686
Cs+	2.0945165000000001	0.036341467838577529
Cs+	2.0966695	0.037446104464102306
Cs+	2.0988224999999998	0.038317313257673999
Cs+	2.1009755000000001	0.039512939967056224
Cs+	2.1031285	0.040480524550384187
Cs+	2.1052815000000002	0.041778904859138162
Cs+	2.1074345000000001	0.042800724445721222
Cs+	2.1095874999999999	0.044122442813366469
Cs+	2.1117404999999998	0.045395264640621491
Cs+	2.1138935000000001	0.046855310612387652
Cs+	2.1160464999999999	0.0485157142921709
Cs+	2.1181995000000002	0.050473087684897236
Cs+	2.1203525000000001	0.052027808697188954
Cs+	2.1225054999999999	0.053402392020097209
Cs+	2.1246584999999998	0.055616342331531329
Cs+	2.1268115000000001	0.057207204264980743
Cs+	2.1289645000000004	0.058735091233849929
Cs+	2.1311175000000002	0.060190223930059655
Cs+	2.1332705000000001	0.061518792537664818
Cs+	2.1354234999999999	0.063051687268157103
Cs+	2.1375764999999998	0.064795805604531687
Cs+	2.1397295000000001	0.066415296816702746
Cs+	2.1418825000000004	0.068022882784257388
Cs+	2.1440355000000002	0.070393113052805309
Cs+	2.1461885000000001	0.072089279709474333
Cs+	2.1483414999999999	0.07447472223503171
Cs+	2.1504944999999998	0.076192384472257624
Cs+	2.1526475	0.078280857284872857
Cs+	2.1548005000000003	0.080210829717766316
Cs+	2.1569535000000002	0.082541895510967397
Cs+	2.1591065	0.084313651022347197
Cs+	2.1612594999999999	0.086679204230508761
Cs+	2.1634124999999997	0.089092378417139059
Cs+	2.1655655	0.091821797474664624
Cs+	2.1677185000000003	0.094149697984574288
Cs+	2.1698715000000002	0.096714616797035802
Cs+	2.1720245	0.099278071075439303
Cs+	2.1741774999999999	0.10229387740624721
Cs+	2.1763305000000002	0.10540289424352131
Cs+	2.1784835	0.10831339585111271
Cs+	2.1806365000000003	0.11157014165631095
Cs+	2.1827895000000002	0.11380152464736272
Cs+	2.1849425	0.11718313379193858
Cs+	2.1870954999999999	0.12134519786139582
Cs+	2.1892485000000002	0.12450750484124078
Cs+	2.1914015	0.1273117568649299
Cs+	2.1935545000000003	0.12963819284077946
Cs+	2.1957075000000001	0.13244017719882861
Cs+	2.1978605	0.13478168370258431
Cs+	2.2000134999999998	0.13821488224049733
Cs+	2.2021665000000001	0.14132446599418194
Cs+	2.2043195	0.14461054972361603
Cs+	2.2064725000000003	0.14768418152827825
Cs+	2.2086255000000001	0.15095382468181437
Cs+	2.2107785	0.15430463136809094
Cs+	2.2129314999999998	0.15804566551681223
Cs+	2.2150845000000001	0.16184702902020004
Cs+	2.2172375000000004	0.16585267140344351
Cs+	2.2193905000000003	0.16932271950802777
Cs+	2.2215435000000001	0.17279994855381295
Cs+	2.2236965	0.17702328683861848
Cs+	2.2258494999999998	0.18104617292934125
Cs+	2.2280025000000001	0.18637258881954635
Cs+	2.2301555000000004	0.19211729453450593
Cs+	2.2323085000000003	0.19533279717085289
Cs+	2.2344615000000001	0.19977609902287197
Cs+	2.2366144999999999	0.20428161995091818
Cs+	2.2387674999999998	0.20912275539388153
Cs+	2.2409205000000001	0.21349656274259543
Cs+	2.2430735000000004	0.21834350907876851
Cs+	2.2452265000000002	0.22269723813795184
Cs+	2.2473795000000001	0.22734373228003985
Cs+	2.2495324999999999	0.23237275326998946
Cs+	2.2516854999999998	0.23766869740313851
Cs+	2.2538385000000001	0.24304514366655172
Cs+	2.2559915000000004	0.24790786917614577
Cs+	2.2581445000000002	0.25262149566981912
Cs+	2.2602975000000001	0.25785592937245205
Cs+	2.2624504999999999	0.26228118438540166
Cs+	2.2646034999999998	0.26737946366348286
Cs+	2.2667565000000001	0.27379752434480542
Cs+	2.2689095000000004	0.27966775480162154
Cs+	2.2710625000000002	0.28536035144986333
Cs+	2.2732155000000001	0.29038427019212831
Cs+	2.2753684999999999	0.29411179283306593
Cs+	2.2775214999999998	0.3000266679571908
Cs+	2.2796745	0.30477076620792071
Cs+	2.2818275000000003	0.31020121125941857
Cs+	2.2839805000000002	0.31544183379952634
Cs+	2.2861335	0.32185781578735317
Cs+	2.2882864999999999	0.32839828317027064
Cs+	2.2904394999999997	0.33667044397157464
Cs+	2.2925925	0.34444797020486828
Cs+	2.2947455000000003	0.35078269417387387
Cs+	2.2968985000000002	0.35787675543148167
Cs+	2.2990515	0.36450476415677224
Cs+	2.3012044999999999	0.37216800949034451
Cs+	2.3033575000000002	0.38088368789666216
Cs+	2.3055105	0.38841975498219072
Cs+	2.3076635000000003	0.39723327371232225
Cs+	2.3098165000000002	0.40613315270896794
Cs+	2.3119695	0.41320066338135752
Cs+	2.3141224999999999	0.42122059362309477
Cs+	2.3162755000000002	0.4286829143322457
Cs+	2.3184285	0.43530218309620572
Cs+	2.3205815000000003	0.44241608642817365
Cs+	2.3227345000000001	0.44852550836711674
Cs+	2.3248875	0.45726192646543773
Cs+	2.3270404999999998	0.4657326024964239
Cs+	2.3291935000000001	0.47317172687578585
Cs+	2.3313465000000004	0.48063116575985287
Cs+	2.3334995000000003	0.48948446312477628
Cs+	2.3356525000000001	0.49709507971826927
Cs+	2.3378055	0.50461239131921332
Cs+	2.3399584999999998	0.51327241743124963
Cs+	2.3421115000000001	0.52220172883819416
Cs+	2.3442645000000004	0.53273357120803511
Cs+	2.3464175000000003	0.54165074115518919
Cs+	2.3485705000000001	0.54988600514679697
Cs+	2.3507235	0.56021385209497676
Cs+	2.3528764999999998	0.56984325802564029
Cs+	2.3550295000000001	0.57790041577832052
Cs+	2.3571825000000004	0.58627211765268039
Cs+	2.3593355000000003	0.5945157436613302
Cs+	2.3614885000000001	0.60265524602262743
Cs+	2.3636415	0.61139213655128843
Cs+	2.3657944999999998	0.6209961729725898
Cs+	2.3679475000000001	0.63210990779458798
Cs+	2.3701005000000004	0.64141475408034876
Cs+	2.3722535000000002	0.65057409182078108
Cs+	2.3744065000000001	0.65996544010215241
Cs+	2.3765594999999999	0.67133896436918072
Cs+	2.3787124999999998	0.68146702052576191
Cs+	2.3808655000000001	0.69156654188968214
Cs+	2.3830185000000004	0.70180495777415186
Cs+	2.3851715000000002	0.71365842402556656
Cs+	2.3873245000000001	0.72476715108595968
Cs+	2.3894774999999999	0.73447039787905766
Cs+	2.3916304999999998	0.74700279377487522
Cs+	2.3937835000000001	0.76038036755242477
Cs+	2.3959365000000004	0.77170834953449652
Cs+	2.3980895000000002	0.77965089568622847
Cs+	2.4002425000000001	0.79068252211481838
Cs+	2.4023954999999999	0.80049532550421187
Cs+	2.4045484999999998	0.81104408088029156
Cs+	2.4067015	0.82092973302842542
Cs+	2.4088545000000003	0.83096339760268401
Cs+	2.4110075000000002	0.84002243838152379
Cs+	2.4131605	0.84968085153519823
Cs+	2.4153134999999999	0.86042368129573488
Cs+	2.4174665000000002	0.86968577263554114
Cs+	2.4196195	0.88135220371458467
Cs+	2.4217725000000003	0.89136153812623331
Cs+	2.4239255000000002	0.90240695952080718
Cs+	2.4260785	0.91547301273087933
Cs+	2.4282314999999999	0.92831674022202404
Cs+	2.4303845000000002	0.93922260569357818
Cs+	2.4325375	0.9514541107046175
Cs+	2.4346905000000003	0.96438788341894521
Cs+	2.4368435000000002	0.9764446836895464
Cs+	2.4389965	0.98898402431137478
Cs+	2.4411494999999999	0.99843688302325373
Cs+	2.4433025000000002	1.0114168594250286
Cs+	2.4454555000000004	1.0196573201503925
Cs+	2.4476085000000003	1.0285887102508378
Cs+	2.4497615000000001	1.0385236368836508
Cs+	2.4519145	1.0494002116739858
Cs+	2.4540674999999998	1.0595735266573241
Cs+	2.4562205000000001	1.0731330333595583
Cs+	2.4583735000000004	1.0855867223604139
Cs+	2.4605265000000003	1.0972044458712
Cs+	2.4626795000000001	1.1105453590542327
Cs+	2.4648325	1.1236818516282723
Cs+	2.4669854999999998	1.135275197733415
Cs+	2.4691385000000001	1.1473911935258327
Cs+	2.4712915000000004	1.1582470286241904
Cs+	2.4734445000000003	1.170042622158717
Cs+	2.4755975000000001	1.1820152353423892
Cs+	2.4777505	1.1956157017552471
Cs+	2.4799034999999998	1.2081583021464506
Cs+	2.4820565000000001	1.2218911907841574
Cs+	2.4842095000000004	1.2316817899475092
Cs+	2.4863625000000003	1.2436674894516324
Cs+	2.4885155000000001	1.2514496455022961
Cs+	2.4906685	1.2617998856486727
Cs+	2.4928214999999998	1.2742012766106701
Cs+	2.4949745000000001	1.2861030724860503
Cs+	2.4971275000000004	1.2953820768321156
Cs+	2.4992805000000002	1.3055860525446457
Cs+	2.5014335000000001	1.3150468953293264
Cs+	2.5035864999999999	1.3262646120695727
Cs+	2.5057394999999998	1.3352352138884007
Cs+	2.5078925000000001	1.3445579180410767
Cs+	2.5100455000000004	1.351879171050117
Cs+	2.5121985000000002	1.3608632843767245
Cs+	2.5143515000000001	1.3693796444218009
Cs+	2.5165044999999999	1.3784071268537783
Cs+	2.5186574999999998	1.3884841132903971
Cs+	2.5208105000000001	1.4010600672637425
Cs+	2.5229635000000004	1.409424399224753
Cs+	2.5251165000000002	1.4220963982866333
Cs+	2.5272695000000001	1.4304578956655958
Cs+	2.5294224999999999	1.4416989504647353
Cs+	2.5315755000000002	1.4519755387208262
Cs+	2.5337285000000001	1.4646891588958149
Cs+	2.5358815000000003	1.4779936949424961
Cs+	2.5380345000000002	1.4866138951767287
Cs+	2.5401875	1.4948494898695661
Cs+	2.5423404999999999	1.5032929539128395
Cs+	2.5444935000000002	1.51359925803744
Cs+	2.5466465000000005	1.5248554778505792
Cs+	2.5487995000000003	1.5335618966221924
Cs+	2.5509525000000002	1.5430109758913619
Cs+	2.5531055	1.5513384110426476
Cs+	2.5552584999999999	1.5598562356217593
Cs+	2.5574115000000002	1.5697579031584894
Cs+	2.5595645000000005	1.5807217358330026
Cs+	2.5617175000000003	1.5918648558222757
Cs+	2.5638705000000002	1.5996455473388851
Cs+	2.5660235	1.6072866356894004
Cs+	2.5681764999999999	1.6169290334544675
Cs+	2.5703295000000002	1.6257768033843705
Cs+	2.5724825000000004	1.6327770399760926
Cs+	2.5746355000000003	1.6432575764107944
Cs+	2.5767885000000001	1.6547962623254016
Cs+	2.5789415	1.6631107528853173
Cs+	2.5810944999999998	1.669182900070274
Cs+	2.5832475000000001	1.6776894808072271
Cs+	2.5854005000000004	1.6842687819642801
Cs+	2.5875535000000003	1.6947719478123615
Cs+	2.5897065000000001	1.7010647672100658
Cs+	2.5918595	1.7050577957031512
Cs+	2.5940124999999998	1.7124281342247256
Cs+	2.5961655000000001	1.7193596794446837
Cs+	2.5983185000000004	1.7254215748912445
Cs+	2.6004715000000003	1.733890455686931
Cs+	2.6026245000000001	1.7401729761031821
Cs+	2.6047775	1.745843840955668
Cs+	2.6069304999999998	1.7520080648142693
Cs+	2.6090835000000001	1.7596342243660024
Cs+	2.6112365000000004	1.7680057372682083
Cs+	2.6133895000000003	1.774399184328719
Cs+	2.6155425000000001	1.7800292784427523
Cs+	2.6176955	1.7896602433935176
Cs+	2.6198484999999998	1.7963278890244916
Cs+	2.6220015000000001	1.7996614992463233
Cs+	2.6241545000000004	1.8047052128199039
Cs+	2.6263075000000002	1.8111422179579428
Cs+	2.6284605000000001	1.8117447083730505
Cs+	2.6306134999999999	1.8130401123706243
Cs+	2.6327665000000002	1.8112432708080912
Cs+	2.6349195000000001	1.8161879157389731
Cs+	2.6370725000000004	1.8198574711769542
Cs+	2.6392255000000002	1.8210614126603788
Cs+	2.6413785000000001	1.8234701460017946
Cs+	2.6435314999999999	1.824743487502402
Cs+	2.6456845000000002	1.8257708817670248
Cs+	2.6478375000000001	1.8303404170064086
Cs+	2.6499905000000004	1.8348586935536872
Cs+	2.6521435000000002	1.8362226944369642
Cs+	2.6542965000000001	1.8405956514110335
Cs+	2.6564494999999999	1.8414327507339152
Cs+	2.6586025000000002	1.843037643848527
Cs+	2.6607555000000005	1.8450019619672828
Cs+	2.6629085000000003	1.8466960971734785
Cs+	2.6650615000000002	1.8472402424413532
Cs+	2.6672145	1.8488852921349928
Cs+	2.6693674999999999	1.8508696413002432
Cs+	2.6715205000000002	1.8480282562516861
Cs+	2.6736735000000005	1.8478834091088507
Cs+	2.6758265000000003	1.8487485235510108
Cs+	2.6779795000000002	1.851160847363055
Cs+	2.6801325	1.8500071252249737
Cs+	2.6822854999999999	1.8492522760246222
Cs+	2.6844385000000002	1.84756456587105
Cs+	2.6865915000000005	1.8449645454842072
Cs+	2.6887445000000003	1.8450784484396479
Cs+	2.6908975000000002	1.8463766870193292
Cs+	2.6930505	1.8462848938038612
Cs+	2.6952034999999999	1.8439122541405699
Cs+	2.6973565000000002	1.8449057751496452
Cs+	2.6995095000000005	1.8439063960043294
Cs+	2.7016625000000003	1.8446057818825372
Cs+	2.7038155000000001	1.8460273247814645
Cs+	2.7059685	1.8429379610463856
Cs+	2.7081214999999998	1.8393609547123866
Cs+	2.7102745000000001	1.8371789879350768
Cs+	2.7124275000000004	1.8364892396358687
Cs+	2.7145805000000003	1.8314563919601661
Cs+	2.7167335000000001	1.8264078595970876
Cs+	2.7188865	1.8225317103705434
Cs+	2.7210394999999998	1.8196771917584744
Cs+	2.7231925000000001	1.8159970538808057
Cs+	2.7253455000000004	1.8092874564354937
Cs+	2.7274985000000003	1.8034748152373856
Cs+	2.7296515000000001	1.7990201278141273
Cs+	2.7318045	1.7937940088854902
Cs+	2.7339574999999998	1.7890021479271945
Cs+	2.7361105000000006	1.7847939746563397
Cs+	2.7382635000000004	1.7786517660516989
Cs+	2.7404165000000003	1.7748827640267564
Cs+	2.7425695000000001	1.7717478107637095
Cs+	2.7447225	1.7693890133094112
Cs+	2.7468754999999998	1.7646426001500108
Cs+	2.7490285000000005	1.7576471823477793
Cs+	2.7511815000000004	1.7534482214686413
Cs+	2.7533345000000002	1.7481920087272722
Cs+	2.7554875000000001	1.7433853606992709
Cs+	2.7576404999999999	1.7362333794817184
Cs+	2.7597934999999998	1.7298419638716507
Cs+	2.7619465000000005	1.7230501635468354
Cs+	2.7640995000000004	1.7174230929870167
Cs+	2.7662525000000002	1.709813468497273
Cs+	2.7684055000000001	1.7013705241273596
Cs+	2.7705584999999999	1.6931930856095927
Cs+	2.7727114999999998	1.6862153367021449
Cs+	2.7748645000000005	1.6753584622570716
Cs+	2.7770175000000004	1.6676712647051559
Cs+	2.7791705000000002	1.6592493907285144
Cs+	2.7813235000000001	1.6518347854839037
Cs+	2.7834764999999999	1.6437715806228197
Cs+	2.7856295000000002	1.6373228119692433
Cs+	2.7877825000000005	1.6300899034341594
Cs+	2.7899355000000003	1.6210254297063864
Cs+	2.7920885000000002	1.6147477753227093
Cs+	2.7942415	1.6091495230137574
Cs+	2.7963944999999999	1.600084246154386
Cs+	2.7985475000000002	1.5931256306757902
Cs+	2.8007005000000005	1.5849971831845244
Cs+	2.8028535000000003	1.574750499769082
Cs+	2.8050065000000002	1.5662387695414046
Cs+	2.8071595	1.5571010218675729
Cs+	2.8093124999999999	1.548627416768467
Cs+	2.8114655000000002	1.5374062985297168
Cs+	2.8136185000000005	1.5260995286700139
Cs+	2.8157715000000003	1.5159805904190484
Cs+	2.8179245000000002	1.5042849631448731
Cs+	2.8200775	1.4958719236155789
Cs+	2.8222304999999999	1.4853204753865525
Cs+	2.8243835000000002	1.4769205694207677
Cs+	2.8265365000000005	1.4655206362976341
Cs+	2.8286895000000003	1.457887957207197
Cs+	2.8308425000000002	1.4494019271900962
Cs+	2.8329955	1.4411104912308195
Cs+	2.8351484999999998	1.4344230980115571
Cs+	2.8373015000000006	1.424070165012193
Cs+	2.8394545000000004	1.4118699348898132
Cs+	2.8416075000000003	1.4015427021010862
Cs+	2.8437605000000001	1.3900777153198485
Cs+	2.8459135	1.3794311196199334
Cs+	2.8480664999999998	1.3693066066909199
Cs+	2.8502195000000006	1.3587172223054167
Cs+	2.8523725000000004	1.3489920075014274
Cs+	2.8545255000000003	1.3374536522881029
Cs+	2.8566785000000001	1.3289181588142029
Cs+	2.8588315	1.3198172134640158
Cs+	2.8609844999999998	1.3075517879544065
Cs+	2.8631375000000006	1.2970863692906454
Cs+	2.8652905000000004	1.2855213690060374
Cs+	2.8674435000000003	1.2739111571377033
Cs+	2.8695965000000001	1.2635015797403608
Cs+	2.8717495	1.253656556601618
Cs+	2.8739024999999998	1.2435875069947242
Cs+	2.8760555000000005	1.2313311521477148
Cs+	2.8782085000000004	1.2193917035740638
Cs+	2.8803615000000002	1.2064008140314091
Cs+	2.8825145000000001	1.1925782581147888
Cs+	2.8846674999999999	1.182666102624458
Cs+	2.8868204999999998	1.1731504579201144
Cs+	2.8889735000000005	1.1638217539021083
Cs+	2.8911265000000004	1.1519611539525281
Cs+	2.8932795000000002	1.1396936025064184
Cs+	2.8954325000000001	1.1307291895250726
Cs+	2.8975854999999999	1.1206019365000583
Cs+	2.8997385000000002	1.1096092855746746
Cs+	2.9018915000000005	1.0977642758263928
Cs+	2.9040445000000004	1.0845644775865155
Cs+	2.9061975000000002	1.0729590845076689
Cs+	2.9083505000000001	1.0610568634449686
Cs+	2.9105034999999999	1.0498884684323879
Cs+	2.9126565000000002	1.0421042809312584
Cs+	2.9148095000000005	1.0310068921990967
Cs+	2.9169625000000003	1.0220350620613798
Cs+	2.9191155000000002	1.0106455224057651
Cs+	2.9212685	0.99999604488076743
Cs+	2.9234214999999999	0.9882554422380424
Cs+	2.9255745000000002	0.97698868722826759
Cs+	2.9277275000000005	0.9673623048518043
Cs+	2.9298805000000003	0.95561782828028452
Cs+	2.9320335000000002	0.94349871444759525
Cs+	2.9341865	0.93098460160599572
Cs+	2.9363394999999999	0.92037910734585093
Cs+	2.9384925000000002	0.91077398433474932
Cs+	2.9406455000000005	0.89812711856709093
Cs+	2.9427985000000003	0.88699363615680227
Cs+	2.9449515000000002	0.8768563676085529
Cs+	2.9471045	0.86635216241370494
Cs+	2.9492574999999999	0.85488004193430545
Cs+	2.9514105000000006	0.8458996608073871
Cs+	2.9535635000000005	0.83571543268316018
Cs+	2.9557165000000003	0.82833035433492719
Cs+	2.9578695000000002	0.81946756112013053
Cs+	2.9600225	0.81065286131413072
Cs+	2.9621754999999999	0.8003528405130852
Cs+	2.9643285000000006	0.7883889672907477
Cs+	2.9664815000000004	0.77818267666955165
Cs+	2.9686345000000003	0.7668683479243682
Cs+	2.9707875000000001	0.75542367564783486
Cs+	2.9729405	0.74521469217366842
Cs+	2.9750934999999998	0.73675790559472154
Cs+	2.9772465000000006	0.72752340418688566
Cs+	2.9793995000000004	0.71702637993325891
Cs+	2.9815525000000003	0.70574290088940317
Cs+	2.9837055000000001	0.69596364005427724
Cs+	2.9858585	0.68619609549162042
Cs+	2.9880114999999998	0.677213021511753
Cs+	2.9901645000000006	0.66862471032562909
Cs+	2.9923175000000004	0.65958896036264636
Cs+	2.9944705000000003	0.65164641421092273
Cs+	2.9966235000000001	0.64135532234333925
Cs+	2.9987765	0.63353811196131493
Cs+	3.0009294999999998	0.62581477348823256
Cs+	3.0030825000000005	0.61722669851727963
Cs+	3.0052355000000004	0.60774681678983922
Cs+	3.0073885000000002	0.5990852789007165
Cs+	3.0095415000000001	0.59164639073652869
Cs+	3.0116944999999999	0.58229888399089313
Cs+	3.0138475000000002	0.57353960026400552
Cs+	3.0160005000000005	0.56606820889229659
Cs+	3.0181535000000004	0.55847072586231739
Cs+	3.0203065000000002	0.54996551517334236
Cs+	3.0224595000000001	0.54045256332196889
Cs+	3.0246124999999999	0.53213755308864463
Cs+	3.0267655000000002	0.52270434747898009
Cs+	3.0289185000000005	0.51352894710692676
Cs+	3.0310715000000004	0.504813599401849
Cs+	3.0332245000000002	0.49652325003238806
Cs+	3.0353775000000001	0.48719988447722462
Cs+	3.0375304999999999	0.478423640501071
Cs+	3.0396835000000002	0.46943617291902778
Cs+	3.0418365000000005	0.46318280145490837
Cs+	3.0439895000000003	0.45796003678173047
Cs+	3.0461425000000002	0.45123319562891279
Cs+	3.0482955	0.44378759895386011
Cs+	3.0504484999999999	0.43773099472715382
Cs+	3.0526015000000002	0.43164047000188877
Cs+	3.0547545000000005	0.42544152251316047
Cs+	3.0569075000000003	0.41953023785963872
Cs+	3.0590605000000002	0.41470148009163454
Cs+	3.0612135	0.40866693836188961
Cs+	3.0633664999999999	0.40283133704914309
Cs+	3.0655195000000006	0.39504266145977501
Cs+	3.0676725000000005	0.38863282106640407
Cs+	3.0698255000000003	0.3799573937252243
Cs+	3.0719785000000002	0.37304720235670025
Cs+	3.0741315	0.36544754614714259
Cs+	3.0762844999999999	0.35893329864819928
Cs+	3.0784375000000006	0.35226853484230758
Cs+	3.0805905000000005	0.34577431838986605
Cs+	3.0827435000000003	0.33890206317780364
Cs+	3.0848965000000002	0.33357437172567683
Cs+	3.0870495	0.328320615622058
Cs+	3.0892024999999999	0.32193940450739794
Cs+	3.0913555000000006	0.3159526254852324
Cs+	3.0935085000000004	0.31003283708555074
Cs+	3.0956615000000003	0.30447389098104743
Cs+	3.0978145000000001	0.29874222434352771
Cs+	3.0999675	0.29426944283817091
Cs+	3.1021204999999998	0.28900411219117417
Cs+	3.1042735000000006	0.28339877342709108
Cs+	3.1064265000000004	0.27791489650391776
Cs+	3.1085795000000003	0.27213490024242026
Cs+	3.1107325000000001	0.26809661292255099
Cs+	3.1128855	0.26280643243957003
Cs+	3.1150385000000003	0.25726836775617196
Cs+	3.1171915000000006	0.25358317487387033
Cs+	3.1193445000000004	0.24878668409822036
Cs+	3.1214975000000003	0.24369568024740834
Cs+	3.1236505000000001	0.23880527031978177
Cs+	3.1258035	0.2339806226957491
Cs+	3.1279565000000003	0.2305270151670602
Cs+	3.1301095000000005	0.2257036431049563
Cs+	3.1322625000000004	0.2213929996929577
Cs+	3.1344155000000002	0.21673214366848192
Cs+	3.1365685000000001	0.21240742183228967
Cs+	3.1387214999999999	0.20765949689579127
Cs+	3.1408745000000002	0.20346582723645337
Cs+	3.1430275000000005	0.1996569993336656
Cs+	3.1451805000000004	0.19550268312181673
Cs+	3.1473335000000002	0.19155538588580423
Cs+	3.1494865000000001	0.18729448938880844
Cs+	3.1516394999999999	0.18353110928491354
Cs+	3.1537925000000002	0.18023567143470701
Cs+	3.1559455000000005	0.17659668223984643
Cs+	3.1580985000000004	0.1716442894513579
Cs+	3.1602515000000002	0.16893438176695516
Cs+	3.1624045000000001	0.16390540802003362
Cs+	3.1645574999999999	0.15979398848323134
Cs+	3.1667105000000006	0.15623290305175236
Cs+	3.1688635000000005	0.15298012566142785
Cs+	3.1710165000000003	0.15086949586577783
Cs+	3.1731695000000002	0.14712175320620102
Cs+	3.1753225	0.14469610685854123
Cs+	3.1774754999999999	0.141085321755093
Cs+	3.1796285000000006	0.13877206658578095
Cs+	3.1817815000000005	0.13604869463663452
Cs+	3.1839345000000003	0.13440770784390704
Cs+	3.1860875000000002	0.13195688095902447
Cs+	3.1882405	0.12970570313664359
Cs+	3.1903934999999999	0.12660736322509514
Cs+	3.1925465000000006	0.12382777206525597
Cs+	3.1946995000000005	0.12176254282546617
Cs+	3.1968525000000003	0.11930864514336208
Cs+	3.1990055000000002	0.11636053808055317
Cs+	3.2011585	0.11346368970984289
Cs+	3.2033114999999999	0.11142841255372835
Cs+	3.2054645000000006	0.10838983508043845
Cs+	3.2076175000000005	0.10564033773338069
Cs+	3.2097705000000003	0.10371140464724034
Cs+	3.2119235000000002	0.10148389558499277
Cs+	3.2140765	0.099452208899477659
Cs+	3.2162294999999999	0.096303035483136901
Cs+	3.2183825000000006	0.093974473570748854
Cs+	3.2205355000000004	0.091262203734636033
Cs+	3.2226885000000003	0.089512368991125024
Cs+	3.2248415000000001	0.087281836374689059
Cs+	3.2269945	0.084926062474603145
Cs+	3.2291475000000003	0.082094315005012297
Cs+	3.2313005000000006	0.080387896609925319
Cs+	3.2334535000000004	0.078652045804534554
Cs+	3.2356065000000003	0.076899848909313825
Cs+	3.2377595000000001	0.075486762513536976
Cs+	3.2399125	0.073923301539919259
Cs+	3.2420655000000003	0.072481585865419196
Cs+	3.2442185000000006	0.071484001955379212
Cs+	3.2463715000000004	0.070465536624224709
Cs+	3.2485245000000003	0.069252949665567887
Cs+	3.2506775000000001	0.067734983733878776
Cs+	3.2528305	0.06637745514631388
Cs+	3.2549835000000003	0.065348312889430382
Cs+	3.2571365000000005	0.064020736385545049
Cs+	3.2592895000000004	0.062415843270940671
Cs+	3.2614425000000002	0.060258395628402524
Cs+	3.2635955000000001	0.058938141794815581
Cs+	3.2657484999999999	0.057088860464325118
Cs+	3.2679015000000002	0.055546375397889605
Cs+	3.2700545000000005	0.053801359443865854
Cs+	3.2722075000000004	0.052602803666364238
Cs+	3.2743605000000002	0.051519237434090426
Cs+	3.2765135000000001	0.050115977589424696
Cs+	3.2786664999999999	0.048424346264039672
Cs+	3.2808195000000007	0.047343992558090103
Cs+	3.2829725000000005	0.046149499681529163
Cs+	3.2851255000000004	0.044922267382271681
Cs+	3.2872785000000002	0.044199779660342726
Cs+	3.2894315000000001	0.04326564314522368
Cs+	3.2915844999999999	0.042113480027300115
Cs+	3.2937375000000007	0.040605387889758079
Cs+	3.2958905000000005	0.039723029740116926
Cs+	3.2980435000000003	0.038988636773571436
Cs+	3.3001965000000002	0.037537519735268123
Cs+	3.3023495	0.036852590225522709
Cs+	3.3045024999999999	0.035549863557622033
Cs+	3.3066555000000006	0.034956349319042651
Cs+	3.3088085000000005	0.03402443322653198
Cs+	3.3109615000000003	0.033773997902269946
Cs+	3.3131145000000002	0.032898442749552372
Cs+	3.3152675	0.032459035288513356
Cs+	3.3174204999999999	0.031579747936093749
Cs+	3.3195735000000006	0.030686004215211587
Cs+	3.3217265000000005	0.029857030694209162
Cs+	3.3238795000000003	0.0288840604049838
Cs+	3.3260325000000002	0.028266641191102306
Cs+	3.3281855	0.02789408262344787
Cs+	3.3303384999999999	0.027196680952675259
Cs+	3.3324915000000006	0.02637965991932411
Cs+	3.3346445000000005	0.025736068064498994
Cs+	3.3367975000000003	0.024976494560727872
Cs+	3.3389505000000002	0.024312540958165256
Cs+	3.3411035	0.023520605975970641
Cs+	3.3432565000000003	0.022195675081998982
Cs+	3.3454095000000006	0.02171077257903184
Cs+	3.3475625000000004	0.02094576612632813
Cs+	3.3497155000000003	0.02035211015864638
Cs+	3.3518685000000001	0.020129878925797907
Cs+	3.3540215	0.019578505473719251
Cs+	3.3561745000000003	0.018739941616775137
Cs+	3.3583275000000006	0.017999076354544771
Cs+	3.3604805000000004	0.017226416530301644
Cs+	3.3626335000000003	0.016640886364501291
Cs+	3.3647865000000001	0.016017609014379333
Cs+	3.3669395	0.015676514307498605
Cs+	3.3690925000000003	0.015732119358744669
Cs+	3.3712455000000006	0.015088858205159096
Cs+	3.3733985000000004	0.014698300041477269
Cs+	3.3755515000000003	0.014304623837538541
Cs+	3.3777045000000001	0.013680401626732728
Cs+	3.3798575	0.013288945845401138
Cs+	3.3820105000000003	0.0127227380805856
Cs+	3.3841635000000005	0.012382115804046911
Cs+	3.3863165000000004	0.011969306171259698
Cs+	3.3884695000000002	0.01213163323675041
Cs+	3.3906225000000001	0.012074752623580608
Cs+	3.3927754999999999	0.011907134338260279
Cs+	3.3949285000000007	0.011482750162095261
Cs+	3.3970815000000005	0.010968037304551561
Cs+	3.3992345000000004	0.010833347414064543
Cs+	3.4013875000000002	0.010521307173213118
Cs+	3.4035405000000001	0.010253675384503863
Cs+	3.4056934999999999	0.010004279406993714
Cs+	3.4078465000000007	0.0095728087756995969
Cs+	3.4099995000000005	0.0093135390040429578
Cs+	3.4121525000000004	0.0089992783405844715
Cs+	3.4143055000000002	0.0084281573002130301
Cs+	3.4164585000000001	0.0081970443769357488
Cs+	3.4186114999999999	0.0078269424470596826
Cs+	3.4207645000000007	0.0074079439767930104
Cs+	3.4229175000000005	0.0072535064980127836
Cs+	3.4250705000000004	0.0069765678315675504
Cs+	3.4272235000000002	0.0068844911579234733
Cs+	3.4293765	0.0068348387289854408
Cs+	3.4315294999999999	0.0065553016956593092
Cs+	3.4336825000000006	0.0063496527678128158
Cs+	3.4358355000000005	0.0062203958262579797
Cs+	3.4379885000000003	0.0061316734080416966
Cs+	3.4401415000000002	0.0061421613616328046
Cs+	3.4422945	0.0061334686433410224
Cs+	3.4444475000000003	0.005970196717166411
Cs+	3.4466005000000006	0.0058304518220205501
Cs+	3.4487535000000005	0.005648235439134227
Cs+	3.4509065000000003	0.0053077076486638085
Cs+	3.4530595000000002	0.00529457408515791
Cs+	3.4552125	0.0050746577609846917
Cs+	3.4573655000000003	0.004781703705947501
Cs+	3.4595185000000006	0.0046322267457576801
Cs+	3.4616715000000005	0.0045577244808337296
Cs+	3.4638245000000003	0.004380799317777199
Cs+	3.4659775000000002	0.0042508337307093774
Cs+	3.4681305	0.0040271379638007043
Cs+	3.4702835000000003	0.0038648108983099973
Cs+	3.4724365000000006	0.0036380443341787511
Cs+	3.4745895000000004	0.0034681583832171015
Cs+	3.4767425000000003	0.0034230885285960236
Cs+	3.4788955000000001	0.0033138626335393832
Cs+	3.4810485	0.0032678006752002286
Cs+	3.4832015000000003	0.0032280692834430035
Cs+	3.4853545000000006	0.0032435177556244931
Cs+	3.4875075000000004	0.0032116287075435713
Cs+	3.4896605000000003	0.0032291086301953686
Cs+	3.4918135000000001	0.0031676926857431044
Cs+	3.4939665	0.0030401837364534578
Cs+	3.4961195000000007	0.0029586895024687277
Cs+	3.4982725000000006	0.0028757779774582558
Cs+	3.5004255000000004	0.0027632923130423304
Cs+	3.5025785000000003	0.0027279545234652203
Cs+	3.5047315000000001	0.0026542081470883197
Cs+	3.5068845	0.0025617062861364457
Cs+	3.5090375000000007	0.0024287643879144392
Cs+	3.5111905000000005	0.0023700412964113059
Cs+	3.5133435000000004	0.0023614430641880216
Cs+	3.5154965000000002	0.002212769235579462
Cs+	3.5176495000000001	0.0021128974612932821
Cs+	3.5198024999999999	0.0019382872069121503
Cs+	3.5219555000000007	0.0018086995641179624
Cs+	3.5241085000000005	0.001723567616500376
Cs+	3.5262615000000004	0.0016418371673447508
Cs+	3.5284145000000002	0.0015726261222505267
Cs+	3.5305675000000001	0.0015156982660467096
Cs+	3.5327204999999999	0.001456502744201566
Cs+	3.5348735000000007	0.0013834650133376252
Cs+	3.5370265000000005	0.0013563002686760649
Cs+	3.5391795000000004	0.0013617332176083876
Cs+	3.5413325000000002	0.0013341432856390936
Cs+	3.5434855000000001	0.0012787272065294957
Cs+	3.5456384999999999	0.0012553419046034324
Cs+	3.5477915000000007	0.0011388878253151909
Cs+	3.5499445000000005	0.0010641493452202488
Cs+	3.5520975000000004	0.0010487008730388177
Cs+	3.5542505000000002	0.0010981643298399646
Cs+	3.5564035000000001	0.0010461497491923318
Cs+	3.5585565000000003	0.00099408792551051333
Cs+	3.5607095000000006	0.00096654523657541147
Cs+	3.5628625000000005	0.0009123102333206813
Cs+	3.5650155000000003	0.00087328748707644292
Cs+	3.5671685000000002	0.00086936631523834888
Cs+	3.5693215	0.00088585413417204516
Cs+	3.5714745000000003	0.00088476754438556588
Cs+	3.5736275000000006	0.00086757107993894666
Cs+	3.5757805000000005	0.00082902076403662821
Cs+	3.5779335000000003	0.00088155501806038653
Cs+	3.5800865000000002	0.00088613759237719542
Cs+	3.5822395	0.00078584063078329246
Cs+	3.5843925000000003	0.00069107110419009028
Cs+	3.5865455000000006	0.00063551329597793518
Cs+	3.5886985000000005	0.00055954649699396287
Cs+	3.5908515000000003	0.00046723360817885434
Cs+	3.5930045000000002	0.00046959575988854137
Cs+	3.5951575	0.00043657287898692527
Cs+	3.5973105000000003	0.00036603902893524496
Cs+	3.5994635000000006	0.00030925290183403848
Cs+	3.6016165000000004	0.00034090573474403863
Cs+	3.6037695000000003	0.0003520550908138329
Cs+	3.6059225000000001	0.00033873255517111541
Cs+	3.6080755	0.00030547345909852917
Cs+	3.6102285000000007	0.00031794562012573877
Cs+	3.6123815000000006	0.00031780389102315735
Cs+	3.6145345000000004	0.0002799149775995621
Cs+	3.6166875000000003	0.0002716474466156065
Cs+	3.6188405000000001	0.0002538840657586487
Cs+	3.6209935	0.00026526963699940694
Cs+	3.6231465000000007	0.00024604172208244056
Cs+	3.6252995000000006	0.00024372681340693525
Cs+	3.6274525000000004	0.0002817574559331274
Cs+	3.6296055000000003	0.00029106433366935316
Cs+	3.6317585000000001	0.00028874942499384311
Cs+	3.6339115	0.0002771276385821088
Cs+	3.6360645000000007	0.00031411893435602864
Cs+	3.6382175000000005	0.00030178850243139249
Cs+	3.6403705000000004	0.00028189918503571451
Cs+	3.6425235000000002	0.00028501722529252079
Cs+	3.6446765000000001	0.00029857597610620165
Cs+	3.6468294999999999	0.00029248162469517117
Cs+	3.6489825000000007	0.00025912804255419608
Cs+	3.6511355000000005	0.00024027807191078136
Cs+	3.6532885000000004	0.0002233650656693226
Cs+	3.6554415000000002	0.00019813728540971705
Cs+	3.6575945000000001	0.00016010664288353279
Cs+	3.6597474999999999	0.0001645474880977615
Cs+	3.6619005000000007	0.00013880003446202271
Cs+	3.6640535000000005	0.00014933523108728787
Cs+	3.6662065000000004	0.00016341365527710542
Cs+	3.6683595000000002	0.00016133496177256839
Cs+	3.6705125000000001	0.00014668962117242237
Cs+	3.6726655000000004	0.00012755619232384242
Cs+	3.6748185000000007	9.5856116379656751e-05
Cs+	3.6769715000000005	9.3352235567374496e-05
Cs+	3.6791245000000004	0.00011787137031407333
Cs+	3.6812775000000002	0.00010298981454295899
Cs+	3.6834305000000001	9.4060881080289434e-05
Cs+	3.6855835000000003	9.6517518858376048e-05
Cs+	3.6877365000000006	9.5147470866750744e-05
Cs+	3.6898895000000005	7.7384090009803786e-05
Cs+	3.6920425000000003	6.6990622487119475e-05
Cs+	3.6941955000000002	7.7006145736247791e-05
Cs+	3.6963485	6.6140247871622411e-05
Cs+	3.6985015000000003	5.0550046587595336e-05
Cs+	3.7006545000000006	5.6313696759266509e-05
Cs+	3.7028075000000005	4.2140786501061069e-05
Cs+	3.7049605000000003	3.7227510944884338e-05
Cs+	3.7071135000000002	4.700681902304342e-05
Cs+	3.7092665	3.0188298849971994e-05
Cs+	3.7114195000000003	2.3574274062809517e-05
Cs+	3.7135725000000006	2.7164744661555979e-05
Cs+	3.7157255000000005	2.0314504703423974e-05
Cs+	3.7178785000000003	2.414119047314113e-05
Cs+	3.7200315000000002	3.1038673465467296e-05
Cs+	3.7221845	2.8440306584796991e-05
Cs+	3.7243375000000003	1.6346089831128541e-05
Cs+	3.7264905000000006	7.3226703000750264e-06
Cs+	3.7286435000000004	8.9761764968653932e-06
Cs+	3.7307965000000003	8.2675309839550715e-06
Cs+	3.7329495000000001	1.0157252351716319e-05
Cs+	3.7351025	2.7684418037693716e-05
Cs+	3.7372555000000003	3.5243303508736089e-05
Cs+	3.7394085000000006	3.2833908764843436e-05
Cs+	3.7415615000000004	4.1101439748794682e-05
Cs+	3.7437145000000003	4.7006819023045236e-05
Cs+	3.7458675000000001	5.0550046587595098e-05
Cs+	3.7480205000000004	5.1731122442444262e-05
Cs+	3.7501735000000007	5.0550046587592754e-05
Cs+	3.7523265000000006	4.7006819023040554e-05
Cs+	3.7544795000000004	5.4140517186337614e-05
Cs+	3.7566325000000003	5.1305935134696516e-05
Cs+	3.7587855000000001	4.6581631715294949e-05
Cs+	3.7609385000000004	3.9967606928132906e-05
Cs+	3.7630915000000007	3.1463860773210393e-05
Cs+	3.7652445000000005	2.1070393250527407e-05
Cs+	3.7673975000000004	8.787204360083947e-06
Cs+	3.7695505000000002	7.6533715394299637e-06
Cs+	3.7717035000000001	1.0062766283322611e-05
Cs+	3.7738565000000004	3.4487414961606668e-06
Cs+	3.7760095000000007	0
Cs+	3.7781625000000005	4.2518730774601679e-07
Cs+	3.7803155000000004	0
Cs+	3.7824685000000002	0
Cs+	3.7846215000000001	0
Cs+	3.7867745000000004	0
Cs+	3.7889275000000007	0
Cs+	3.7910805000000005	0
Cs+	3.7932335000000004	0
Cs+	3.7953865000000002	0
Cs+	3.7975395000000001	0
Cs+	3.7996925000000004	0
Cs+	3.8018455000000007	0
Cs+	3.8039985000000005	0
Cs+	3.8061515000000004	0
Cs+	3.8083045000000002	0
Cs+	3.8104575000000001	0
Cs+	3.8126105000000003	4.2518730774619212e-07
Cs+	3.8147635000000006	3.968414872297808e-06
Cs+	3.8169165000000005	7.039212094909208e-06
Cs+	3.8190695000000003	9.6375789755803941e-06
Cs+	3.8212225000000002	1.1763515514311363e-05
Cs+	3.8233755	1.3417021711102114e-05
Cs+	3.8255285000000003	1.4598097565952655e-05
Cs+	3.8276815000000006	1.530674307886298e-05
Cs+	3.8298345000000005	1.5542958249833088e-05
Cs+	3.8319875000000003	1.530674307886298e-05
Cs+	3.8341405000000002	1.4598097565952655e-05
Cs+	3.8362935	5.3384628639244283e-06
Cs+	3.8384465000000003	6.8820216356819303e-06
Cs+	3.8405995000000006	8.8851262855084792e-06
Cs+	3.8427525000000005	1.1347776813404155e-05
Cs+	3.8449055000000003	1.426997321936895e-05
Cs+	3.8470585000000002	1.7651715503402878e-05
Cs+	3.8492115	2.1493003665505934e-05
Cs+	3.8513645000000003	2.5793837705678108e-05
Cs+	3.8535175000000006	3.0554217623919413e-05
Cs+	3.8556705000000004	3.5774143420229848e-05
Cs+	3.8578235000000003	4.1453615094609413e-05
Bulk_water	1.6000000000000001	3.5594319757524093e-07
Bulk_water	1.6039341917024321	3.3831962929776967e-07
Bulk_water	1.6078683834048642	3.5507876017232809e-07
Bulk_water	1.6118025751072962	5.7329109804613374e-07
Bulk_water	1.6157367668097282	9.7416766855527388e-07
Bulk_water	1.6196709585121603	9.5765082263813945e-07
Bulk_water	1.6236051502145923	1.181858785796777e-06
Bulk_water	1.6275393419170243	1.1844736895186398e-06
Bulk_water	1.6314735336194564	1.1911502951745897e-06
Bulk_water	1.6354077253218886	1.3841618081616113e-06
Bulk_water	1.6393419170243206	1.6274144025440965e-06
Bulk_water	1.6432761087267527	1.7645255114968161e-06
Bulk_water	1.6472103004291847	1.9454601330990118e-06
Bulk_water	1.6511444921316167	2.1310397045442471e-06
Bulk_water	1.6550786838340488	2.1962394506649323e-06
Bulk_water	1.6590128755364808	2.5111178357333565e-06
Bulk_water	1.6629470672389128	2.8831760755520253e-06
Bulk_water	1.6668812589413449	3.1553274105864676e-06
Bulk_water	1.6708154506437769	3.4338078473156115e-06
Bulk_water	1.6747496423462089	3.5224396711394309e-06
Bulk_water	1.678683834048641	4.0021456828660299e-06
Bulk_water	1.682618025751073	4.6531980546652661e-06
Bulk_water	1.686552217453505	5.5774552622700198e-06
Bulk_water	1.6904864091559371	6.6217265411085253e-06
Bulk_water	1.6944206008583691	7.896031896585027e-06
Bulk_water	1.6983547925608011	8.9433471247929692e-06
Bulk_water	1.7022889842632332	1.034611615051072e-05
Bulk_water	1.7062231759656652	1.1063484994077084e-05
Bulk_water	1.7101573676680975	1.2380726230575676e-05
Bulk_water	1.7140915593705295	1.3337033983634982e-05
Bulk_water	1.7180257510729615	1.4346338020048397e-05
Bulk_water	1.7219599427753935	1.5123068288652337e-05
Bulk_water	1.7258941344778256	1.6190930892832984e-05
Bulk_water	1.7298283261802576	1.7873864257539409e-05
Bulk_water	1.7337625178826896	1.9851029155435648e-05
Bulk_water	1.7376967095851217	2.1593789216146226e-05
Bulk_water	1.7416309012875537	2.4520813182192775e-05
Bulk_water	1.7455650929899857	2.6795270727394838e-05
Bulk_water	1.7494992846924178	2.9460166467163834e-05
Bulk_water	1.7534334763948498	3.2900395317100073e-05
Bulk_water	1.7573676680972818	3.6386290729138206e-05
Bulk_water	1.7613018597997139	4.0268124630043957e-05
Bulk_water	1.7652360515021459	4.3369463642344058e-05
Bulk_water	1.7691702432045779	4.7636602579883387e-05
Bulk_water	1.77310443490701	5.2315922036557405e-05
Bulk_water	1.7770386266094422	5.6810710355061651e-05
Bulk_water	1.780972818311874	6.2833968442338136e-05
Bulk_water	1.7849070100143063	6.901365120902133e-05
Bulk_water	1.7888412017167383	7.5746477957088447e-05
Bulk_water	1.7927753934191704	8.3055268254742486e-05
Bulk_water	1.7967095851216024	9.1764142637682398e-05
Bulk_water	1.8006437768240344	0.00010137881636944869
Bulk_water	1.8045779685264665	0.00011155317932542604
Bulk_water	1.8085121602288985	0.0001235974454594325
Bulk_water	1.8124463519313305	0.00013562431218731708
Bulk_water	1.8163805436337626	0.0001481202935386967
Bulk_water	1.8203147353361946	0.00016309577806438013
Bulk_water	1.8242489270386266	0.00017706674454110694
Bulk_water	1.8281831187410587	0.00019426469243752215
Bulk_water	1.8321173104434907	0.0002112922398270264
Bulk_water	1.8360515021459227	0.00023145809686487238
Bulk_water	1.8399856938483548	0.00025488982564463567
Bulk_water	1.8439198855507868	0.00027985678043609909
Bulk_water	1.8478540772532188	0.00030749373314208956
Bulk_water	1.8517882689556511	0.00033617234077075973
Bulk_water	1.8557224606580829	0.00036417641486175705
Bulk_water	1.8596566523605151	0.0003945965336576911
Bulk_water	1.8635908440629472	0.00043056726348813135
Bulk_water	1.8675250357653792	0.00046873737133972009
Bulk_water	1.8714592274678112	0.0005094298118737536
Bulk_water	1.8753934191702433	0.00055132599117641175
Bulk_water	1.8793276108726753	0.00059844663217502704
Bulk_water	1.8832618025751073	0.00065067759360318549
Bulk_water	1.8871959942775394	0.00070733186934946346
Bulk_water	1.8911301859799714	0.00076825945078287758
Bulk_water	1.8950643776824034	0.00082934624974081593
Bulk_water	1.8989985693848355	0.00089429488243868301
Bulk_water	1.9029327610872675	0.00096445573484269702
Bulk_water	1.9068669527896995	0.0010453198800011584
Bulk_water	1.9108011444921316	0.0011324753590000944
Bulk_water	1.9147353361945636	0.0012263551873365338
Bulk_water	1.9186695278969959	0.0013204050078490911
Bulk_water	1.9226037195994277	0.0014207683965190157
Bulk_water	1.9265379113018599	0.001532864974660251
Bulk_water	1.9304721030042917	0.0016545876266197961
Bulk_water	1.934406294706724	0.0017858960734055611
Bulk_water	1.938340486409156	0.0019194954570836674
Bulk_water	1.942274678111588	0.0020612218871141775
Bulk_water	1.9462088698140201	0.0022067210260356112
Bulk_water	1.9501430615164521	0.0023667014210428093
Bulk_water	1.9540772532188841	0.0025423586763468034
Bulk_water	1.9580114449213162	0.0027412700439323492
Bulk_water	1.9619456366237482	0.0029418213225298508
Bulk_water	1.9658798283261802	0.0031494926969202978
Bulk_water	1.9698140200286123	0.0033748604123494102
Bulk_water	1.9737482117310443	0.0036197735617257035
Bulk_water	1.9776824034334763	0.0038749742031604054
Bulk_water	1.9816165951359084	0.00415445031708646
Bulk_water	1.9855507868383404	0.0044516142453483931
Bulk_water	1.9894849785407724	0.0047652222356257077
Bulk_water	1.9934191702432047	0.0050854569777353843
Bulk_water	1.9973533619456365	0.0054323522135376213
Bulk_water	2.0012875536480688	0.0058023054435639935
Bulk_water	2.0052217453505006	0.0061969282792148283
Bulk_water	2.0091559370529328	0.0066016900623157657
Bulk_water	2.0130901287553646	0.0070309942622747519
Bulk_water	2.0170243204577969	0.0074861422644566383
Bulk_water	2.0209585121602287	0.0079592285398834405
Bulk_water	2.024892703862661	0.0084575472265698247
Bulk_water	2.0288268955650928	0.0089844173813429986
Bulk_water	2.032761087267525	0.0095606121176259069
Bulk_water	2.0366952789699573	0.010157030639655347
Bulk_water	2.0406294706723891	0.010792610612162657
Bulk_water	2.0445636623748213	0.011455631753914423
Bulk_water	2.0484978540772532	0.012155296111868448
Bulk_water	2.0524320457796854	0.012892845164142828
Bulk_water	2.0563662374821172	0.013679152806058543
Bulk_water	2.0603004291845495	0.014515705369575246
Bulk_water	2.0642346208869813	0.015373723755696551
Bulk_water	2.0681688125894135	0.016266965270887012
Bulk_water	2.0721030042918454	0.01721124152250457
Bulk_water	2.0760371959942776	0.018209246299079638
Bulk_water	2.0799713876967094	0.019250871532020781
Bulk_water	2.0839055793991417	0.020352004254509941
Bulk_water	2.0878397711015735	0.021495755899470677
Bulk_water	2.0917739628040057	0.022702951832638176
Bulk_water	2.095708154506438	0.023929326157088635
Bulk_water	2.0996423462088698	0.02523210950432337
Bulk_water	2.1035765379113016	0.026630440218574254
Bulk_water	2.1075107296137339	0.02808780153190215
Bulk_water	2.1114449213161661	0.029603900622517818
Bulk_water	2.1153791130185979	0.031180040512553353
Bulk_water	2.1193133047210297	0.032865246650262477
Bulk_water	2.123247496423462	0.034619229826101876
Bulk_water	2.1271816881258943	0.036429929132187948
Bulk_water	2.1311158798283261	0.038325454293884273
Bulk_water	2.1350500715307583	0.040305271894812679
Bulk_water	2.1389842632331901	0.042354391321960852
Bulk_water	2.1429184549356224	0.044491900566508452
Bulk_water	2.1468526466380542	0.046706910971230635
Bulk_water	2.1507868383404865	0.049059106076759923
Bulk_water	2.1547210300429183	0.051485392546178316
Bulk_water	2.1586552217453505	0.054008727566066853
Bulk_water	2.1625894134477823	0.056643278245405396
Bulk_water	2.1665236051502146	0.059395738987424451
Bulk_water	2.1704577968526468	0.062252933666769573
Bulk_water	2.1743919885550786	0.065245747961934553
Bulk_water	2.1783261802575105	0.068314234950044878
Bulk_water	2.1822603719599427	0.071539923934839461
Bulk_water	2.186194563662375	0.074888519832769174
Bulk_water	2.1901287553648068	0.078365260404719611
Bulk_water	2.194062947067239	0.081973249586025171
Bulk_water	2.1979971387696708	0.085723046890293489
Bulk_water	2.2019313304721031	0.089584252678329243
Bulk_water	2.2058655221745349	0.093527053892394449
Bulk_water	2.2097997138769672	0.097641298221781414
Bulk_water	2.213733905579399	0.10192204031360079
Bulk_water	2.2176680972818312	0.10640737941379759
Bulk_water	2.221602288984263	0.11105703825615326
Bulk_water	2.2255364806866953	0.11579492137518438
Bulk_water	2.2294706723891276	0.12076972996886595
Bulk_water	2.2334048640915594	0.12595953075555488
Bulk_water	2.2373390557939912	0.13129281228992737
Bulk_water	2.2412732474964234	0.13673117242099597
Bulk_water	2.2452074391988557	0.14238953917833905
Bulk_water	2.2491416309012875	0.14824156761967966
Bulk_water	2.2530758226037193	0.1542475478013576
Bulk_water	2.2570100143061516	0.1604471378050932
Bulk_water	2.2609442060085838	0.16674365108314512
Bulk_water	2.2648783977110156	0.17330772143105111
Bulk_water	2.2688125894134479	0.18012161013594785
Bulk_water	2.2727467811158797	0.18705643610370246
Bulk_water	2.2766809728183119	0.19425073757881525
Bulk_water	2.2806151645207438	0.20164605768877561
Bulk_water	2.284549356223176	0.20933927243225381
Bulk_water	2.2884835479256078	0.21721799452973187
Bulk_water	2.2924177396280401	0.22529774876794692
Bulk_water	2.2963519313304719	0.23363845165165728
Bulk_water	2.3002861230329041	0.24223433755579504
Bulk_water	2.3042203147353364	0.25100695446669241
Bulk_water	2.3081545064377682	0.26004290487097859
Bulk_water	2.3120886981402	0.26927461881742437
Bulk_water	2.3160228898426323	0.27878239935639287
Bulk_water	2.3199570815450645	0.28855331251588534
Bulk_water	2.3238912732474963	0.2985122548982187
Bulk_water	2.3278254649499281	0.30874821455121515
Bulk_water	2.3317596566523604	0.31932053413547329
Bulk_water	2.3356938483547927	0.33010996974827722
Bulk_water	2.3396280400572245	0.34110573343475975
Bulk_water	2.3435622317596567	0.35231144039747037
Bulk_water	2.3474964234620885	0.36376367208205013
Bulk_water	2.3514306151645208	0.37554392506527046
Bulk_water	2.3553648068669526	0.38754017807302577
Bulk_water	2.3592989985693849	0.3998198293108286
Bulk_water	2.3632331902718167	0.41228102730412303
Bulk_water	2.3671673819742489	0.42507602965810165
Bulk_water	2.3711015736766807	0.43803637504864673
Bulk_water	2.375035765379113	0.4513788808597371
Bulk_water	2.3789699570815452	0.46488465261577594
Bulk_water	2.382904148783977	0.47860603692278503
Bulk_water	2.3868383404864089	0.49253331741828293
Bulk_water	2.3907725321888411	0.50675509491843174
Bulk_water	2.3947067238912734	0.52124569106014573
Bulk_water	2.3986409155937052	0.53591600438650677
Bulk_water	2.402575107296137	0.55081896802257946
Bulk_water	2.4065092989985692	0.56607988261279341
Bulk_water	2.4104434907010015	0.58151666916683131
Bulk_water	2.4143776824034333	0.59726094014429398
Bulk_water	2.4183118741058656	0.61335945673386594
Bulk_water	2.4222460658082974	0.62952759816425596
Bulk_water	2.4261802575107296	0.64594792957110836
Bulk_water	2.4301144492131614	0.66260241746183102
Bulk_water	2.4340486409155937	0.6794498849112387
Bulk_water	2.4379828326180255	0.69646040127393982
Bulk_water	2.4419170243204578	0.71373541180076971
Bulk_water	2.4458512160228896	0.73112495295152724
Bulk_water	2.4497854077253218	0.74859314802054899
Bulk_water	2.4537195994277541	0.76629490355858243
Bulk_water	2.4576537911301859	0.78416371938819929
Bulk_water	2.4615879828326177	0.80232255657772245
Bulk_water	2.46552217453505	0.82062836439348397
Bulk_water	2.4694563662374822	0.83929780515432428
Bulk_water	2.473390557939914	0.85805835375430262
Bulk_water	2.4773247496423458	0.87705174175377287
Bulk_water	2.4812589413447781	0.89619428932534384
Bulk_water	2.4851931330472103	0.9154321109723047
Bulk_water	2.4891273247496422	0.93451886173743892
Bulk_water	2.4930615164520744	0.95367886205051688
Bulk_water	2.4969957081545062	0.97281138799112299
Bulk_water	2.5009298998569385	0.9919051015918614
Bulk_water	2.5048640915593703	1.011083041810622
Bulk_water	2.5087982832618025	1.0303121769361838
Bulk_water	2.5127324749642344	1.049713049821708
Bulk_water	2.5166666666666666	1.0692562186949854
Bulk_water	2.5206008583690984	1.088947306049765
Bulk_water	2.5245350500715307	1.108663753502598
Bulk_water	2.5284692417739629	1.1284555580137094
Bulk_water	2.5324034334763947	1.1482183860165758
Bulk_water	2.5363376251788265	1.167829272406385
Bulk_water	2.5402718168812588	1.1872995663005317
Bulk_water	2.5442060085836911	1.2069074520891852
Bulk_water	2.5481402002861229	1.2263022259915171
Bulk_water	2.5520743919885547	1.2456509073997446
Bulk_water	2.5560085836909869	1.2648532410275157
Bulk_water	2.5599427753934192	1.2839174769723356
Bulk_water	2.563876967095851	1.3028704698114451
Bulk_water	2.5678111587982833	1.3216712489016609
Bulk_water	2.5717453505007151	1.3401766167885656
Bulk_water	2.5756795422031473	1.3586515765544378
Bulk_water	2.5796137339055791	1.3769963975389488
Bulk_water	2.5835479256080114	1.3953402278824831
Bulk_water	2.5874821173104432	1.4132520833237077
Bulk_water	2.5914163090128755	1.431017222345278
Bulk_water	2.5953505007153073	1.448662826508331
Bulk_water	2.5992846924177395	1.4662407744563453
Bulk_water	2.6032188841201718	1.4833872751594432
Bulk_water	2.6071530758226036	1.5002625293793281
Bulk_water	2.6110872675250354	1.5165106513119662
Bulk_water	2.6150214592274676	1.5325843974570019
Bulk_water	2.6189556509298999	1.5482202191962611
Bulk_water	2.6228898426323317	1.5637525261900103
Bulk_water	2.6268240343347635	1.5788355938845953
Bulk_water	2.6307582260371958	1.5937801077506808
Bulk_water	2.634692417739628	1.6082902882888581
Bulk_water	2.6386266094420598	1.6222032103235822
Bulk_water	2.6425608011444917	1.6358026519701765
Bulk_water	2.6464949928469244	1.6490914741301292
Bulk_water	2.6504291845493562	1.6619029403060048
Bulk_water	2.654363376251788	1.6745458719244759
Bulk_water	2.6582975679542202	1.6864028601699397
Bulk_water	2.6622317596566525	1.6981126562959528
Bulk_water	2.6661659513590843	1.7092600258003587
Bulk_water	2.6701001430615161	1.7200358113400591
Bulk_water	2.6740343347639484	1.7303830763723298
Bulk_water	2.6779685264663806	1.7400706497555904
Bulk_water	2.6819027181688124	1.7491093437317338
Bulk_water	2.6858369098712442	1.7576980654050425
Bulk_water	2.6897711015736765	1.7655605430155736
Bulk_water	2.6937052932761087	1.7730144814319031
Bulk_water	2.6976394849785406	1.7800152055046101
Bulk_water	2.7015736766809724	1.786345343680394
Bulk_water	2.7055078683834046	1.7921411948379884
Bulk_water	2.7094420600858369	1.7975237855729367
Bulk_water	2.7133762517882687	1.8021736402205417
Bulk_water	2.7173104434907009	1.8063678481857448
Bulk_water	2.7212446351931332	1.8099705550035301
Bulk_water	2.725178826895565	1.8132676658475784
Bulk_water	2.7291130185979968	1.8158164039809721
Bulk_water	2.7330472103004291	1.817825933710375
Bulk_water	2.7369814020028613	1.8191615244184094
Bulk_water	2.7409155937052931	1.8199440179640713
Bulk_water	2.744849785407725	1.8201694780135576
Bulk_water	2.7487839771101572	1.8196513825513567
Bulk_water	2.7527181688125895	1.8184811495664113
Bulk_water	2.7566523605150213	1.8167281238676705
Bulk_water	2.7605865522174531	1.8145936639995546
Bulk_water	2.7645207439198853	1.8118662456949299
Bulk_water	2.7684549356223176	1.8088125256388696
Bulk_water	2.7723891273247494	1.8051635818067635
Bulk_water	2.7763233190271812	1.8006615831337554
Bulk_water	2.7802575107296135	1.7956982616852035
Bulk_water	2.7841917024320457	1.7898838958660097
Bulk_water	2.7881258941344775	1.7839020726993968
Bulk_water	2.7920600858369098	1.7771488707544796
Bulk_water	2.795994277539342	1.7698881469196106
Bulk_water	2.7999284692417739	1.761819901183121
Bulk_water	2.8038626609442057	1.7533525373562435
Bulk_water	2.8077968526466379	1.7446830525516612
Bulk_water	2.8117310443490702	1.7352659847544327
Bulk_water	2.815665236051502	1.7257508929055314
Bulk_water	2.8195994277539338	1.7155293134380205
Bulk_water	2.8235336194563661	1.704720300906402
Bulk_water	2.8274678111587983	1.6932414497784538
Bulk_water	2.8314020028612301	1.6814847536519708
Bulk_water	2.8353361945636619	1.6691041989466158
Bulk_water	2.8392703862660942	1.6564499287921981
Bulk_water	2.8432045779685264	1.6432824515253264
Bulk_water	2.8471387696709582	1.6294801411113615
Bulk_water	2.8510729613733901	1.6152741938613593
Bulk_water	2.8550071530758223	1.6007509910783841
Bulk_water	2.8589413447782546	1.5860194799794636
Bulk_water	2.8628755364806864	1.5707910671617549
Bulk_water	2.8668097281831186	1.5552688746464052
Bulk_water	2.8707439198855509	1.5391800475262858
Bulk_water	2.8746781115879827	1.5227420676201571
Bulk_water	2.8786123032904145	1.5061364452305155
Bulk_water	2.8825464949928468	1.4892658533770491
Bulk_water	2.886480686695279	1.4719606669639189
Bulk_water	2.8904148783977108	1.4542966138365281
Bulk_water	2.8943490701001426	1.4363811180320767
Bulk_water	2.8982832618025749	1.4183308353776951
Bulk_water	2.9022174535050071	1.3999903162672487
Bulk_water	2.906151645207439	1.3814804300652952
Bulk_water	2.9100858369098708	1.3627631550706059
Bulk_water	2.914020028612303	1.3438691444238771
Bulk_water	2.9179542203147353	1.3246561947493851
Bulk_water	2.9218884120171671	1.3054988591680194
Bulk_water	2.9258226037195989	1.2860949339751606
Bulk_water	2.9297567954220312	1.2668283117293988
Bulk_water	2.9336909871244634	1.2471302164389695
Bulk_water	2.9376251788268952	1.2273623962050044
Bulk_water	2.9415593705293275	1.2076018110568665
Bulk_water	2.9454935622317597	1.1877757069209716
Bulk_water	2.9494277539341915	1.168021426572649
Bulk_water	2.9533619456366234	1.1479899755874774
Bulk_water	2.9572961373390556	1.1279530326628933
Bulk_water	2.9612303290414879	1.1080626676554515
Bulk_water	2.9651645207439197	1.0878825448650042
Bulk_water	2.9690987124463515	1.0676613999133318
Bulk_water	2.9730329041487837	1.0476749007024024
Bulk_water	2.976967095851216	1.0276595181201627
Bulk_water	2.9809012875536478	1.0076500702477096
Bulk_water	2.9848354792560796	0.98773596116492457
Bulk_water	2.9887696709585119	0.96793686687343639
Bulk_water	2.9927038626609441	0.9483355256445698
Bulk_water	2.9966380543633759	0.92871858406816821
Bulk_water	3.0005722460658077	0.90919487282714606
Bulk_water	3.0045064377682404	0.88975658449587813
Bulk_water	3.0084406294706723	0.87034092003050767
Bulk_water	3.0123748211731041	0.85123211562917911
Bulk_water	3.0163090128755363	0.83206355480789906
Bulk_water	3.0202432045779686	0.81324566595677206
Bulk_water	3.0241773962804004	0.79451424527477643
Bulk_water	3.0281115879828322	0.77604225776407987
Bulk_water	3.0320457796852645	0.75780671555098456
Bulk_water	3.0359799713876967	0.73962556925742473
Bulk_water	3.0399141630901285	0.72166069020063173
Bulk_water	3.0438483547925603	0.70383839675120763
Bulk_water	3.0477825464949926	0.68627978476382612
Bulk_water	3.0517167381974248	0.66890933062564306
Bulk_water	3.0556509298998566	0.65174960960537076
Bulk_water	3.0595851216022885	0.63485401248902718
Bulk_water	3.0635193133047207	0.61815082540127109
Bulk_water	3.067453505007153	0.60182113845395824
Bulk_water	3.0713876967095848	0.58577756620707588
Bulk_water	3.075321888412017	0.56982782124787767
Bulk_water	3.0792560801144493	0.554310035163599
Bulk_water	3.0831902718168811	0.53894056689043113
Bulk_water	3.0871244635193129	0.52370255587735004
Bulk_water	3.0910586552217452	0.50882170391507187
Bulk_water	3.0949928469241774	0.49420319874768676
Bulk_water	3.0989270386266092	0.4797746016248583
Bulk_water	3.102861230329041	0.46558154729853407
Bulk_water	3.1067954220314733	0.45168249740233229
Bulk_water	3.1107296137339056	0.43798508798042696
Bulk_water	3.1146638054363374	0.42478669106260653
Bulk_water	3.1185979971387692	0.41181452348058933
Bulk_water	3.1225321888412014	0.39901175548714191
Bulk_water	3.1264663805436337	0.38652849179077842
Bulk_water	3.1304005722460655	0.37432932564742616
Bulk_water	3.1343347639484973	0.36233108299414718
Bulk_water	3.1382689556509296	0.35060746325274178
Bulk_water	3.1422031473533618	0.33911849800387883
Bulk_water	3.1461373390557936	0.32796625982193672
Bulk_water	3.1500715307582259	0.31703612263789338
Bulk_water	3.1540057224606581	0.3063760740250403
Bulk_water	3.1579399141630899	0.29612610161636926
Bulk_water	3.1618741058655218	0.28614414807645694
Bulk_water	3.165808297567954	0.276376551901306
Bulk_water	3.1697424892703863	0.26686779944909761
Bulk_water	3.1736766809728181	0.25755859514461188
Bulk_water	3.1776108726752499	0.24855646391048822
Bulk_water	3.1815450643776821	0.23973847156183942
Bulk_water	3.1854792560801144	0.23115622890163831
Bulk_water	3.1894134477825462	0.22273720132377717
Bulk_water	3.193347639484978	0.21460145565581479
Bulk_water	3.1972818311874103	0.20668494940843862
Bulk_water	3.2012160228898425	0.19900773366412061
Bulk_water	3.2051502145922743	0.19157075184942018
Bulk_water	3.2090844062947061	0.18434057696351946
Bulk_water	3.2130185979971384	0.1773076003939863
Bulk_water	3.2169527896995707	0.17046606789209981
Bulk_water	3.2208869814020025	0.16384458772698229
Bulk_water	3.2248211731044347	0.15751079803100548
Bulk_water	3.228755364806867	0.15137317860677657
Bulk_water	3.2326895565092988	0.14537454660555513
Bulk_water	3.2366237482117306	0.13953528070861118
Bulk_water	3.2405579399141629	0.13398177406645867
Bulk_water	3.2444921316165951	0.12856212720664495
Bulk_water	3.2484263233190269	0.12336827605939003
Bulk_water	3.2523605150214587	0.11834586577552773
Bulk_water	3.256294706723891	0.11340363229642018
Bulk_water	3.2602288984263232	0.10867751849182014
Bulk_water	3.2641630901287551	0.10410905951006645
Bulk_water	3.2680972818311869	0.099720152190878861
Bulk_water	3.2720314735336191	0.095510402099944644
Bulk_water	3.2759656652360514	0.091445849195092521
Bulk_water	3.2798998569384832	0.087522512366384989
Bulk_water	3.283834048640915	0.083700238195215673
Bulk_water	3.2877682403433472	0.080084121423937851
Bulk_water	3.2917024320457795	0.076596159566476738
Bulk_water	3.2956366237482113	0.073232420235296108
Bulk_water	3.2995708154506436	0.0700111019220203
Bulk_water	3.3035050071530758	0.066899111053817933
Bulk_water	3.3074391988555076	0.063902872397479285
Bulk_water	3.3113733905579394	0.061042610482553834
Bulk_water	3.3153075822603717	0.058259246396844669
Bulk_water	3.319241773962804	0.055593892762479245
Bulk_water	3.3231759656652358	0.053039095894151664
Bulk_water	3.3271101573676676	0.050582822582980275
Bulk_water	3.3310443490700998	0.048239469869267672
Bulk_water	3.3349785407725321	0.045987122889037474
Bulk_water	3.3389127324749639	0.0438065163203568
Bulk_water	3.3428469241773957	0.041745604066597969
Bulk_water	3.346781115879828	0.039759052802614936
Bulk_water	3.3507153075822602	0.037875519663505393
Bulk_water	3.354649499284692	0.036104662964504451
Bulk_water	3.3585836909871238	0.034387660488810728
Bulk_water	3.3625178826895561	0.032733376806361313
Bulk_water	3.3664520743919883	0.031139843949652239
Bulk_water	3.3703862660944202	0.029623849119827281
Bulk_water	3.3743204577968524	0.028165428205765605
Bulk_water	3.3782546494992847	0.026770139639238924
Bulk_water	3.3821888412017165	0.025423451891123036
Bulk_water	3.3861230329041483	0.024132598232761551
Bulk_water	3.3900572246065805	0.022891246588880945
Bulk_water	3.3939914163090128	0.021729377181472779
Bulk_water	3.3979256080114446	0.020622730992477772
Bulk_water	3.4018597997138764	0.019588973441325055
Bulk_water	3.4057939914163087	0.018580341900765143
Bulk_water	3.4097281831187409	0.017617783359303217
Bulk_water	3.4136623748211727	0.016708022617391967
Bulk_water	3.4175965665236046	0.015858755336554141
Bulk_water	3.4215307582260368	0.015034300969626621
Bulk_water	3.4254649499284691	0.014235672646473277
Bulk_water	3.4293991416309009	0.013473154392998609
Bulk_water	3.4333333333333327	0.0127565514062412
Bulk_water	3.4372675250357654	0.01207004132143006
Bulk_water	3.4412017167381972	0.011411546477778324
Bulk_water	3.445135908440629	0.010798074299445237
Bulk_water	3.4490701001430613	0.010204765291547431
Bulk_water	3.4530042918454935	0.0096466357736859146
Bulk_water	3.4569384835479253	0.0091210607239950638
Bulk_water	3.4608726752503571	0.0086356504980121315
Bulk_water	3.4648068669527894	0.0081695056222595396
Bulk_water	3.4687410586552216	0.0077194194002335936
Bulk_water	3.4726752503576535	0.007288385810872643
Bulk_water	3.4766094420600853	0.0068839116860120375
Bulk_water	3.4805436337625175	0.0065101464451451886
Bulk_water	3.4844778254649498	0.0061636520257869407
Bulk_water	3.4884120171673816	0.0058138655005146277
Bulk_water	3.4923462088698134	0.0054848271922692277
Bulk_water	3.4962804005722457	0.0051751671249801534
Bulk_water	3.5002145922746779	0.0048885043831248219
Bulk_water	3.5041487839771097	0.0046102393582174881
Bulk_water	3.508082975679542	0.0043357035013584094
Bulk_water	3.5120171673819742	0.0040900528501233331
Bulk_water	3.515951359084406	0.0038495508123946188
Bulk_water	3.5198855507868378	0.0036270780628281157
Bulk_water	3.5238197424892701	0.0034102223716268479
Bulk_water	3.5277539341917024	0.0032214225762373537
Bulk_water	3.5316881258941342	0.0030443101309655368
Bulk_water	3.535622317596566	0.0028674682173256069
Bulk_water	3.5395565092989982	0.0026997983501059345
Bulk_water	3.5434907010014305	0.0025385470361629545
Bulk_water	3.5474248927038623	0.0023903369004020271
Bulk_water	3.5513590844062941	0.0022455939761581987
Bulk_water	3.5552932761087264	0.0021034795026470183
Bulk_water	3.5592274678111586	0.001978573406601865
Bulk_water	3.5631616595135904	0.0018625391166247991
Bulk_water	3.5670958512160222	0.0017478000852028852
Bulk_water	3.5710300429184545	0.0016376503918620823
Bulk_water	3.5749642346208867	0.0015455822691375549
Bulk_water	3.5788984263233186	0.0014536783502096524
Bulk_water	3.5828326180257508	0.0013688487884432454
Bulk_water	3.5867668097281831	0.0012866191683733904
Bulk_water	3.5907010014306149	0.0012076031255535257
Bulk_water	3.5946351931330467	0.0011351379141221049
Bulk_water	3.5985693848354789	0.0010652603912664103
Bulk_water	3.6025035765379108	0.00099983652508813209
Bulk_water	3.606437768240343	0.00093437293833094847
Bulk_water	3.6103719599427748	0.000878014558528174
Bulk_water	3.6143061516452071	0.00082244619123432742
Bulk_water	3.6182403433476393	0.00077180410336699938
Bulk_water	3.6221745350500711	0.00072664869096736155
Bulk_water	3.6261087267525034	0.00067966028190793581
Bulk_water	3.6300429184549352	0.00064176287776805598
Bulk_water	3.6339771101573675	0.00060700979472848521
Bulk_water	3.6379113018597993	0.00056976395770437548
Bulk_water	3.6418454935622315	0.00053163824334103772
Bulk_water	3.6457796852646633	0.0004940673415279015
Bulk_water	3.6497138769670956	0.00046138358800220281
Bulk_water	3.6536480686695274	0.00042718509463389318
Bulk_water	3.6575822603719597	0.00039559353769049729
Bulk_water	3.6615164520743915	0.00036805218947313413
Bulk_water	3.6654506437768237	0.00034514742521275245
Bulk_water	3.6693848354792555	0.00031923591067182567
Bulk_water	3.6733190271816878	0.00029822284224997908
Bulk_water	3.6772532188841196	0.00028109224756032818
Bulk_water	3.6811874105865519	0.00026828698949019324
Bulk_water	3.6851216022889837	0.00025169958003682844
Bulk_water	3.6890557939914159	0.00023655635322908039
Bulk_water	3.6929899856938482	0.0002212367565197821
Bulk_water	3.69692417739628	0.000206661266850783
Bulk_water	3.7008583690987122	0.00019345062379793078
Bulk_water	3.7047925608011441	0.00018020160536814638
Bulk_water	3.7087267525035763	0.0001674749223863992
Bulk_water	3.7126609442060081	0.00015516767932052767
Bulk_water	3.7165951359084404	0.00014619191813523906
Bulk_water	3.7205293276108722	0.00013612841843266759
Bulk_water	3.7244635193133044	0.00012746042857717625
Bulk_water	3.7283977110157362	0.00011974033459304452
Bulk_water	3.7323319027181685	0.00010942777102875126
Bulk_water	3.7362660944206003	0.00010175022732712584
Bulk_water	3.7402002861230326	9.4867831811643258e-05
Bulk_water	3.7441344778254644	8.8369099497710615e-05
Bulk_water	3.7480686695278966	8.1731729386946451e-05
Bulk_water	3.7520028612303284	7.5545166031168912e-05
Bulk_water	3.7559370529327607	7.0803866158388604e-05
Bulk_water	3.759871244635193	6.6392388200483488e-05
Bulk_water	3.7638054363376248	6.3998637988183069e-05
Bulk_water	3.767739628040057	6.0715844987793343e-05
Bulk_water	3.7716738197424888	5.6548330399950578e-05
Bulk_water	3.7756080114449211	5.2813934359531346e-05
Bulk_water	3.7795422031473529	4.8648718880606477e-05
Bulk_water	3.7834763948497852	4.4324367004836404e-05
Bulk_water	3.787410586552217	4.1566863975421494e-05
Bulk_water	3.7913447782546492	3.9700483869435584e-05
Bulk_water	3.795278969957081	3.7730908382552175e-05
Bulk_water	3.7992131616595133	3.538459800161614e-05
Bulk_water	3.8031473533619451	3.2920575978478437e-05
Bulk_water	3.8070815450643773	3.1213866589738351e-05
Bulk_water	3.8110157367668092	2.9883483989188362e-05
Bulk_water	3.8149499284692414	2.8159608324536089e-05
Bulk_water	3.8188841201716732	2.6007913163075311e-05
Bulk_water	3.8228183118741055	2.3618933327237287e-05
Bulk_water	3.8267525035765373	2.1335004989524627e-05
Bulk_water	3.8306866952789695	1.9220813535805737e-05
Bulk_water	3.8346208869814018	1.7680252422818609e-05
Bulk_water	3.8385550786838336	1.5912222208325324e-05
Bulk_water	3.8424892703862659	1.4639514620550316e-05
Bulk_water	3.8464234620886977	1.3020169527777237e-05
Bulk_water	3.8503576537911299	1.2093635402222109e-05
Bulk_water	3.8542918454935617	1.1365220128772866e-05
Bulk_water	3.858226037195994	1.0673228583611131e-05
Bulk_water	3.8621602288984258	1.0089227807815617e-05
Bulk_water	3.8660944206008581	9.8864433059520394e-06
Bulk_water	3.8700286123032899	9.0035682913346466e-06
Bulk_water	3.8739628040057221	8.3391726069091591e-06
Bulk_water	3.8778969957081539	7.7759246490150352e-06
Bulk_water	3.8818311874105862	7.619737929106732e-06
Bulk_water	3.885765379113018	7.3967593062940488e-06
Bulk_water	3.8896995708154503	6.8773857963902511e-06
Bulk_water	3.8936337625178821	6.567122644308097e-06
Bulk_water	3.8975679542203143	6.0657374947340625e-06
Bulk_water	3.9015021459227461	5.3159457382454633e-06
Bulk_water	3.9054363376251784	4.8133993613076314e-06
Bulk_water	3.9093705293276106	4.4092031965794004e-06
Bulk_water	3.9133047210300425	4.306508461600755e-06
Bulk_water	3.9172389127324747	3.7408894344723615e-06
Bulk_water	3.9211731044349065	3.3834612751142742e-06
Bulk_water	3.9251072961373388	2.9305378879328827e-06
Bulk_water	3.9290414878397706	3.0580962749414215e-06
Bulk_water	3.9329756795422028	3.1822096761574466e-06
Bulk_water	3.9369098712446347	3.0757833795886191e-06
Bulk_water	3.9408440629470669	2.9935331196747394e-06
Bulk_water	3.9447782546494987	2.7659434964795865e-06
Bulk_water	3.948712446351931	2.3314388816439248e-06
Bulk_water	3.9526466380543628	2.0851581136670562e-06
Bulk_water	3.956580829756795	1.512141984275252e-06
Bulk_water	3.9605150214592268	1.2325596482464038e-06
Bulk_water	3.9644492131616591	1.0647911349370187e-06
Bulk_water	3.9683834048640909	9.4439370678883389e-07
Bulk_water	3.9723175965665232	9.6815929537346926e-07
Bulk_water	3.9762517882689554	9.2299287237313217e-07
Bulk_water	3.9801859799713872	1.023830285173555e-06
Bulk_water	3.9841201716738195	1.0601064251751443e-06
Bulk_water	3.9880543633762513	1.0368612116171391e-06
Bulk_water	3.9919885550786836	1.2221004812497983e-06
Bulk_water	3.9959227467811154	1.283222542624901e-06
Bulk_water	3.9998569384835476	1.3003161533269756e-06
Bulk_water	4.003791130185979	1.1345379399016348e-06
Bulk_water	4.0077253218884117	9.6543132495048724e-07
Bulk_water	4.0116595135908435	9.899966219547789e-07
Bulk_water	4.0155937052932753	8.7381211196433451e-07
Bulk_water	4.019527896995708	9.272947143580838e-07
Bulk_water	4.0234620886981398	9.56916642725764e-07
Bulk_water	4.0273962804005716	6.0460669630877256e-07
Bulk_water	4.0313304721030043	5.6008206413525263e-07
Bulk_water	4.0352646638054352	4.5698159068369181e-07
Bulk_water	4.0391988555078679	4.1473943856410313e-07
Bulk_water	4.0431330472102998	3.8575195269695407e-07
Bulk_water	4.0470672389127316	3.5576116215796792e-07
Bulk_water	4.0510014306151643	3.7029437476548173e-07
Bulk_water	4.0549356223175961	3.803546987041263e-07
Bulk_water	4.0588698140200279	4.0711206816686817e-07
Bulk_water	4.0628040057224606	3.0845643789187153e-07
Bulk_water	4.0667381974248924	2.860537803710306e-07
Bulk_water	4.0706723891273242	1.8665829116038219e-07
Bulk_water	4.0746065808297569	1.5781068380804124e-07
Bulk_water	4.0785407725321878	1.4630252317521753e-07
Bulk_water	4.0824749642346205	2.170577756978216e-07
Bulk_water	4.0864091559370523	3.2532149898153335e-07
Bulk_water	4.0903433476394842	4.4867410126222235e-07
Bulk_water	4.0942775393419168	6.3838800408043054e-07
Bulk_water	4.0982117310443487	3.6389251942479628e-07
Bulk_water	4.1021459227467805	4.9507671995513232e-07
Bulk_water	4.1060801144492132	1.6737645985079279e-07
Bulk_water	4.1100143061516441	1.5939197313319131e-07
Bulk_water	4.1139484978540768	1.6886477402552632e-07
Bulk_water	4.1178826895565095	1.8009794813828647e-07
Bulk_water	4.1218168812589404	2.2503018744993976e-07
Bulk_water	4.1257510729613731	2.6991549027008045e-07
Bulk_water	4.1296852646638049	5.8368823132978996e-08
Bulk_water	4.1336194563662367	5.8537205399880687e-08
Bulk_water	4.1375536480686694	4.6562778808911601e-08
Bulk_water	4.1414878397711012	6.1270096134196326e-08
Bulk_water	4.1454220314735331	1.5628218505722571e-07
Bulk_water	4.1493562231759658	2.3028282574638248e-07
Bulk_water	4.1532904148783967	3.2995641099268087e-07
Bulk_water	4.1572246065808294	4.553844797205202e-07
Bulk_water	4.1611587982832612	1.6790269268105929e-07
Bulk_water	4.165092989985693	2.810765467983511e-07
Bulk_water	4.1690271816881257	4.1056979136329252e-07
Bulk_water	4.1729613733905575	5.5910762523843935e-07
Bulk_water	4.1768955650929893	4.2195970494643913e-07
Bulk_water	4.180829756795422	4.9798320839767785e-07
Bulk_water	4.1847639484978529	5.7912275627514696e-07
Bulk_water	4.1886981402002856	2.2669654062232099e-07
Bulk_water	4.1926323319027183	1.1693179790400032e-07
Bulk_water	4.1965665236051493	8.0798698450428167e-09
Bulk_water	4.200500715307582	0
Bulk_water	4.2044349070100138	0
Bulk_water	4.2083690987124456	0
Bulk_water	4.2123032904148783	0
Bulk_water	4.2162374821173101	0
Bulk_water	4.2201716738197419	0
Bulk_water	4.2241058655221746	0
Bulk_water	4.2280400572246055	0
Bulk_water	4.2319742489270382	0
Bulk_water	4.23590844062947	0
Bulk_water	4.2398426323319018	0
Bulk_water	4.2437768240343345	0
Bulk_water	4.2477110157367663	0
Bulk_water	4.2516452074391982	0
Bulk_water	4.2555793991416309	0
Bulk_water	4.2595135908440618	0
Bulk_water	4.2634477825464945	0
Bulk_water	4.2673819742489272	0
Bulk_water	4.2713161659513581	0
Bulk_water	4.2752503576537908	0
Bulk_water	4.2791845493562226	0
Bulk_water	4.2831187410586544	0
Bulk_water	4.2870529327610871	0
Bulk_water	4.2909871244635189	8.11733985117894e-08
Bulk_water	4.2949213161659507	2.7861933792017638e-07
Bulk_water	4.2988555078683834	5.2114451497713169e-07
Bulk_water	4.3027896995708144	8.0817867745649337e-07
Bulk_water	4.3067238912732471	1.1368207141821136e-06
Bulk_water	4.3106580829756789	0
Bulk_water	4.3145922746781107	0
Bulk_water	4.3185264663805434	0
Bulk_water	4.3224606580829752	0
Bulk_water	4.326394849785407	0
Bulk_water	4.3303290414878397	0
Bulk_water	4.3342632331902715	0
Bulk_water	4.3381974248927033	0
Bulk_water	4.342131616595136	0
Bulk_water	4.3460658082975669	0
Bulk_water	4.3499999999999996	0
